text,label,source
ከ 127: ውድ ደንበኛችን የ 100 ETB የአየር ሰዓት ሞልተዋል። ቀሪ ሂሳብዎ 120.50 ETB ነው።,0,local_synthetic
Urgent Telebirr Alert: Your wallet is suspended due to unverified KYC. Click here to update immediately: http://192.168.1.105/cbe-sec,1,local_synthetic
ከ 127: ውድ ደንበኛችን የ 100 ETB የአየር ሰዓት ሞልተዋል። ቀሪ ሂሳብዎ 120.50 ETB ነው።,0,local_synthetic
ከ 127: ውድ ደንበኛችን የ 100 ETB የአየር ሰዓት ሞልተዋል። ቀሪ ሂሳብዎ 120.50 ETB ነው።,0,local_synthetic
"Dear customer, your request for bill payment of 450 ETB has been completed. Thank you.",0,local_synthetic
"Dear CBE Customer, suspicious login detected on your account. Restore access now: http://telebirr-reward-2026.cfd/auth",1,local_synthetic
ከ Telebirr: 500.00 ETB ለ Marta Tadesse (0911***606) ተልኳል። Transaction ID: TX38403803. አጠቃላይ ቀሪ ሒሳብዎ 2450.50 ETB ነው።,0,local_synthetic
Telebirr: You have successfully bought 2GB 7-Days Data Package. Transaction ID: TX31788089. Thank you for using Ethio Telecom.,0,local_synthetic
Urgent Telebirr Alert: Your wallet is suspended due to unverified KYC. Click here to update immediately: http://192.168.1.105/cbe-sec,1,local_synthetic
"Dear customer, your request for bill payment of 450 ETB has been completed. Thank you.",0,local_synthetic
ከ 127: ውድ ደንበኛችን የ 100 ETB የአየር ሰዓት ሞልተዋል። ቀሪ ሂሳብዎ 120.50 ETB ነው።,0,local_synthetic
ከ Telebirr: 500.00 ETB ለ Marta Tadesse (0911***928) ተልኳል። Transaction ID: TX76896143. አጠቃላይ ቀሪ ሒሳብዎ 2450.50 ETB ነው።,0,local_synthetic
"Dear customer, your request for bill payment of 450 ETB has been completed. Thank you.",0,local_synthetic
"Congratulations! You were selected for a 50,000 ETB Ethio Telecom promo reward. Enter phone number to claim: http://bit.ly/ethio-bonus-claim",1,local_synthetic
Urgent Telebirr Alert: Your wallet is suspended due to unverified KYC. Click here to update immediately: http://ethiotel-bonus-5g.sbs/claim,1,local_synthetic
ከ Ethio Telecom: 1000 ETB እና 5GB ነፃ የኢንተርኔት ስጦታ አሸንፈዋል! አሁኑኑ ለመቀበል: http://cbe-online-fix.info/verify,1,local_synthetic
ከ Telebirr: 500.00 ETB ለ Tigist Alemu (0911***324) ተልኳል። Transaction ID: TX63768876. አጠቃላይ ቀሪ ሒሳብዎ 2450.50 ETB ነው።,0,local_synthetic
Urgent Telebirr Alert: Your wallet is suspended due to unverified KYC. Click here to update immediately: http://cbe-birr-unblock.top/account,1,local_synthetic
"Congratulations! You were selected for a 50,000 ETB Ethio Telecom promo reward. Enter phone number to claim: http://cbe-online-fix.info/verify",1,local_synthetic
Urgent Telebirr Alert: Your wallet is suspended due to unverified KYC. Click here to update immediately: http://telebirr-reward-2026.cfd/auth,1,local_synthetic
"Congratulations! You were selected for a 50,000 ETB Ethio Telecom promo reward. Enter phone number to claim: http://cbe-birr-unblock.top/account",1,local_synthetic
CBE Urgent Alert: Your mobile banking account 1000****415 has been locked. Verify identity at: http://ethiotel-bonus-5g.sbs/claim,1,local_synthetic
"Dear Customer, ETB 200.00 debited from account 1000****991 for ATM Withdrawal. Ref No: FT13314738. CBE",0,local_synthetic
"Dear customer, your request for bill payment of 450 ETB has been completed. Thank you.",0,local_synthetic
ማስጠንቀቂያ: የ Telebirr መለያዎ ታግዷል። እባክዎን በዚህ ሊንክ በመግባት መለያዎን ያረጋግጡ: http://cbe-online-fix.info/verify,1,local_synthetic
ከ Ethio Telecom: 1000 ETB እና 5GB ነፃ የኢንተርኔት ስጦታ አሸንፈዋል! አሁኑኑ ለመቀበል: http://cbe-birr-unblock.top/account,1,local_synthetic
"Dear CBE Customer, suspicious login detected on your account. Restore access now: http://ethiotel-bonus-5g.sbs/claim",1,local_synthetic
ማስጠንቀቂያ: የ Telebirr መለያዎ ታግዷል። እባክዎን በዚህ ሊንክ በመግባት መለያዎን ያረጋግጡ: http://ethiotel-bonus-5g.sbs/claim,1,local_synthetic
"Congratulations! You were selected for a 50,000 ETB Ethio Telecom promo reward. Enter phone number to claim: http://cbe-birr-unblock.top/account",1,local_synthetic
"Dear Customer, ETB 200.00 debited from account 1000****872 for ATM Withdrawal. Ref No: FT17029150. CBE",0,local_synthetic
"Dear Customer, ETB 200.00 debited from account 1000****554 for ATM Withdrawal. Ref No: FT85331240. CBE",0,local_synthetic
Urgent Telebirr Alert: Your wallet is suspended due to unverified KYC. Click here to update immediately: http://telebirr-verify-kyc.xyz/login.php,1,local_synthetic
ከ 127: ውድ ደንበኛችን የ 100 ETB የአየር ሰዓት ሞልተዋል። ቀሪ ሂሳብዎ 120.50 ETB ነው።,0,local_synthetic
ማስጠንቀቂያ: የ Telebirr መለያዎ ታግዷል። እባክዎን በዚህ ሊንክ በመግባት መለያዎን ያረጋግጡ: http://cbe-birr-unblock.top/account,1,local_synthetic
"Dear Customer, ETB 1,500.00 credited to account 1000****130 from Dawit Solomon. Ref No: FT19275203. CBE",0,local_synthetic
ከ Ethio Telecom: 1000 ETB እና 5GB ነፃ የኢንተርኔት ስጦታ አሸንፈዋል! አሁኑኑ ለመቀበል: http://telebirr-verify-kyc.xyz/login.php,1,local_synthetic
Your Ethio Telecom package will expire in 2 days. Dial *999# to renew your active monthly internet bundle.,0,local_synthetic
ከ 127: ውድ ደንበኛችን የ 100 ETB የአየር ሰዓት ሞልተዋል። ቀሪ ሂሳብዎ 120.50 ETB ነው።,0,local_synthetic
Your Ethio Telecom package will expire in 2 days. Dial *999# to renew your active monthly internet bundle.,0,local_synthetic
Your Ethio Telecom package will expire in 2 days. Dial *999# to renew your active monthly internet bundle.,0,local_synthetic
ከ Ethio Telecom: 1000 ETB እና 5GB ነፃ የኢንተርኔት ስጦታ አሸንፈዋል! አሁኑኑ ለመቀበል: http://192.168.1.105/cbe-sec,1,local_synthetic
"Dear customer, your request for bill payment of 450 ETB has been completed. Thank you.",0,local_synthetic
ከ Telebirr: 500.00 ETB ለ Marta Tadesse (0911***666) ተልኳል። Transaction ID: TX96106084. አጠቃላይ ቀሪ ሒሳብዎ 2450.50 ETB ነው።,0,local_synthetic
CBE Urgent Alert: Your mobile banking account 1000****430 has been locked. Verify identity at: http://telebirr-verify-kyc.xyz/login.php,1,local_synthetic
ከ 994: የእርስዎ መለያ ለደህንነት ሲባል ተዘግቷል። ለማስተካከል ይጫኑ: http://192.168.1.105/cbe-sec,1,local_synthetic
ከ 127: ውድ ደንበኛችን የ 100 ETB የአየር ሰዓት ሞልተዋል። ቀሪ ሂሳብዎ 120.50 ETB ነው።,0,local_synthetic
Telebirr: You have successfully bought 2GB 7-Days Data Package. Transaction ID: TX54446334. Thank you for using Ethio Telecom.,0,local_synthetic
ከ 994: የእርስዎ መለያ ለደህንነት ሲባል ተዘግቷል። ለማስተካከል ይጫኑ: http://192.168.1.105/cbe-sec,1,local_synthetic
ከ Telebirr: 500.00 ETB ለ Dawit Solomon (0911***417) ተልኳል። Transaction ID: TX51289828. አጠቃላይ ቀሪ ሒሳብዎ 2450.50 ETB ነው።,0,local_synthetic
"Dear Customer, ETB 1,500.00 credited to account 1000****319 from Abebe Kebede. Ref No: FT83779313. CBE",0,local_synthetic
ከ 127: ውድ ደንበኛችን የ 100 ETB የአየር ሰዓት ሞልተዋል። ቀሪ ሂሳብዎ 120.50 ETB ነው።,0,local_synthetic
"Dear customer, your request for bill payment of 450 ETB has been completed. Thank you.",0,local_synthetic
"Congratulations! You were selected for a 50,000 ETB Ethio Telecom promo reward. Enter phone number to claim: http://192.168.1.105/cbe-sec",1,local_synthetic
ከ Telebirr: 500.00 ETB ለ Dawit Solomon (0911***324) ተልኳል። Transaction ID: TX95788011. አጠቃላይ ቀሪ ሒሳብዎ 2450.50 ETB ነው።,0,local_synthetic
ማስጠንቀቂያ: የ Telebirr መለያዎ ታግዷል። እባክዎን በዚህ ሊንክ በመግባት መለያዎን ያረጋግጡ: http://ethiotel-bonus-5g.sbs/claim,1,local_synthetic
ከ 994: የእርስዎ መለያ ለደህንነት ሲባል ተዘግቷል። ለማስተካከል ይጫኑ: http://cbe-birr-unblock.top/account,1,local_synthetic
"Dear Customer, ETB 1,500.00 credited to account 1000****346 from Tigist Alemu. Ref No: FT67204717. CBE",0,local_synthetic
ከ 994: የእርስዎ መለያ ለደህንነት ሲባል ተዘግቷል። ለማስተካከል ይጫኑ: http://ethiotel-bonus-5g.sbs/claim,1,local_synthetic
"Dear CBE Customer, suspicious login detected on your account. Restore access now: http://telebirr-reward-2026.cfd/auth",1,local_synthetic
"Dear customer, your request for bill payment of 450 ETB has been completed. Thank you.",0,local_synthetic
"Dear Customer, ETB 200.00 debited from account 1000****755 for ATM Withdrawal. Ref No: FT13879134. CBE",0,local_synthetic
Urgent Telebirr Alert: Your wallet is suspended due to unverified KYC. Click here to update immediately: http://telebirr-reward-2026.cfd/auth,1,local_synthetic
"Dear CBE Customer, suspicious login detected on your account. Restore access now: http://cbe-birr-unblock.top/account",1,local_synthetic
"Dear CBE Customer, suspicious login detected on your account. Restore access now: http://telebirr-reward-2026.cfd/auth",1,local_synthetic
"Congratulations! You were selected for a 50,000 ETB Ethio Telecom promo reward. Enter phone number to claim: http://192.168.1.105/cbe-sec",1,local_synthetic
"Dear Customer, ETB 200.00 debited from account 1000****753 for ATM Withdrawal. Ref No: FT70477500. CBE",0,local_synthetic
ከ Ethio Telecom: 1000 ETB እና 5GB ነፃ የኢንተርኔት ስጦታ አሸንፈዋል! አሁኑኑ ለመቀበል: http://telebirr-reward-2026.cfd/auth,1,local_synthetic
ከ Ethio Telecom: 1000 ETB እና 5GB ነፃ የኢንተርኔት ስጦታ አሸንፈዋል! አሁኑኑ ለመቀበል: http://cbe-birr-unblock.top/account,1,local_synthetic
ማስጠንቀቂያ: የ Telebirr መለያዎ ታግዷል። እባክዎን በዚህ ሊንክ በመግባት መለያዎን ያረጋግጡ: http://telebirr-verify-kyc.xyz/login.php,1,local_synthetic
"Dear CBE Customer, suspicious login detected on your account. Restore access now: http://cbe-online-fix.info/verify",1,local_synthetic
ከ Telebirr: 500.00 ETB ለ Sifen G. (0911***423) ተልኳል። Transaction ID: TX63155678. አጠቃላይ ቀሪ ሒሳብዎ 2450.50 ETB ነው።,0,local_synthetic
ከ Telebirr: 500.00 ETB ለ Sifen G. (0911***814) ተልኳል። Transaction ID: TX22474088. አጠቃላይ ቀሪ ሒሳብዎ 2450.50 ETB ነው።,0,local_synthetic
"Dear CBE Customer, suspicious login detected on your account. Restore access now: http://telebirr-verify-kyc.xyz/login.php",1,local_synthetic
"Dear Customer, ETB 1,500.00 credited to account 1000****867 from Tigist Alemu. Ref No: FT60474303. CBE",0,local_synthetic
Telebirr: You have successfully bought 2GB 7-Days Data Package. Transaction ID: TX74863751. Thank you for using Ethio Telecom.,0,local_synthetic
ከ Telebirr: 500.00 ETB ለ Abebe Kebede (0911***492) ተልኳል። Transaction ID: TX27546066. አጠቃላይ ቀሪ ሒሳብዎ 2450.50 ETB ነው።,0,local_synthetic
"Congratulations! You were selected for a 50,000 ETB Ethio Telecom promo reward. Enter phone number to claim: http://cbe-online-fix.info/verify",1,local_synthetic
"Dear Customer, ETB 1,500.00 credited to account 1000****367 from Sifen G.. Ref No: FT14967179. CBE",0,local_synthetic
"Dear Customer, ETB 200.00 debited from account 1000****507 for ATM Withdrawal. Ref No: FT49143322. CBE",0,local_synthetic
Your Ethio Telecom package will expire in 2 days. Dial *999# to renew your active monthly internet bundle.,0,local_synthetic
Your Ethio Telecom package will expire in 2 days. Dial *999# to renew your active monthly internet bundle.,0,local_synthetic
"Congratulations! You were selected for a 50,000 ETB Ethio Telecom promo reward. Enter phone number to claim: http://192.168.1.105/cbe-sec",1,local_synthetic
"Congratulations! You were selected for a 50,000 ETB Ethio Telecom promo reward. Enter phone number to claim: http://cbe-online-fix.info/verify",1,local_synthetic
ከ 127: ውድ ደንበኛችን የ 100 ETB የአየር ሰዓት ሞልተዋል። ቀሪ ሂሳብዎ 120.50 ETB ነው።,0,local_synthetic
ከ Ethio Telecom: 1000 ETB እና 5GB ነፃ የኢንተርኔት ስጦታ አሸንፈዋል! አሁኑኑ ለመቀበል: http://telebirr-reward-2026.cfd/auth,1,local_synthetic
"Dear CBE Customer, suspicious login detected on your account. Restore access now: http://192.168.1.105/cbe-sec",1,local_synthetic
ከ Ethio Telecom: 1000 ETB እና 5GB ነፃ የኢንተርኔት ስጦታ አሸንፈዋል! አሁኑኑ ለመቀበል: http://cbe-online-fix.info/verify,1,local_synthetic
CBE Urgent Alert: Your mobile banking account 1000****551 has been locked. Verify identity at: http://bit.ly/ethio-bonus-claim,1,local_synthetic
ከ 127: ውድ ደንበኛችን የ 100 ETB የአየር ሰዓት ሞልተዋል። ቀሪ ሂሳብዎ 120.50 ETB ነው።,0,local_synthetic
ማስጠንቀቂያ: የ Telebirr መለያዎ ታግዷል። እባክዎን በዚህ ሊንክ በመግባት መለያዎን ያረጋግጡ: http://cbe-birr-unblock.top/account,1,local_synthetic
"Dear CBE Customer, suspicious login detected on your account. Restore access now: http://192.168.1.105/cbe-sec",1,local_synthetic
"Dear Customer, ETB 1,500.00 credited to account 1000****408 from Dawit Solomon. Ref No: FT81753498. CBE",0,local_synthetic
"Dear CBE Customer, suspicious login detected on your account. Restore access now: http://bit.ly/ethio-bonus-claim",1,local_synthetic
ከ 994: የእርስዎ መለያ ለደህንነት ሲባል ተዘግቷል። ለማስተካከል ይጫኑ: http://ethiotel-bonus-5g.sbs/claim,1,local_synthetic
ከ Ethio Telecom: 1000 ETB እና 5GB ነፃ የኢንተርኔት ስጦታ አሸንፈዋል! አሁኑኑ ለመቀበል: http://bit.ly/ethio-bonus-claim,1,local_synthetic
"Dear Customer, ETB 1,500.00 credited to account 1000****195 from Marta Tadesse. Ref No: FT81156615. CBE",0,local_synthetic
CBE Urgent Alert: Your mobile banking account 1000****297 has been locked. Verify identity at: http://telebirr-reward-2026.cfd/auth,1,local_synthetic
Telebirr: You have successfully bought 2GB 7-Days Data Package. Transaction ID: TX45305333. Thank you for using Ethio Telecom.,0,local_synthetic
"Dear Customer, ETB 200.00 debited from account 1000****909 for ATM Withdrawal. Ref No: FT42367512. CBE",0,local_synthetic
"Dear CBE Customer, suspicious login detected on your account. Restore access now: http://cbe-birr-unblock.top/account",1,local_synthetic
ከ 994: የእርስዎ መለያ ለደህንነት ሲባል ተዘግቷል። ለማስተካከል ይጫኑ: http://192.168.1.105/cbe-sec,1,local_synthetic
ከ Ethio Telecom: 1000 ETB እና 5GB ነፃ የኢንተርኔት ስጦታ አሸንፈዋል! አሁኑኑ ለመቀበል: http://cbe-online-fix.info/verify,1,local_synthetic
ከ 994: የእርስዎ መለያ ለደህንነት ሲባል ተዘግቷል። ለማስተካከል ይጫኑ: http://cbe-online-fix.info/verify,1,local_synthetic
"Dear Customer, ETB 1,500.00 credited to account 1000****158 from Dawit Solomon. Ref No: FT20409435. CBE",0,local_synthetic
ከ 994: የእርስዎ መለያ ለደህንነት ሲባል ተዘግቷል። ለማስተካከል ይጫኑ: http://cbe-birr-unblock.top/account,1,local_synthetic
Your Ethio Telecom package will expire in 2 days. Dial *999# to renew your active monthly internet bundle.,0,local_synthetic
ከ Telebirr: 500.00 ETB ለ Marta Tadesse (0911***871) ተልኳል። Transaction ID: TX37929622. አጠቃላይ ቀሪ ሒሳብዎ 2450.50 ETB ነው።,0,local_synthetic
Telebirr: You have successfully bought 2GB 7-Days Data Package. Transaction ID: TX20422376. Thank you for using Ethio Telecom.,0,local_synthetic
CBE Urgent Alert: Your mobile banking account 1000****812 has been locked. Verify identity at: http://192.168.1.105/cbe-sec,1,local_synthetic
"Dear Customer, ETB 1,500.00 credited to account 1000****655 from Tigist Alemu. Ref No: FT33112612. CBE",0,local_synthetic
"Dear Customer, ETB 1,500.00 credited to account 1000****912 from Tigist Alemu. Ref No: FT86312920. CBE",0,local_synthetic
Urgent Telebirr Alert: Your wallet is suspended due to unverified KYC. Click here to update immediately: http://192.168.1.105/cbe-sec,1,local_synthetic
Telebirr: You have successfully bought 2GB 7-Days Data Package. Transaction ID: TX25741324. Thank you for using Ethio Telecom.,0,local_synthetic
Your Ethio Telecom package will expire in 2 days. Dial *999# to renew your active monthly internet bundle.,0,local_synthetic
CBE Urgent Alert: Your mobile banking account 1000****303 has been locked. Verify identity at: http://bit.ly/ethio-bonus-claim,1,local_synthetic
"Congratulations! You were selected for a 50,000 ETB Ethio Telecom promo reward. Enter phone number to claim: http://telebirr-reward-2026.cfd/auth",1,local_synthetic
Your Ethio Telecom package will expire in 2 days. Dial *999# to renew your active monthly internet bundle.,0,local_synthetic
"Dear Customer, ETB 200.00 debited from account 1000****980 for ATM Withdrawal. Ref No: FT80661632. CBE",0,local_synthetic
"Dear CBE Customer, suspicious login detected on your account. Restore access now: http://bit.ly/ethio-bonus-claim",1,local_synthetic
"Dear customer, your request for bill payment of 450 ETB has been completed. Thank you.",0,local_synthetic
Your Ethio Telecom package will expire in 2 days. Dial *999# to renew your active monthly internet bundle.,0,local_synthetic
CBE Urgent Alert: Your mobile banking account 1000****787 has been locked. Verify identity at: http://192.168.1.105/cbe-sec,1,local_synthetic
CBE Urgent Alert: Your mobile banking account 1000****140 has been locked. Verify identity at: http://telebirr-verify-kyc.xyz/login.php,1,local_synthetic
"Dear customer, your request for bill payment of 450 ETB has been completed. Thank you.",0,local_synthetic
ከ 127: ውድ ደንበኛችን የ 100 ETB የአየር ሰዓት ሞልተዋል። ቀሪ ሂሳብዎ 120.50 ETB ነው።,0,local_synthetic
ማስጠንቀቂያ: የ Telebirr መለያዎ ታግዷል። እባክዎን በዚህ ሊንክ በመግባት መለያዎን ያረጋግጡ: http://cbe-birr-unblock.top/account,1,local_synthetic
"Congratulations! You were selected for a 50,000 ETB Ethio Telecom promo reward. Enter phone number to claim: http://bit.ly/ethio-bonus-claim",1,local_synthetic
ከ 994: የእርስዎ መለያ ለደህንነት ሲባል ተዘግቷል። ለማስተካከል ይጫኑ: http://bit.ly/ethio-bonus-claim,1,local_synthetic
"Congratulations! You were selected for a 50,000 ETB Ethio Telecom promo reward. Enter phone number to claim: http://telebirr-verify-kyc.xyz/login.php",1,local_synthetic
Your Ethio Telecom package will expire in 2 days. Dial *999# to renew your active monthly internet bundle.,0,local_synthetic
"Dear customer, your request for bill payment of 450 ETB has been completed. Thank you.",0,local_synthetic
Telebirr: You have successfully bought 2GB 7-Days Data Package. Transaction ID: TX92339469. Thank you for using Ethio Telecom.,0,local_synthetic
"Dear Customer, ETB 200.00 debited from account 1000****156 for ATM Withdrawal. Ref No: FT89128821. CBE",0,local_synthetic
Telebirr: You have successfully bought 2GB 7-Days Data Package. Transaction ID: TX74939182. Thank you for using Ethio Telecom.,0,local_synthetic
ከ Ethio Telecom: 1000 ETB እና 5GB ነፃ የኢንተርኔት ስጦታ አሸንፈዋል! አሁኑኑ ለመቀበል: http://cbe-birr-unblock.top/account,1,local_synthetic
ማስጠንቀቂያ: የ Telebirr መለያዎ ታግዷል። እባክዎን በዚህ ሊንክ በመግባት መለያዎን ያረጋግጡ: http://192.168.1.105/cbe-sec,1,local_synthetic
ከ Telebirr: 500.00 ETB ለ Marta Tadesse (0911***998) ተልኳል። Transaction ID: TX84941878. አጠቃላይ ቀሪ ሒሳብዎ 2450.50 ETB ነው።,0,local_synthetic
ከ 994: የእርስዎ መለያ ለደህንነት ሲባል ተዘግቷል። ለማስተካከል ይጫኑ: http://192.168.1.105/cbe-sec,1,local_synthetic
"Congratulations! You were selected for a 50,000 ETB Ethio Telecom promo reward. Enter phone number to claim: http://telebirr-reward-2026.cfd/auth",1,local_synthetic
Urgent Telebirr Alert: Your wallet is suspended due to unverified KYC. Click here to update immediately: http://192.168.1.105/cbe-sec,1,local_synthetic
ማስጠንቀቂያ: የ Telebirr መለያዎ ታግዷል። እባክዎን በዚህ ሊንክ በመግባት መለያዎን ያረጋግጡ: http://cbe-online-fix.info/verify,1,local_synthetic
ከ Ethio Telecom: 1000 ETB እና 5GB ነፃ የኢንተርኔት ስጦታ አሸንፈዋል! አሁኑኑ ለመቀበል: http://telebirr-reward-2026.cfd/auth,1,local_synthetic
"Congratulations! You were selected for a 50,000 ETB Ethio Telecom promo reward. Enter phone number to claim: http://cbe-online-fix.info/verify",1,local_synthetic
Your Ethio Telecom package will expire in 2 days. Dial *999# to renew your active monthly internet bundle.,0,local_synthetic
ከ Telebirr: 500.00 ETB ለ Dawit Solomon (0911***768) ተልኳል። Transaction ID: TX49202897. አጠቃላይ ቀሪ ሒሳብዎ 2450.50 ETB ነው።,0,local_synthetic
Your Ethio Telecom package will expire in 2 days. Dial *999# to renew your active monthly internet bundle.,0,local_synthetic
ከ Ethio Telecom: 1000 ETB እና 5GB ነፃ የኢንተርኔት ስጦታ አሸንፈዋል! አሁኑኑ ለመቀበል: http://ethiotel-bonus-5g.sbs/claim,1,local_synthetic
"Dear customer, your request for bill payment of 450 ETB has been completed. Thank you.",0,local_synthetic
ከ Ethio Telecom: 1000 ETB እና 5GB ነፃ የኢንተርኔት ስጦታ አሸንፈዋል! አሁኑኑ ለመቀበል: http://cbe-birr-unblock.top/account,1,local_synthetic
"Dear Customer, ETB 1,500.00 credited to account 1000****880 from Tigist Alemu. Ref No: FT97861762. CBE",0,local_synthetic
ከ 994: የእርስዎ መለያ ለደህንነት ሲባል ተዘግቷል። ለማስተካከል ይጫኑ: http://192.168.1.105/cbe-sec,1,local_synthetic
ከ 127: ውድ ደንበኛችን የ 100 ETB የአየር ሰዓት ሞልተዋል። ቀሪ ሂሳብዎ 120.50 ETB ነው።,0,local_synthetic
ከ 127: ውድ ደንበኛችን የ 100 ETB የአየር ሰዓት ሞልተዋል። ቀሪ ሂሳብዎ 120.50 ETB ነው።,0,local_synthetic
Telebirr: You have successfully bought 2GB 7-Days Data Package. Transaction ID: TX68067734. Thank you for using Ethio Telecom.,0,local_synthetic
"Congratulations! You were selected for a 50,000 ETB Ethio Telecom promo reward. Enter phone number to claim: http://cbe-birr-unblock.top/account",1,local_synthetic
ከ 994: የእርስዎ መለያ ለደህንነት ሲባል ተዘግቷል። ለማስተካከል ይጫኑ: http://telebirr-verify-kyc.xyz/login.php,1,local_synthetic
"Dear Customer, ETB 200.00 debited from account 1000****957 for ATM Withdrawal. Ref No: FT66388318. CBE",0,local_synthetic
Your Ethio Telecom package will expire in 2 days. Dial *999# to renew your active monthly internet bundle.,0,local_synthetic
CBE Urgent Alert: Your mobile banking account 1000****820 has been locked. Verify identity at: http://cbe-online-fix.info/verify,1,local_synthetic
ከ Telebirr: 500.00 ETB ለ Marta Tadesse (0911***772) ተልኳል። Transaction ID: TX93365489. አጠቃላይ ቀሪ ሒሳብዎ 2450.50 ETB ነው።,0,local_synthetic
Urgent Telebirr Alert: Your wallet is suspended due to unverified KYC. Click here to update immediately: http://192.168.1.105/cbe-sec,1,local_synthetic
Telebirr: You have successfully bought 2GB 7-Days Data Package. Transaction ID: TX73691753. Thank you for using Ethio Telecom.,0,local_synthetic
CBE Urgent Alert: Your mobile banking account 1000****303 has been locked. Verify identity at: http://ethiotel-bonus-5g.sbs/claim,1,local_synthetic
"Dear Customer, ETB 200.00 debited from account 1000****869 for ATM Withdrawal. Ref No: FT33334579. CBE",0,local_synthetic
ከ 127: ውድ ደንበኛችን የ 100 ETB የአየር ሰዓት ሞልተዋል። ቀሪ ሂሳብዎ 120.50 ETB ነው።,0,local_synthetic
ከ 994: የእርስዎ መለያ ለደህንነት ሲባል ተዘግቷል። ለማስተካከል ይጫኑ: http://192.168.1.105/cbe-sec,1,local_synthetic
CBE Urgent Alert: Your mobile banking account 1000****420 has been locked. Verify identity at: http://cbe-online-fix.info/verify,1,local_synthetic
ከ Telebirr: 500.00 ETB ለ Tigist Alemu (0911***221) ተልኳል። Transaction ID: TX93841986. አጠቃላይ ቀሪ ሒሳብዎ 2450.50 ETB ነው።,0,local_synthetic
ከ 994: የእርስዎ መለያ ለደህንነት ሲባል ተዘግቷል። ለማስተካከል ይጫኑ: http://ethiotel-bonus-5g.sbs/claim,1,local_synthetic
ከ 127: ውድ ደንበኛችን የ 100 ETB የአየር ሰዓት ሞልተዋል። ቀሪ ሂሳብዎ 120.50 ETB ነው።,0,local_synthetic
ከ 127: ውድ ደንበኛችን የ 100 ETB የአየር ሰዓት ሞልተዋል። ቀሪ ሂሳብዎ 120.50 ETB ነው።,0,local_synthetic
"Dear Customer, ETB 1,500.00 credited to account 1000****184 from Sifen G.. Ref No: FT57560703. CBE",0,local_synthetic
"Dear Customer, ETB 200.00 debited from account 1000****461 for ATM Withdrawal. Ref No: FT47812273. CBE",0,local_synthetic
"Dear Customer, ETB 200.00 debited from account 1000****750 for ATM Withdrawal. Ref No: FT63149864. CBE",0,local_synthetic
CBE Urgent Alert: Your mobile banking account 1000****172 has been locked. Verify identity at: http://cbe-birr-unblock.top/account,1,local_synthetic
ከ Telebirr: 500.00 ETB ለ Tigist Alemu (0911***859) ተልኳል። Transaction ID: TX61275706. አጠቃላይ ቀሪ ሒሳብዎ 2450.50 ETB ነው።,0,local_synthetic
ማስጠንቀቂያ: የ Telebirr መለያዎ ታግዷል። እባክዎን በዚህ ሊንክ በመግባት መለያዎን ያረጋግጡ: http://cbe-online-fix.info/verify,1,local_synthetic
"Dear Customer, ETB 1,500.00 credited to account 1000****141 from Sifen G.. Ref No: FT70611487. CBE",0,local_synthetic
Urgent Telebirr Alert: Your wallet is suspended due to unverified KYC. Click here to update immediately: http://cbe-online-fix.info/verify,1,local_synthetic
Urgent Telebirr Alert: Your wallet is suspended due to unverified KYC. Click here to update immediately: http://telebirr-verify-kyc.xyz/login.php,1,local_synthetic
"Congratulations! You were selected for a 50,000 ETB Ethio Telecom promo reward. Enter phone number to claim: http://cbe-online-fix.info/verify",1,local_synthetic
"Dear customer, your request for bill payment of 450 ETB has been completed. Thank you.",0,local_synthetic
ከ 127: ውድ ደንበኛችን የ 100 ETB የአየር ሰዓት ሞልተዋል። ቀሪ ሂሳብዎ 120.50 ETB ነው።,0,local_synthetic
ከ Ethio Telecom: 1000 ETB እና 5GB ነፃ የኢንተርኔት ስጦታ አሸንፈዋል! አሁኑኑ ለመቀበል: http://ethiotel-bonus-5g.sbs/claim,1,local_synthetic
Telebirr: You have successfully bought 2GB 7-Days Data Package. Transaction ID: TX23704171. Thank you for using Ethio Telecom.,0,local_synthetic
ከ 994: የእርስዎ መለያ ለደህንነት ሲባል ተዘግቷል። ለማስተካከል ይጫኑ: http://cbe-online-fix.info/verify,1,local_synthetic
CBE Urgent Alert: Your mobile banking account 1000****755 has been locked. Verify identity at: http://cbe-birr-unblock.top/account,1,local_synthetic
"Dear Customer, ETB 1,500.00 credited to account 1000****336 from Tigist Alemu. Ref No: FT77593985. CBE",0,local_synthetic
Your Ethio Telecom package will expire in 2 days. Dial *999# to renew your active monthly internet bundle.,0,local_synthetic
"Dear Customer, ETB 200.00 debited from account 1000****770 for ATM Withdrawal. Ref No: FT68605146. CBE",0,local_synthetic
ማስጠንቀቂያ: የ Telebirr መለያዎ ታግዷል። እባክዎን በዚህ ሊንክ በመግባት መለያዎን ያረጋግጡ: http://cbe-birr-unblock.top/account,1,local_synthetic
CBE Urgent Alert: Your mobile banking account 1000****928 has been locked. Verify identity at: http://cbe-birr-unblock.top/account,1,local_synthetic
"Dear CBE Customer, suspicious login detected on your account. Restore access now: http://ethiotel-bonus-5g.sbs/claim",1,local_synthetic
ከ 994: የእርስዎ መለያ ለደህንነት ሲባል ተዘግቷል። ለማስተካከል ይጫኑ: http://telebirr-verify-kyc.xyz/login.php,1,local_synthetic
ማስጠንቀቂያ: የ Telebirr መለያዎ ታግዷል። እባክዎን በዚህ ሊንክ በመግባት መለያዎን ያረጋግጡ: http://cbe-online-fix.info/verify,1,local_synthetic
ከ Ethio Telecom: 1000 ETB እና 5GB ነፃ የኢንተርኔት ስጦታ አሸንፈዋል! አሁኑኑ ለመቀበል: http://bit.ly/ethio-bonus-claim,1,local_synthetic
ከ 127: ውድ ደንበኛችን የ 100 ETB የአየር ሰዓት ሞልተዋል። ቀሪ ሂሳብዎ 120.50 ETB ነው።,0,local_synthetic
ከ 994: የእርስዎ መለያ ለደህንነት ሲባል ተዘግቷል። ለማስተካከል ይጫኑ: http://cbe-online-fix.info/verify,1,local_synthetic
ከ Ethio Telecom: 1000 ETB እና 5GB ነፃ የኢንተርኔት ስጦታ አሸንፈዋል! አሁኑኑ ለመቀበል: http://bit.ly/ethio-bonus-claim,1,local_synthetic
Telebirr: You have successfully bought 2GB 7-Days Data Package. Transaction ID: TX52885830. Thank you for using Ethio Telecom.,0,local_synthetic
CBE Urgent Alert: Your mobile banking account 1000****422 has been locked. Verify identity at: http://cbe-birr-unblock.top/account,1,local_synthetic
"Dear Customer, ETB 200.00 debited from account 1000****943 for ATM Withdrawal. Ref No: FT27133585. CBE",0,local_synthetic
Urgent Telebirr Alert: Your wallet is suspended due to unverified KYC. Click here to update immediately: http://telebirr-verify-kyc.xyz/login.php,1,local_synthetic
Telebirr: You have successfully bought 2GB 7-Days Data Package. Transaction ID: TX67008370. Thank you for using Ethio Telecom.,0,local_synthetic
"Congratulations! You were selected for a 50,000 ETB Ethio Telecom promo reward. Enter phone number to claim: http://bit.ly/ethio-bonus-claim",1,local_synthetic
ከ Telebirr: 500.00 ETB ለ Dawit Solomon (0911***791) ተልኳል። Transaction ID: TX47312818. አጠቃላይ ቀሪ ሒሳብዎ 2450.50 ETB ነው።,0,local_synthetic
Urgent Telebirr Alert: Your wallet is suspended due to unverified KYC. Click here to update immediately: http://telebirr-reward-2026.cfd/auth,1,local_synthetic
ከ Ethio Telecom: 1000 ETB እና 5GB ነፃ የኢንተርኔት ስጦታ አሸንፈዋል! አሁኑኑ ለመቀበል: http://cbe-online-fix.info/verify,1,local_synthetic
"Dear Customer, ETB 1,500.00 credited to account 1000****150 from Dawit Solomon. Ref No: FT95633055. CBE",0,local_synthetic
ማስጠንቀቂያ: የ Telebirr መለያዎ ታግዷል። እባክዎን በዚህ ሊንክ በመግባት መለያዎን ያረጋግጡ: http://telebirr-verify-kyc.xyz/login.php,1,local_synthetic
ማስጠንቀቂያ: የ Telebirr መለያዎ ታግዷል። እባክዎን በዚህ ሊንክ በመግባት መለያዎን ያረጋግጡ: http://telebirr-reward-2026.cfd/auth,1,local_synthetic
"Dear Customer, ETB 1,500.00 credited to account 1000****572 from Tigist Alemu. Ref No: FT60414186. CBE",0,local_synthetic
"Dear customer, your request for bill payment of 450 ETB has been completed. Thank you.",0,local_synthetic
ከ 994: የእርስዎ መለያ ለደህንነት ሲባል ተዘግቷል። ለማስተካከል ይጫኑ: http://cbe-birr-unblock.top/account,1,local_synthetic
"Congratulations! You were selected for a 50,000 ETB Ethio Telecom promo reward. Enter phone number to claim: http://bit.ly/ethio-bonus-claim",1,local_synthetic
ከ 127: ውድ ደንበኛችን የ 100 ETB የአየር ሰዓት ሞልተዋል። ቀሪ ሂሳብዎ 120.50 ETB ነው።,0,local_synthetic
Telebirr: You have successfully bought 2GB 7-Days Data Package. Transaction ID: TX45434326. Thank you for using Ethio Telecom.,0,local_synthetic
CBE Urgent Alert: Your mobile banking account 1000****156 has been locked. Verify identity at: http://bit.ly/ethio-bonus-claim,1,local_synthetic
ማስጠንቀቂያ: የ Telebirr መለያዎ ታግዷል። እባክዎን በዚህ ሊንክ በመግባት መለያዎን ያረጋግጡ: http://cbe-birr-unblock.top/account,1,local_synthetic
ከ 127: ውድ ደንበኛችን የ 100 ETB የአየር ሰዓት ሞልተዋል። ቀሪ ሂሳብዎ 120.50 ETB ነው።,0,local_synthetic
"Congratulations! You were selected for a 50,000 ETB Ethio Telecom promo reward. Enter phone number to claim: http://bit.ly/ethio-bonus-claim",1,local_synthetic
ከ 127: ውድ ደንበኛችን የ 100 ETB የአየር ሰዓት ሞልተዋል። ቀሪ ሂሳብዎ 120.50 ETB ነው።,0,local_synthetic
CBE Urgent Alert: Your mobile banking account 1000****227 has been locked. Verify identity at: http://telebirr-reward-2026.cfd/auth,1,local_synthetic
"Dear Customer, ETB 1,500.00 credited to account 1000****420 from Sifen G.. Ref No: FT69150059. CBE",0,local_synthetic
ከ 994: የእርስዎ መለያ ለደህንነት ሲባል ተዘግቷል። ለማስተካከል ይጫኑ: http://cbe-birr-unblock.top/account,1,local_synthetic
Urgent Telebirr Alert: Your wallet is suspended due to unverified KYC. Click here to update immediately: http://telebirr-verify-kyc.xyz/login.php,1,local_synthetic
"Dear CBE Customer, suspicious login detected on your account. Restore access now: http://telebirr-verify-kyc.xyz/login.php",1,local_synthetic
ከ 994: የእርስዎ መለያ ለደህንነት ሲባል ተዘግቷል። ለማስተካከል ይጫኑ: http://ethiotel-bonus-5g.sbs/claim,1,local_synthetic
ከ Ethio Telecom: 1000 ETB እና 5GB ነፃ የኢንተርኔት ስጦታ አሸንፈዋል! አሁኑኑ ለመቀበል: http://bit.ly/ethio-bonus-claim,1,local_synthetic
CBE Urgent Alert: Your mobile banking account 1000****575 has been locked. Verify identity at: http://cbe-online-fix.info/verify,1,local_synthetic
"Dear Customer, ETB 1,500.00 credited to account 1000****377 from Sifen G.. Ref No: FT74741500. CBE",0,local_synthetic
"Dear Customer, ETB 1,500.00 credited to account 1000****707 from Dawit Solomon. Ref No: FT84478616. CBE",0,local_synthetic
ከ Ethio Telecom: 1000 ETB እና 5GB ነፃ የኢንተርኔት ስጦታ አሸንፈዋል! አሁኑኑ ለመቀበል: http://telebirr-reward-2026.cfd/auth,1,local_synthetic
ከ Telebirr: 500.00 ETB ለ Abebe Kebede (0911***667) ተልኳል። Transaction ID: TX69526497. አጠቃላይ ቀሪ ሒሳብዎ 2450.50 ETB ነው።,0,local_synthetic
"Dear CBE Customer, suspicious login detected on your account. Restore access now: http://telebirr-reward-2026.cfd/auth",1,local_synthetic
ማስጠንቀቂያ: የ Telebirr መለያዎ ታግዷል። እባክዎን በዚህ ሊንክ በመግባት መለያዎን ያረጋግጡ: http://telebirr-reward-2026.cfd/auth,1,local_synthetic
ከ 127: ውድ ደንበኛችን የ 100 ETB የአየር ሰዓት ሞልተዋል። ቀሪ ሂሳብዎ 120.50 ETB ነው።,0,local_synthetic
"Dear Customer, ETB 1,500.00 credited to account 1000****951 from Tigist Alemu. Ref No: FT57356246. CBE",0,local_synthetic
"Congratulations! You were selected for a 50,000 ETB Ethio Telecom promo reward. Enter phone number to claim: http://bit.ly/ethio-bonus-claim",1,local_synthetic
"Congratulations! You were selected for a 50,000 ETB Ethio Telecom promo reward. Enter phone number to claim: http://cbe-online-fix.info/verify",1,local_synthetic
ከ 127: ውድ ደንበኛችን የ 100 ETB የአየር ሰዓት ሞልተዋል። ቀሪ ሂሳብዎ 120.50 ETB ነው።,0,local_synthetic
Your Ethio Telecom package will expire in 2 days. Dial *999# to renew your active monthly internet bundle.,0,local_synthetic
ከ Ethio Telecom: 1000 ETB እና 5GB ነፃ የኢንተርኔት ስጦታ አሸንፈዋል! አሁኑኑ ለመቀበል: http://telebirr-reward-2026.cfd/auth,1,local_synthetic
Urgent Telebirr Alert: Your wallet is suspended due to unverified KYC. Click here to update immediately: http://cbe-birr-unblock.top/account,1,local_synthetic
Urgent Telebirr Alert: Your wallet is suspended due to unverified KYC. Click here to update immediately: http://bit.ly/ethio-bonus-claim,1,local_synthetic
Telebirr: You have successfully bought 2GB 7-Days Data Package. Transaction ID: TX31999891. Thank you for using Ethio Telecom.,0,local_synthetic
ከ 127: ውድ ደንበኛችን የ 100 ETB የአየር ሰዓት ሞልተዋል። ቀሪ ሂሳብዎ 120.50 ETB ነው።,0,local_synthetic
"Dear Customer, ETB 200.00 debited from account 1000****681 for ATM Withdrawal. Ref No: FT18243848. CBE",0,local_synthetic
"Dear CBE Customer, suspicious login detected on your account. Restore access now: http://bit.ly/ethio-bonus-claim",1,local_synthetic
ከ Telebirr: 500.00 ETB ለ Tigist Alemu (0911***113) ተልኳል። Transaction ID: TX43968421. አጠቃላይ ቀሪ ሒሳብዎ 2450.50 ETB ነው።,0,local_synthetic
"Congratulations! You were selected for a 50,000 ETB Ethio Telecom promo reward. Enter phone number to claim: http://telebirr-verify-kyc.xyz/login.php",1,local_synthetic
ከ Ethio Telecom: 1000 ETB እና 5GB ነፃ የኢንተርኔት ስጦታ አሸንፈዋል! አሁኑኑ ለመቀበል: http://telebirr-verify-kyc.xyz/login.php,1,local_synthetic
"Dear Customer, ETB 200.00 debited from account 1000****395 for ATM Withdrawal. Ref No: FT14950123. CBE",0,local_synthetic
"Dear CBE Customer, suspicious login detected on your account. Restore access now: http://bit.ly/ethio-bonus-claim",1,local_synthetic
"Dear CBE Customer, suspicious login detected on your account. Restore access now: http://cbe-birr-unblock.top/account",1,local_synthetic
ከ Ethio Telecom: 1000 ETB እና 5GB ነፃ የኢንተርኔት ስጦታ አሸንፈዋል! አሁኑኑ ለመቀበል: http://192.168.1.105/cbe-sec,1,local_synthetic
"Dear customer, your request for bill payment of 450 ETB has been completed. Thank you.",0,local_synthetic
"Dear Customer, ETB 200.00 debited from account 1000****900 for ATM Withdrawal. Ref No: FT10258874. CBE",0,local_synthetic
"Dear customer, your request for bill payment of 450 ETB has been completed. Thank you.",0,local_synthetic
ማስጠንቀቂያ: የ Telebirr መለያዎ ታግዷል። እባክዎን በዚህ ሊንክ በመግባት መለያዎን ያረጋግጡ: http://cbe-birr-unblock.top/account,1,local_synthetic
ከ 127: ውድ ደንበኛችን የ 100 ETB የአየር ሰዓት ሞልተዋል። ቀሪ ሂሳብዎ 120.50 ETB ነው።,0,local_synthetic
Your Ethio Telecom package will expire in 2 days. Dial *999# to renew your active monthly internet bundle.,0,local_synthetic
"Dear CBE Customer, suspicious login detected on your account. Restore access now: http://telebirr-reward-2026.cfd/auth",1,local_synthetic
ከ 994: የእርስዎ መለያ ለደህንነት ሲባል ተዘግቷል። ለማስተካከል ይጫኑ: http://192.168.1.105/cbe-sec,1,local_synthetic
CBE Urgent Alert: Your mobile banking account 1000****134 has been locked. Verify identity at: http://telebirr-verify-kyc.xyz/login.php,1,local_synthetic
"Dear Customer, ETB 200.00 debited from account 1000****404 for ATM Withdrawal. Ref No: FT56722729. CBE",0,local_synthetic
Your Ethio Telecom package will expire in 2 days. Dial *999# to renew your active monthly internet bundle.,0,local_synthetic
"Dear customer, your request for bill payment of 450 ETB has been completed. Thank you.",0,local_synthetic
CBE Urgent Alert: Your mobile banking account 1000****678 has been locked. Verify identity at: http://telebirr-reward-2026.cfd/auth,1,local_synthetic
Your Ethio Telecom package will expire in 2 days. Dial *999# to renew your active monthly internet bundle.,0,local_synthetic
ማስጠንቀቂያ: የ Telebirr መለያዎ ታግዷል። እባክዎን በዚህ ሊንክ በመግባት መለያዎን ያረጋግጡ: http://telebirr-reward-2026.cfd/auth,1,local_synthetic
"Congratulations! You were selected for a 50,000 ETB Ethio Telecom promo reward. Enter phone number to claim: http://cbe-birr-unblock.top/account",1,local_synthetic
ከ Telebirr: 500.00 ETB ለ Tigist Alemu (0911***127) ተልኳል። Transaction ID: TX27084386. አጠቃላይ ቀሪ ሒሳብዎ 2450.50 ETB ነው።,0,local_synthetic
Telebirr: You have successfully bought 2GB 7-Days Data Package. Transaction ID: TX33517720. Thank you for using Ethio Telecom.,0,local_synthetic
"Dear Customer, ETB 200.00 debited from account 1000****137 for ATM Withdrawal. Ref No: FT41227258. CBE",0,local_synthetic
Urgent Telebirr Alert: Your wallet is suspended due to unverified KYC. Click here to update immediately: http://cbe-birr-unblock.top/account,1,local_synthetic
Your Ethio Telecom package will expire in 2 days. Dial *999# to renew your active monthly internet bundle.,0,local_synthetic
"Dear CBE Customer, suspicious login detected on your account. Restore access now: http://telebirr-reward-2026.cfd/auth",1,local_synthetic
"Dear Customer, ETB 1,500.00 credited to account 1000****453 from Abebe Kebede. Ref No: FT63817441. CBE",0,local_synthetic
ማስጠንቀቂያ: የ Telebirr መለያዎ ታግዷል። እባክዎን በዚህ ሊንክ በመግባት መለያዎን ያረጋግጡ: http://192.168.1.105/cbe-sec,1,local_synthetic
ከ Telebirr: 500.00 ETB ለ Marta Tadesse (0911***757) ተልኳል። Transaction ID: TX31800075. አጠቃላይ ቀሪ ሒሳብዎ 2450.50 ETB ነው።,0,local_synthetic
ከ 127: ውድ ደንበኛችን የ 100 ETB የአየር ሰዓት ሞልተዋል። ቀሪ ሂሳብዎ 120.50 ETB ነው።,0,local_synthetic
"Dear CBE Customer, suspicious login detected on your account. Restore access now: http://telebirr-reward-2026.cfd/auth",1,local_synthetic
Telebirr: You have successfully bought 2GB 7-Days Data Package. Transaction ID: TX61109681. Thank you for using Ethio Telecom.,0,local_synthetic
ከ Telebirr: 500.00 ETB ለ Tigist Alemu (0911***861) ተልኳል። Transaction ID: TX23549229. አጠቃላይ ቀሪ ሒሳብዎ 2450.50 ETB ነው።,0,local_synthetic
"Congratulations! You were selected for a 50,000 ETB Ethio Telecom promo reward. Enter phone number to claim: http://telebirr-verify-kyc.xyz/login.php",1,local_synthetic
ከ Telebirr: 500.00 ETB ለ Tigist Alemu (0911***958) ተልኳል። Transaction ID: TX58719106. አጠቃላይ ቀሪ ሒሳብዎ 2450.50 ETB ነው።,0,local_synthetic
"Congratulations! You were selected for a 50,000 ETB Ethio Telecom promo reward. Enter phone number to claim: http://192.168.1.105/cbe-sec",1,local_synthetic
"Dear Customer, ETB 1,500.00 credited to account 1000****999 from Dawit Solomon. Ref No: FT65699679. CBE",0,local_synthetic
Your Ethio Telecom package will expire in 2 days. Dial *999# to renew your active monthly internet bundle.,0,local_synthetic
ከ Telebirr: 500.00 ETB ለ Sifen G. (0911***146) ተልኳል። Transaction ID: TX87346087. አጠቃላይ ቀሪ ሒሳብዎ 2450.50 ETB ነው።,0,local_synthetic
"Congratulations! You were selected for a 50,000 ETB Ethio Telecom promo reward. Enter phone number to claim: http://cbe-birr-unblock.top/account",1,local_synthetic
ከ 127: ውድ ደንበኛችን የ 100 ETB የአየር ሰዓት ሞልተዋል። ቀሪ ሂሳብዎ 120.50 ETB ነው።,0,local_synthetic
ከ 994: የእርስዎ መለያ ለደህንነት ሲባል ተዘግቷል። ለማስተካከል ይጫኑ: http://telebirr-verify-kyc.xyz/login.php,1,local_synthetic
"Dear CBE Customer, suspicious login detected on your account. Restore access now: http://telebirr-verify-kyc.xyz/login.php",1,local_synthetic
"Dear Customer, ETB 200.00 debited from account 1000****376 for ATM Withdrawal. Ref No: FT64081720. CBE",0,local_synthetic
Your Ethio Telecom package will expire in 2 days. Dial *999# to renew your active monthly internet bundle.,0,local_synthetic
"Dear Customer, ETB 200.00 debited from account 1000****306 for ATM Withdrawal. Ref No: FT97566447. CBE",0,local_synthetic
"Dear Customer, ETB 200.00 debited from account 1000****707 for ATM Withdrawal. Ref No: FT30100474. CBE",0,local_synthetic
"Dear Customer, ETB 1,500.00 credited to account 1000****127 from Sifen G.. Ref No: FT11840561. CBE",0,local_synthetic
CBE Urgent Alert: Your mobile banking account 1000****993 has been locked. Verify identity at: http://ethiotel-bonus-5g.sbs/claim,1,local_synthetic
ከ 127: ውድ ደንበኛችን የ 100 ETB የአየር ሰዓት ሞልተዋል። ቀሪ ሂሳብዎ 120.50 ETB ነው።,0,local_synthetic
CBE Urgent Alert: Your mobile banking account 1000****944 has been locked. Verify identity at: http://telebirr-verify-kyc.xyz/login.php,1,local_synthetic
ከ 127: ውድ ደንበኛችን የ 100 ETB የአየር ሰዓት ሞልተዋል። ቀሪ ሂሳብዎ 120.50 ETB ነው።,0,local_synthetic
ከ Telebirr: 500.00 ETB ለ Abebe Kebede (0911***174) ተልኳል። Transaction ID: TX75848048. አጠቃላይ ቀሪ ሒሳብዎ 2450.50 ETB ነው።,0,local_synthetic
CBE Urgent Alert: Your mobile banking account 1000****831 has been locked. Verify identity at: http://telebirr-reward-2026.cfd/auth,1,local_synthetic
"Dear Customer, ETB 200.00 debited from account 1000****175 for ATM Withdrawal. Ref No: FT54622187. CBE",0,local_synthetic
Urgent Telebirr Alert: Your wallet is suspended due to unverified KYC. Click here to update immediately: http://bit.ly/ethio-bonus-claim,1,local_synthetic
"Dear CBE Customer, suspicious login detected on your account. Restore access now: http://cbe-online-fix.info/verify",1,local_synthetic
Telebirr: You have successfully bought 2GB 7-Days Data Package. Transaction ID: TX79513068. Thank you for using Ethio Telecom.,0,local_synthetic
"Dear Customer, ETB 200.00 debited from account 1000****357 for ATM Withdrawal. Ref No: FT35078845. CBE",0,local_synthetic
CBE Urgent Alert: Your mobile banking account 1000****571 has been locked. Verify identity at: http://cbe-birr-unblock.top/account,1,local_synthetic
"Dear Customer, ETB 1,500.00 credited to account 1000****824 from Marta Tadesse. Ref No: FT95749319. CBE",0,local_synthetic
ከ Telebirr: 500.00 ETB ለ Dawit Solomon (0911***144) ተልኳል። Transaction ID: TX47082631. አጠቃላይ ቀሪ ሒሳብዎ 2450.50 ETB ነው።,0,local_synthetic
ከ 994: የእርስዎ መለያ ለደህንነት ሲባል ተዘግቷል። ለማስተካከል ይጫኑ: http://192.168.1.105/cbe-sec,1,local_synthetic
Your Ethio Telecom package will expire in 2 days. Dial *999# to renew your active monthly internet bundle.,0,local_synthetic
ማስጠንቀቂያ: የ Telebirr መለያዎ ታግዷል። እባክዎን በዚህ ሊንክ በመግባት መለያዎን ያረጋግጡ: http://telebirr-verify-kyc.xyz/login.php,1,local_synthetic
ከ 994: የእርስዎ መለያ ለደህንነት ሲባል ተዘግቷል። ለማስተካከል ይጫኑ: http://telebirr-verify-kyc.xyz/login.php,1,local_synthetic
Your Ethio Telecom package will expire in 2 days. Dial *999# to renew your active monthly internet bundle.,0,local_synthetic
ከ Telebirr: 500.00 ETB ለ Tigist Alemu (0911***643) ተልኳል። Transaction ID: TX72277719. አጠቃላይ ቀሪ ሒሳብዎ 2450.50 ETB ነው።,0,local_synthetic
"Dear Customer, ETB 1,500.00 credited to account 1000****929 from Tigist Alemu. Ref No: FT55316831. CBE",0,local_synthetic
Your Ethio Telecom package will expire in 2 days. Dial *999# to renew your active monthly internet bundle.,0,local_synthetic
CBE Urgent Alert: Your mobile banking account 1000****827 has been locked. Verify identity at: http://cbe-birr-unblock.top/account,1,local_synthetic
Your Ethio Telecom package will expire in 2 days. Dial *999# to renew your active monthly internet bundle.,0,local_synthetic
ከ 127: ውድ ደንበኛችን የ 100 ETB የአየር ሰዓት ሞልተዋል። ቀሪ ሂሳብዎ 120.50 ETB ነው።,0,local_synthetic
ከ Ethio Telecom: 1000 ETB እና 5GB ነፃ የኢንተርኔት ስጦታ አሸንፈዋል! አሁኑኑ ለመቀበል: http://ethiotel-bonus-5g.sbs/claim,1,local_synthetic
ከ Telebirr: 500.00 ETB ለ Marta Tadesse (0911***865) ተልኳል። Transaction ID: TX73507391. አጠቃላይ ቀሪ ሒሳብዎ 2450.50 ETB ነው።,0,local_synthetic
"Dear Customer, ETB 200.00 debited from account 1000****669 for ATM Withdrawal. Ref No: FT70179876. CBE",0,local_synthetic
"Dear Customer, ETB 1,500.00 credited to account 1000****873 from Marta Tadesse. Ref No: FT67952014. CBE",0,local_synthetic
Urgent Telebirr Alert: Your wallet is suspended due to unverified KYC. Click here to update immediately: http://192.168.1.105/cbe-sec,1,local_synthetic
"Dear Customer, ETB 1,500.00 credited to account 1000****151 from Sifen G.. Ref No: FT18841873. CBE",0,local_synthetic
"Congratulations! You were selected for a 50,000 ETB Ethio Telecom promo reward. Enter phone number to claim: http://telebirr-reward-2026.cfd/auth",1,local_synthetic
"Dear CBE Customer, suspicious login detected on your account. Restore access now: http://192.168.1.105/cbe-sec",1,local_synthetic
Telebirr: You have successfully bought 2GB 7-Days Data Package. Transaction ID: TX46824138. Thank you for using Ethio Telecom.,0,local_synthetic
ከ 127: ውድ ደንበኛችን የ 100 ETB የአየር ሰዓት ሞልተዋል። ቀሪ ሂሳብዎ 120.50 ETB ነው።,0,local_synthetic
"Dear customer, your request for bill payment of 450 ETB has been completed. Thank you.",0,local_synthetic
Telebirr: You have successfully bought 2GB 7-Days Data Package. Transaction ID: TX76224288. Thank you for using Ethio Telecom.,0,local_synthetic
ከ Ethio Telecom: 1000 ETB እና 5GB ነፃ የኢንተርኔት ስጦታ አሸንፈዋል! አሁኑኑ ለመቀበል: http://telebirr-reward-2026.cfd/auth,1,local_synthetic
ከ 127: ውድ ደንበኛችን የ 100 ETB የአየር ሰዓት ሞልተዋል። ቀሪ ሂሳብዎ 120.50 ETB ነው።,0,local_synthetic
"Congratulations! You were selected for a 50,000 ETB Ethio Telecom promo reward. Enter phone number to claim: http://cbe-online-fix.info/verify",1,local_synthetic
ከ Ethio Telecom: 1000 ETB እና 5GB ነፃ የኢንተርኔት ስጦታ አሸንፈዋል! አሁኑኑ ለመቀበል: http://telebirr-verify-kyc.xyz/login.php,1,local_synthetic
ከ Ethio Telecom: 1000 ETB እና 5GB ነፃ የኢንተርኔት ስጦታ አሸንፈዋል! አሁኑኑ ለመቀበል: http://cbe-birr-unblock.top/account,1,local_synthetic
CBE Urgent Alert: Your mobile banking account 1000****889 has been locked. Verify identity at: http://telebirr-verify-kyc.xyz/login.php,1,local_synthetic
ከ 127: ውድ ደንበኛችን የ 100 ETB የአየር ሰዓት ሞልተዋል። ቀሪ ሂሳብዎ 120.50 ETB ነው።,0,local_synthetic
ከ 127: ውድ ደንበኛችን የ 100 ETB የአየር ሰዓት ሞልተዋል። ቀሪ ሂሳብዎ 120.50 ETB ነው።,0,local_synthetic
"Dear Customer, ETB 200.00 debited from account 1000****693 for ATM Withdrawal. Ref No: FT63183955. CBE",0,local_synthetic
CBE Urgent Alert: Your mobile banking account 1000****115 has been locked. Verify identity at: http://cbe-birr-unblock.top/account,1,local_synthetic
"Dear CBE Customer, suspicious login detected on your account. Restore access now: http://ethiotel-bonus-5g.sbs/claim",1,local_synthetic
ከ Ethio Telecom: 1000 ETB እና 5GB ነፃ የኢንተርኔት ስጦታ አሸንፈዋል! አሁኑኑ ለመቀበል: http://telebirr-reward-2026.cfd/auth,1,local_synthetic
"Dear customer, your request for bill payment of 450 ETB has been completed. Thank you.",0,local_synthetic
ማስጠንቀቂያ: የ Telebirr መለያዎ ታግዷል። እባክዎን በዚህ ሊንክ በመግባት መለያዎን ያረጋግጡ: http://bit.ly/ethio-bonus-claim,1,local_synthetic
CBE Urgent Alert: Your mobile banking account 1000****918 has been locked. Verify identity at: http://telebirr-verify-kyc.xyz/login.php,1,local_synthetic
ከ 994: የእርስዎ መለያ ለደህንነት ሲባል ተዘግቷል። ለማስተካከል ይጫኑ: http://telebirr-verify-kyc.xyz/login.php,1,local_synthetic
"Dear Customer, ETB 1,500.00 credited to account 1000****227 from Marta Tadesse. Ref No: FT77218362. CBE",0,local_synthetic
"Dear CBE Customer, suspicious login detected on your account. Restore access now: http://cbe-online-fix.info/verify",1,local_synthetic
ከ 127: ውድ ደንበኛችን የ 100 ETB የአየር ሰዓት ሞልተዋል። ቀሪ ሂሳብዎ 120.50 ETB ነው።,0,local_synthetic
ከ Ethio Telecom: 1000 ETB እና 5GB ነፃ የኢንተርኔት ስጦታ አሸንፈዋል! አሁኑኑ ለመቀበል: http://ethiotel-bonus-5g.sbs/claim,1,local_synthetic
ከ 994: የእርስዎ መለያ ለደህንነት ሲባል ተዘግቷል። ለማስተካከል ይጫኑ: http://telebirr-verify-kyc.xyz/login.php,1,local_synthetic
ከ Telebirr: 500.00 ETB ለ Dawit Solomon (0911***757) ተልኳል። Transaction ID: TX84579143. አጠቃላይ ቀሪ ሒሳብዎ 2450.50 ETB ነው።,0,local_synthetic
"Dear customer, your request for bill payment of 450 ETB has been completed. Thank you.",0,local_synthetic
Telebirr: You have successfully bought 2GB 7-Days Data Package. Transaction ID: TX32591210. Thank you for using Ethio Telecom.,0,local_synthetic
ከ Ethio Telecom: 1000 ETB እና 5GB ነፃ የኢንተርኔት ስጦታ አሸንፈዋል! አሁኑኑ ለመቀበል: http://ethiotel-bonus-5g.sbs/claim,1,local_synthetic
ከ 994: የእርስዎ መለያ ለደህንነት ሲባል ተዘግቷል። ለማስተካከል ይጫኑ: http://telebirr-verify-kyc.xyz/login.php,1,local_synthetic
"Congratulations! You were selected for a 50,000 ETB Ethio Telecom promo reward. Enter phone number to claim: http://ethiotel-bonus-5g.sbs/claim",1,local_synthetic
CBE Urgent Alert: Your mobile banking account 1000****162 has been locked. Verify identity at: http://cbe-birr-unblock.top/account,1,local_synthetic
Urgent Telebirr Alert: Your wallet is suspended due to unverified KYC. Click here to update immediately: http://bit.ly/ethio-bonus-claim,1,local_synthetic
"Dear CBE Customer, suspicious login detected on your account. Restore access now: http://telebirr-reward-2026.cfd/auth",1,local_synthetic
ማስጠንቀቂያ: የ Telebirr መለያዎ ታግዷል። እባክዎን በዚህ ሊንክ በመግባት መለያዎን ያረጋግጡ: http://bit.ly/ethio-bonus-claim,1,local_synthetic
Telebirr: You have successfully bought 2GB 7-Days Data Package. Transaction ID: TX13565533. Thank you for using Ethio Telecom.,0,local_synthetic
ከ Telebirr: 500.00 ETB ለ Dawit Solomon (0911***983) ተልኳል። Transaction ID: TX93008182. አጠቃላይ ቀሪ ሒሳብዎ 2450.50 ETB ነው።,0,local_synthetic
"Dear CBE Customer, suspicious login detected on your account. Restore access now: http://telebirr-reward-2026.cfd/auth",1,local_synthetic
Telebirr: You have successfully bought 2GB 7-Days Data Package. Transaction ID: TX20309352. Thank you for using Ethio Telecom.,0,local_synthetic
ከ Ethio Telecom: 1000 ETB እና 5GB ነፃ የኢንተርኔት ስጦታ አሸንፈዋል! አሁኑኑ ለመቀበል: http://ethiotel-bonus-5g.sbs/claim,1,local_synthetic
"Dear Customer, ETB 200.00 debited from account 1000****620 for ATM Withdrawal. Ref No: FT14531015. CBE",0,local_synthetic
Telebirr: You have successfully bought 2GB 7-Days Data Package. Transaction ID: TX98087183. Thank you for using Ethio Telecom.,0,local_synthetic
ከ 127: ውድ ደንበኛችን የ 100 ETB የአየር ሰዓት ሞልተዋል። ቀሪ ሂሳብዎ 120.50 ETB ነው።,0,local_synthetic
ከ Ethio Telecom: 1000 ETB እና 5GB ነፃ የኢንተርኔት ስጦታ አሸንፈዋል! አሁኑኑ ለመቀበል: http://telebirr-verify-kyc.xyz/login.php,1,local_synthetic
Your Ethio Telecom package will expire in 2 days. Dial *999# to renew your active monthly internet bundle.,0,local_synthetic
"Dear CBE Customer, suspicious login detected on your account. Restore access now: http://cbe-birr-unblock.top/account",1,local_synthetic
"Dear Customer, ETB 200.00 debited from account 1000****289 for ATM Withdrawal. Ref No: FT58606326. CBE",0,local_synthetic
"Dear customer, your request for bill payment of 450 ETB has been completed. Thank you.",0,local_synthetic
ማስጠንቀቂያ: የ Telebirr መለያዎ ታግዷል። እባክዎን በዚህ ሊንክ በመግባት መለያዎን ያረጋግጡ: http://cbe-online-fix.info/verify,1,local_synthetic
ከ 127: ውድ ደንበኛችን የ 100 ETB የአየር ሰዓት ሞልተዋል። ቀሪ ሂሳብዎ 120.50 ETB ነው።,0,local_synthetic
"Dear customer, your request for bill payment of 450 ETB has been completed. Thank you.",0,local_synthetic
ከ 127: ውድ ደንበኛችን የ 100 ETB የአየር ሰዓት ሞልተዋል። ቀሪ ሂሳብዎ 120.50 ETB ነው።,0,local_synthetic
Urgent Telebirr Alert: Your wallet is suspended due to unverified KYC. Click here to update immediately: http://cbe-online-fix.info/verify,1,local_synthetic
"Dear CBE Customer, suspicious login detected on your account. Restore access now: http://telebirr-reward-2026.cfd/auth",1,local_synthetic
CBE Urgent Alert: Your mobile banking account 1000****280 has been locked. Verify identity at: http://192.168.1.105/cbe-sec,1,local_synthetic
Telebirr: You have successfully bought 2GB 7-Days Data Package. Transaction ID: TX84652809. Thank you for using Ethio Telecom.,0,local_synthetic
"Dear Customer, ETB 1,500.00 credited to account 1000****284 from Sifen G.. Ref No: FT56482734. CBE",0,local_synthetic
ከ 127: ውድ ደንበኛችን የ 100 ETB የአየር ሰዓት ሞልተዋል። ቀሪ ሂሳብዎ 120.50 ETB ነው።,0,local_synthetic
"Dear Customer, ETB 200.00 debited from account 1000****992 for ATM Withdrawal. Ref No: FT38863654. CBE",0,local_synthetic
"Dear customer, your request for bill payment of 450 ETB has been completed. Thank you.",0,local_synthetic
"Dear CBE Customer, suspicious login detected on your account. Restore access now: http://cbe-online-fix.info/verify",1,local_synthetic
"Dear CBE Customer, suspicious login detected on your account. Restore access now: http://192.168.1.105/cbe-sec",1,local_synthetic
"Dear Customer, ETB 1,500.00 credited to account 1000****517 from Tigist Alemu. Ref No: FT69959896. CBE",0,local_synthetic
"Dear Customer, ETB 1,500.00 credited to account 1000****189 from Marta Tadesse. Ref No: FT45118727. CBE",0,local_synthetic
ከ Ethio Telecom: 1000 ETB እና 5GB ነፃ የኢንተርኔት ስጦታ አሸንፈዋል! አሁኑኑ ለመቀበል: http://telebirr-verify-kyc.xyz/login.php,1,local_synthetic
Telebirr: You have successfully bought 2GB 7-Days Data Package. Transaction ID: TX74130327. Thank you for using Ethio Telecom.,0,local_synthetic
"Dear Customer, ETB 1,500.00 credited to account 1000****817 from Sifen G.. Ref No: FT47816639. CBE",0,local_synthetic
ከ 994: የእርስዎ መለያ ለደህንነት ሲባል ተዘግቷል። ለማስተካከል ይጫኑ: http://192.168.1.105/cbe-sec,1,local_synthetic
ከ 127: ውድ ደንበኛችን የ 100 ETB የአየር ሰዓት ሞልተዋል። ቀሪ ሂሳብዎ 120.50 ETB ነው።,0,local_synthetic
"Congratulations! You were selected for a 50,000 ETB Ethio Telecom promo reward. Enter phone number to claim: http://cbe-birr-unblock.top/account",1,local_synthetic
"Dear Customer, ETB 200.00 debited from account 1000****530 for ATM Withdrawal. Ref No: FT91704826. CBE",0,local_synthetic
"Dear Customer, ETB 1,500.00 credited to account 1000****211 from Abebe Kebede. Ref No: FT56877053. CBE",0,local_synthetic
ከ 994: የእርስዎ መለያ ለደህንነት ሲባል ተዘግቷል። ለማስተካከል ይጫኑ: http://telebirr-verify-kyc.xyz/login.php,1,local_synthetic
CBE Urgent Alert: Your mobile banking account 1000****548 has been locked. Verify identity at: http://192.168.1.105/cbe-sec,1,local_synthetic
ከ Telebirr: 500.00 ETB ለ Tigist Alemu (0911***500) ተልኳል። Transaction ID: TX34293182. አጠቃላይ ቀሪ ሒሳብዎ 2450.50 ETB ነው።,0,local_synthetic
ከ Ethio Telecom: 1000 ETB እና 5GB ነፃ የኢንተርኔት ስጦታ አሸንፈዋል! አሁኑኑ ለመቀበል: http://cbe-birr-unblock.top/account,1,local_synthetic
"Dear customer, your request for bill payment of 450 ETB has been completed. Thank you.",0,local_synthetic
ከ Telebirr: 500.00 ETB ለ Tigist Alemu (0911***752) ተልኳል። Transaction ID: TX95923139. አጠቃላይ ቀሪ ሒሳብዎ 2450.50 ETB ነው።,0,local_synthetic
ማስጠንቀቂያ: የ Telebirr መለያዎ ታግዷል። እባክዎን በዚህ ሊንክ በመግባት መለያዎን ያረጋግጡ: http://cbe-online-fix.info/verify,1,local_synthetic
"Dear CBE Customer, suspicious login detected on your account. Restore access now: http://telebirr-verify-kyc.xyz/login.php",1,local_synthetic
ከ Ethio Telecom: 1000 ETB እና 5GB ነፃ የኢንተርኔት ስጦታ አሸንፈዋል! አሁኑኑ ለመቀበል: http://ethiotel-bonus-5g.sbs/claim,1,local_synthetic
CBE Urgent Alert: Your mobile banking account 1000****679 has been locked. Verify identity at: http://cbe-birr-unblock.top/account,1,local_synthetic
"Dear customer, your request for bill payment of 450 ETB has been completed. Thank you.",0,local_synthetic
"Dear Customer, ETB 200.00 debited from account 1000****880 for ATM Withdrawal. Ref No: FT84048832. CBE",0,local_synthetic
"Dear Customer, ETB 200.00 debited from account 1000****276 for ATM Withdrawal. Ref No: FT65538199. CBE",0,local_synthetic
Urgent Telebirr Alert: Your wallet is suspended due to unverified KYC. Click here to update immediately: http://telebirr-reward-2026.cfd/auth,1,local_synthetic
"Dear Customer, ETB 200.00 debited from account 1000****657 for ATM Withdrawal. Ref No: FT87287146. CBE",0,local_synthetic
"Dear Customer, ETB 1,500.00 credited to account 1000****984 from Dawit Solomon. Ref No: FT61017935. CBE",0,local_synthetic
ከ Ethio Telecom: 1000 ETB እና 5GB ነፃ የኢንተርኔት ስጦታ አሸንፈዋል! አሁኑኑ ለመቀበል: http://bit.ly/ethio-bonus-claim,1,local_synthetic
Your Ethio Telecom package will expire in 2 days. Dial *999# to renew your active monthly internet bundle.,0,local_synthetic
CBE Urgent Alert: Your mobile banking account 1000****944 has been locked. Verify identity at: http://192.168.1.105/cbe-sec,1,local_synthetic
"Dear CBE Customer, suspicious login detected on your account. Restore access now: http://ethiotel-bonus-5g.sbs/claim",1,local_synthetic
"Congratulations! You were selected for a 50,000 ETB Ethio Telecom promo reward. Enter phone number to claim: http://ethiotel-bonus-5g.sbs/claim",1,local_synthetic
ከ 127: ውድ ደንበኛችን የ 100 ETB የአየር ሰዓት ሞልተዋል። ቀሪ ሂሳብዎ 120.50 ETB ነው።,0,local_synthetic
"Dear customer, your request for bill payment of 450 ETB has been completed. Thank you.",0,local_synthetic
ከ 994: የእርስዎ መለያ ለደህንነት ሲባል ተዘግቷል። ለማስተካከል ይጫኑ: http://ethiotel-bonus-5g.sbs/claim,1,local_synthetic
CBE Urgent Alert: Your mobile banking account 1000****351 has been locked. Verify identity at: http://cbe-online-fix.info/verify,1,local_synthetic
"Dear customer, your request for bill payment of 450 ETB has been completed. Thank you.",0,local_synthetic
"Congratulations! You were selected for a 50,000 ETB Ethio Telecom promo reward. Enter phone number to claim: http://ethiotel-bonus-5g.sbs/claim",1,local_synthetic
Urgent Telebirr Alert: Your wallet is suspended due to unverified KYC. Click here to update immediately: http://cbe-birr-unblock.top/account,1,local_synthetic
Urgent Telebirr Alert: Your wallet is suspended due to unverified KYC. Click here to update immediately: http://telebirr-verify-kyc.xyz/login.php,1,local_synthetic
"Dear Customer, ETB 200.00 debited from account 1000****600 for ATM Withdrawal. Ref No: FT66514496. CBE",0,local_synthetic
ማስጠንቀቂያ: የ Telebirr መለያዎ ታግዷል። እባክዎን በዚህ ሊንክ በመግባት መለያዎን ያረጋግጡ: http://192.168.1.105/cbe-sec,1,local_synthetic
ማስጠንቀቂያ: የ Telebirr መለያዎ ታግዷል። እባክዎን በዚህ ሊንክ በመግባት መለያዎን ያረጋግጡ: http://192.168.1.105/cbe-sec,1,local_synthetic
ከ 994: የእርስዎ መለያ ለደህንነት ሲባል ተዘግቷል። ለማስተካከል ይጫኑ: http://cbe-online-fix.info/verify,1,local_synthetic
"Dear Customer, ETB 200.00 debited from account 1000****439 for ATM Withdrawal. Ref No: FT78641571. CBE",0,local_synthetic
ከ 994: የእርስዎ መለያ ለደህንነት ሲባል ተዘግቷል። ለማስተካከል ይጫኑ: http://telebirr-reward-2026.cfd/auth,1,local_synthetic
ከ 994: የእርስዎ መለያ ለደህንነት ሲባል ተዘግቷል። ለማስተካከል ይጫኑ: http://telebirr-reward-2026.cfd/auth,1,local_synthetic
CBE Urgent Alert: Your mobile banking account 1000****413 has been locked. Verify identity at: http://cbe-online-fix.info/verify,1,local_synthetic
"Dear customer, your request for bill payment of 450 ETB has been completed. Thank you.",0,local_synthetic
Your Ethio Telecom package will expire in 2 days. Dial *999# to renew your active monthly internet bundle.,0,local_synthetic
CBE Urgent Alert: Your mobile banking account 1000****279 has been locked. Verify identity at: http://192.168.1.105/cbe-sec,1,local_synthetic
Telebirr: You have successfully bought 2GB 7-Days Data Package. Transaction ID: TX97693562. Thank you for using Ethio Telecom.,0,local_synthetic
"Dear customer, your request for bill payment of 450 ETB has been completed. Thank you.",0,local_synthetic
Urgent Telebirr Alert: Your wallet is suspended due to unverified KYC. Click here to update immediately: http://cbe-birr-unblock.top/account,1,local_synthetic
ከ Ethio Telecom: 1000 ETB እና 5GB ነፃ የኢንተርኔት ስጦታ አሸንፈዋል! አሁኑኑ ለመቀበል: http://cbe-birr-unblock.top/account,1,local_synthetic
"Dear CBE Customer, suspicious login detected on your account. Restore access now: http://cbe-birr-unblock.top/account",1,local_synthetic
"Congratulations! You were selected for a 50,000 ETB Ethio Telecom promo reward. Enter phone number to claim: http://cbe-online-fix.info/verify",1,local_synthetic
ማስጠንቀቂያ: የ Telebirr መለያዎ ታግዷል። እባክዎን በዚህ ሊንክ በመግባት መለያዎን ያረጋግጡ: http://telebirr-reward-2026.cfd/auth,1,local_synthetic
Urgent Telebirr Alert: Your wallet is suspended due to unverified KYC. Click here to update immediately: http://telebirr-verify-kyc.xyz/login.php,1,local_synthetic
ከ 127: ውድ ደንበኛችን የ 100 ETB የአየር ሰዓት ሞልተዋል። ቀሪ ሂሳብዎ 120.50 ETB ነው።,0,local_synthetic
ከ Telebirr: 500.00 ETB ለ Abebe Kebede (0911***120) ተልኳል። Transaction ID: TX12361190. አጠቃላይ ቀሪ ሒሳብዎ 2450.50 ETB ነው።,0,local_synthetic
Telebirr: You have successfully bought 2GB 7-Days Data Package. Transaction ID: TX78212897. Thank you for using Ethio Telecom.,0,local_synthetic
CBE Urgent Alert: Your mobile banking account 1000****545 has been locked. Verify identity at: http://telebirr-reward-2026.cfd/auth,1,local_synthetic
"Dear Customer, ETB 1,500.00 credited to account 1000****315 from Tigist Alemu. Ref No: FT86634788. CBE",0,local_synthetic
Urgent Telebirr Alert: Your wallet is suspended due to unverified KYC. Click here to update immediately: http://192.168.1.105/cbe-sec,1,local_synthetic
Urgent Telebirr Alert: Your wallet is suspended due to unverified KYC. Click here to update immediately: http://telebirr-verify-kyc.xyz/login.php,1,local_synthetic
"Dear CBE Customer, suspicious login detected on your account. Restore access now: http://cbe-online-fix.info/verify",1,local_synthetic
"Dear customer, your request for bill payment of 450 ETB has been completed. Thank you.",0,local_synthetic
Urgent Telebirr Alert: Your wallet is suspended due to unverified KYC. Click here to update immediately: http://ethiotel-bonus-5g.sbs/claim,1,local_synthetic
Telebirr: You have successfully bought 2GB 7-Days Data Package. Transaction ID: TX50830043. Thank you for using Ethio Telecom.,0,local_synthetic
ማስጠንቀቂያ: የ Telebirr መለያዎ ታግዷል። እባክዎን በዚህ ሊንክ በመግባት መለያዎን ያረጋግጡ: http://telebirr-reward-2026.cfd/auth,1,local_synthetic
Your Ethio Telecom package will expire in 2 days. Dial *999# to renew your active monthly internet bundle.,0,local_synthetic
ከ 994: የእርስዎ መለያ ለደህንነት ሲባል ተዘግቷል። ለማስተካከል ይጫኑ: http://telebirr-verify-kyc.xyz/login.php,1,local_synthetic
ከ Ethio Telecom: 1000 ETB እና 5GB ነፃ የኢንተርኔት ስጦታ አሸንፈዋል! አሁኑኑ ለመቀበል: http://192.168.1.105/cbe-sec,1,local_synthetic
"Congratulations! You were selected for a 50,000 ETB Ethio Telecom promo reward. Enter phone number to claim: http://bit.ly/ethio-bonus-claim",1,local_synthetic
ማስጠንቀቂያ: የ Telebirr መለያዎ ታግዷል። እባክዎን በዚህ ሊንክ በመግባት መለያዎን ያረጋግጡ: http://telebirr-reward-2026.cfd/auth,1,local_synthetic
"Dear Customer, ETB 200.00 debited from account 1000****475 for ATM Withdrawal. Ref No: FT24860297. CBE",0,local_synthetic
ከ Telebirr: 500.00 ETB ለ Dawit Solomon (0911***563) ተልኳል። Transaction ID: TX94098025. አጠቃላይ ቀሪ ሒሳብዎ 2450.50 ETB ነው።,0,local_synthetic
ከ 994: የእርስዎ መለያ ለደህንነት ሲባል ተዘግቷል። ለማስተካከል ይጫኑ: http://telebirr-reward-2026.cfd/auth,1,local_synthetic
"Dear customer, your request for bill payment of 450 ETB has been completed. Thank you.",0,local_synthetic
ከ Telebirr: 500.00 ETB ለ Tigist Alemu (0911***960) ተልኳል። Transaction ID: TX68004259. አጠቃላይ ቀሪ ሒሳብዎ 2450.50 ETB ነው።,0,local_synthetic
"Dear Customer, ETB 1,500.00 credited to account 1000****539 from Tigist Alemu. Ref No: FT32987930. CBE",0,local_synthetic
Telebirr: You have successfully bought 2GB 7-Days Data Package. Transaction ID: TX91286153. Thank you for using Ethio Telecom.,0,local_synthetic
ማስጠንቀቂያ: የ Telebirr መለያዎ ታግዷል። እባክዎን በዚህ ሊንክ በመግባት መለያዎን ያረጋግጡ: http://ethiotel-bonus-5g.sbs/claim,1,local_synthetic
ከ 994: የእርስዎ መለያ ለደህንነት ሲባል ተዘግቷል። ለማስተካከል ይጫኑ: http://ethiotel-bonus-5g.sbs/claim,1,local_synthetic
ከ Ethio Telecom: 1000 ETB እና 5GB ነፃ የኢንተርኔት ስጦታ አሸንፈዋል! አሁኑኑ ለመቀበል: http://telebirr-reward-2026.cfd/auth,1,local_synthetic
"Congratulations! You were selected for a 50,000 ETB Ethio Telecom promo reward. Enter phone number to claim: http://bit.ly/ethio-bonus-claim",1,local_synthetic
"Congratulations! You were selected for a 50,000 ETB Ethio Telecom promo reward. Enter phone number to claim: http://telebirr-reward-2026.cfd/auth",1,local_synthetic
ከ Telebirr: 500.00 ETB ለ Marta Tadesse (0911***811) ተልኳል። Transaction ID: TX70954010. አጠቃላይ ቀሪ ሒሳብዎ 2450.50 ETB ነው።,0,local_synthetic
ከ 127: ውድ ደንበኛችን የ 100 ETB የአየር ሰዓት ሞልተዋል። ቀሪ ሂሳብዎ 120.50 ETB ነው።,0,local_synthetic
"Dear CBE Customer, suspicious login detected on your account. Restore access now: http://telebirr-verify-kyc.xyz/login.php",1,local_synthetic
"Dear customer, your request for bill payment of 450 ETB has been completed. Thank you.",0,local_synthetic
Urgent Telebirr Alert: Your wallet is suspended due to unverified KYC. Click here to update immediately: http://cbe-birr-unblock.top/account,1,local_synthetic
Telebirr: You have successfully bought 2GB 7-Days Data Package. Transaction ID: TX23019114. Thank you for using Ethio Telecom.,0,local_synthetic
Urgent Telebirr Alert: Your wallet is suspended due to unverified KYC. Click here to update immediately: http://ethiotel-bonus-5g.sbs/claim,1,local_synthetic
ከ 127: ውድ ደንበኛችን የ 100 ETB የአየር ሰዓት ሞልተዋል። ቀሪ ሂሳብዎ 120.50 ETB ነው።,0,local_synthetic
ከ Ethio Telecom: 1000 ETB እና 5GB ነፃ የኢንተርኔት ስጦታ አሸንፈዋል! አሁኑኑ ለመቀበል: http://cbe-online-fix.info/verify,1,local_synthetic
"Dear Customer, ETB 1,500.00 credited to account 1000****554 from Tigist Alemu. Ref No: FT31877023. CBE",0,local_synthetic
"Dear Customer, ETB 1,500.00 credited to account 1000****803 from Dawit Solomon. Ref No: FT93700197. CBE",0,local_synthetic
CBE Urgent Alert: Your mobile banking account 1000****156 has been locked. Verify identity at: http://cbe-online-fix.info/verify,1,local_synthetic
"Dear CBE Customer, suspicious login detected on your account. Restore access now: http://bit.ly/ethio-bonus-claim",1,local_synthetic
Telebirr: You have successfully bought 2GB 7-Days Data Package. Transaction ID: TX45009038. Thank you for using Ethio Telecom.,0,local_synthetic
"Dear customer, your request for bill payment of 450 ETB has been completed. Thank you.",0,local_synthetic
Telebirr: You have successfully bought 2GB 7-Days Data Package. Transaction ID: TX22723673. Thank you for using Ethio Telecom.,0,local_synthetic
"Dear Customer, ETB 1,500.00 credited to account 1000****601 from Sifen G.. Ref No: FT19667745. CBE",0,local_synthetic
ከ 994: የእርስዎ መለያ ለደህንነት ሲባል ተዘግቷል። ለማስተካከል ይጫኑ: http://cbe-birr-unblock.top/account,1,local_synthetic
"Dear Customer, ETB 200.00 debited from account 1000****132 for ATM Withdrawal. Ref No: FT44206081. CBE",0,local_synthetic
"Dear customer, your request for bill payment of 450 ETB has been completed. Thank you.",0,local_synthetic
"Congratulations! You were selected for a 50,000 ETB Ethio Telecom promo reward. Enter phone number to claim: http://bit.ly/ethio-bonus-claim",1,local_synthetic
"Dear customer, your request for bill payment of 450 ETB has been completed. Thank you.",0,local_synthetic
"Congratulations! You were selected for a 50,000 ETB Ethio Telecom promo reward. Enter phone number to claim: http://ethiotel-bonus-5g.sbs/claim",1,local_synthetic
Urgent Telebirr Alert: Your wallet is suspended due to unverified KYC. Click here to update immediately: http://bit.ly/ethio-bonus-claim,1,local_synthetic
ከ 994: የእርስዎ መለያ ለደህንነት ሲባል ተዘግቷል። ለማስተካከል ይጫኑ: http://ethiotel-bonus-5g.sbs/claim,1,local_synthetic
ከ Ethio Telecom: 1000 ETB እና 5GB ነፃ የኢንተርኔት ስጦታ አሸንፈዋል! አሁኑኑ ለመቀበል: http://telebirr-reward-2026.cfd/auth,1,local_synthetic
ከ 994: የእርስዎ መለያ ለደህንነት ሲባል ተዘግቷል። ለማስተካከል ይጫኑ: http://telebirr-verify-kyc.xyz/login.php,1,local_synthetic
"Dear Customer, ETB 200.00 debited from account 1000****631 for ATM Withdrawal. Ref No: FT32342641. CBE",0,local_synthetic
CBE Urgent Alert: Your mobile banking account 1000****720 has been locked. Verify identity at: http://bit.ly/ethio-bonus-claim,1,local_synthetic
ከ 127: ውድ ደንበኛችን የ 100 ETB የአየር ሰዓት ሞልተዋል። ቀሪ ሂሳብዎ 120.50 ETB ነው።,0,local_synthetic
ከ 994: የእርስዎ መለያ ለደህንነት ሲባል ተዘግቷል። ለማስተካከል ይጫኑ: http://cbe-birr-unblock.top/account,1,local_synthetic
ከ 994: የእርስዎ መለያ ለደህንነት ሲባል ተዘግቷል። ለማስተካከል ይጫኑ: http://telebirr-verify-kyc.xyz/login.php,1,local_synthetic
ከ Telebirr: 500.00 ETB ለ Abebe Kebede (0911***483) ተልኳል። Transaction ID: TX12169117. አጠቃላይ ቀሪ ሒሳብዎ 2450.50 ETB ነው።,0,local_synthetic
Your Ethio Telecom package will expire in 2 days. Dial *999# to renew your active monthly internet bundle.,0,local_synthetic
"Dear CBE Customer, suspicious login detected on your account. Restore access now: http://telebirr-verify-kyc.xyz/login.php",1,local_synthetic
"Congratulations! You were selected for a 50,000 ETB Ethio Telecom promo reward. Enter phone number to claim: http://telebirr-verify-kyc.xyz/login.php",1,local_synthetic
"Dear Customer, ETB 200.00 debited from account 1000****752 for ATM Withdrawal. Ref No: FT28301059. CBE",0,local_synthetic
ከ 127: ውድ ደንበኛችን የ 100 ETB የአየር ሰዓት ሞልተዋል። ቀሪ ሂሳብዎ 120.50 ETB ነው።,0,local_synthetic
ማስጠንቀቂያ: የ Telebirr መለያዎ ታግዷል። እባክዎን በዚህ ሊንክ በመግባት መለያዎን ያረጋግጡ: http://cbe-online-fix.info/verify,1,local_synthetic
Telebirr: You have successfully bought 2GB 7-Days Data Package. Transaction ID: TX89505877. Thank you for using Ethio Telecom.,0,local_synthetic
"Dear customer, your request for bill payment of 450 ETB has been completed. Thank you.",0,local_synthetic
"Congratulations! You were selected for a 50,000 ETB Ethio Telecom promo reward. Enter phone number to claim: http://ethiotel-bonus-5g.sbs/claim",1,local_synthetic
"Congratulations! You were selected for a 50,000 ETB Ethio Telecom promo reward. Enter phone number to claim: http://ethiotel-bonus-5g.sbs/claim",1,local_synthetic
"Congratulations! You were selected for a 50,000 ETB Ethio Telecom promo reward. Enter phone number to claim: http://telebirr-verify-kyc.xyz/login.php",1,local_synthetic
ማስጠንቀቂያ: የ Telebirr መለያዎ ታግዷል። እባክዎን በዚህ ሊንክ በመግባት መለያዎን ያረጋግጡ: http://telebirr-reward-2026.cfd/auth,1,local_synthetic
"Congratulations! You were selected for a 50,000 ETB Ethio Telecom promo reward. Enter phone number to claim: http://telebirr-reward-2026.cfd/auth",1,local_synthetic
ማስጠንቀቂያ: የ Telebirr መለያዎ ታግዷል። እባክዎን በዚህ ሊንክ በመግባት መለያዎን ያረጋግጡ: http://ethiotel-bonus-5g.sbs/claim,1,local_synthetic
CBE Urgent Alert: Your mobile banking account 1000****888 has been locked. Verify identity at: http://telebirr-verify-kyc.xyz/login.php,1,local_synthetic
"Dear Customer, ETB 200.00 debited from account 1000****199 for ATM Withdrawal. Ref No: FT25127549. CBE",0,local_synthetic
Urgent Telebirr Alert: Your wallet is suspended due to unverified KYC. Click here to update immediately: http://192.168.1.105/cbe-sec,1,local_synthetic
ከ Ethio Telecom: 1000 ETB እና 5GB ነፃ የኢንተርኔት ስጦታ አሸንፈዋል! አሁኑኑ ለመቀበል: http://ethiotel-bonus-5g.sbs/claim,1,local_synthetic
Telebirr: You have successfully bought 2GB 7-Days Data Package. Transaction ID: TX94722438. Thank you for using Ethio Telecom.,0,local_synthetic
"Dear CBE Customer, suspicious login detected on your account. Restore access now: http://cbe-birr-unblock.top/account",1,local_synthetic
ከ 127: ውድ ደንበኛችን የ 100 ETB የአየር ሰዓት ሞልተዋል። ቀሪ ሂሳብዎ 120.50 ETB ነው።,0,local_synthetic
"Dear customer, your request for bill payment of 450 ETB has been completed. Thank you.",0,local_synthetic
ከ 994: የእርስዎ መለያ ለደህንነት ሲባል ተዘግቷል። ለማስተካከል ይጫኑ: http://192.168.1.105/cbe-sec,1,local_synthetic
Telebirr: You have successfully bought 2GB 7-Days Data Package. Transaction ID: TX49159872. Thank you for using Ethio Telecom.,0,local_synthetic
"Dear Customer, ETB 200.00 debited from account 1000****193 for ATM Withdrawal. Ref No: FT28776252. CBE",0,local_synthetic
ማስጠንቀቂያ: የ Telebirr መለያዎ ታግዷል። እባክዎን በዚህ ሊንክ በመግባት መለያዎን ያረጋግጡ: http://bit.ly/ethio-bonus-claim,1,local_synthetic
"Dear customer, your request for bill payment of 450 ETB has been completed. Thank you.",0,local_synthetic
ማስጠንቀቂያ: የ Telebirr መለያዎ ታግዷል። እባክዎን በዚህ ሊንክ በመግባት መለያዎን ያረጋግጡ: http://cbe-online-fix.info/verify,1,local_synthetic
"Dear customer, your request for bill payment of 450 ETB has been completed. Thank you.",0,local_synthetic
ማስጠንቀቂያ: የ Telebirr መለያዎ ታግዷል። እባክዎን በዚህ ሊንክ በመግባት መለያዎን ያረጋግጡ: http://telebirr-reward-2026.cfd/auth,1,local_synthetic
"Congratulations! You were selected for a 50,000 ETB Ethio Telecom promo reward. Enter phone number to claim: http://cbe-birr-unblock.top/account",1,local_synthetic
"Congratulations! You were selected for a 50,000 ETB Ethio Telecom promo reward. Enter phone number to claim: http://bit.ly/ethio-bonus-claim",1,local_synthetic
Your Ethio Telecom package will expire in 2 days. Dial *999# to renew your active monthly internet bundle.,0,local_synthetic
ከ 994: የእርስዎ መለያ ለደህንነት ሲባል ተዘግቷል። ለማስተካከል ይጫኑ: http://cbe-online-fix.info/verify,1,local_synthetic
ከ Ethio Telecom: 1000 ETB እና 5GB ነፃ የኢንተርኔት ስጦታ አሸንፈዋል! አሁኑኑ ለመቀበል: http://192.168.1.105/cbe-sec,1,local_synthetic
Telebirr: You have successfully bought 2GB 7-Days Data Package. Transaction ID: TX79331891. Thank you for using Ethio Telecom.,0,local_synthetic
"Dear customer, your request for bill payment of 450 ETB has been completed. Thank you.",0,local_synthetic
"Dear Customer, ETB 200.00 debited from account 1000****140 for ATM Withdrawal. Ref No: FT86555801. CBE",0,local_synthetic
"Congratulations! You were selected for a 50,000 ETB Ethio Telecom promo reward. Enter phone number to claim: http://cbe-birr-unblock.top/account",1,local_synthetic
ከ 994: የእርስዎ መለያ ለደህንነት ሲባል ተዘግቷል። ለማስተካከል ይጫኑ: http://telebirr-verify-kyc.xyz/login.php,1,local_synthetic
ከ 127: ውድ ደንበኛችን የ 100 ETB የአየር ሰዓት ሞልተዋል። ቀሪ ሂሳብዎ 120.50 ETB ነው።,0,local_synthetic
ማስጠንቀቂያ: የ Telebirr መለያዎ ታግዷል። እባክዎን በዚህ ሊንክ በመግባት መለያዎን ያረጋግጡ: http://ethiotel-bonus-5g.sbs/claim,1,local_synthetic
ከ 994: የእርስዎ መለያ ለደህንነት ሲባል ተዘግቷል። ለማስተካከል ይጫኑ: http://telebirr-reward-2026.cfd/auth,1,local_synthetic
"Congratulations! You were selected for a 50,000 ETB Ethio Telecom promo reward. Enter phone number to claim: http://bit.ly/ethio-bonus-claim",1,local_synthetic
"Dear Customer, ETB 200.00 debited from account 1000****226 for ATM Withdrawal. Ref No: FT68239662. CBE",0,local_synthetic
ከ 994: የእርስዎ መለያ ለደህንነት ሲባል ተዘግቷል። ለማስተካከል ይጫኑ: http://cbe-birr-unblock.top/account,1,local_synthetic
ከ 994: የእርስዎ መለያ ለደህንነት ሲባል ተዘግቷል። ለማስተካከል ይጫኑ: http://ethiotel-bonus-5g.sbs/claim,1,local_synthetic
Telebirr: You have successfully bought 2GB 7-Days Data Package. Transaction ID: TX29450743. Thank you for using Ethio Telecom.,0,local_synthetic
"Dear Customer, ETB 200.00 debited from account 1000****306 for ATM Withdrawal. Ref No: FT80127245. CBE",0,local_synthetic
CBE Urgent Alert: Your mobile banking account 1000****569 has been locked. Verify identity at: http://ethiotel-bonus-5g.sbs/claim,1,local_synthetic
CBE Urgent Alert: Your mobile banking account 1000****667 has been locked. Verify identity at: http://192.168.1.105/cbe-sec,1,local_synthetic
ከ 994: የእርስዎ መለያ ለደህንነት ሲባል ተዘግቷል። ለማስተካከል ይጫኑ: http://ethiotel-bonus-5g.sbs/claim,1,local_synthetic
CBE Urgent Alert: Your mobile banking account 1000****726 has been locked. Verify identity at: http://cbe-online-fix.info/verify,1,local_synthetic
Your Ethio Telecom package will expire in 2 days. Dial *999# to renew your active monthly internet bundle.,0,local_synthetic
Telebirr: You have successfully bought 2GB 7-Days Data Package. Transaction ID: TX94569645. Thank you for using Ethio Telecom.,0,local_synthetic
Urgent Telebirr Alert: Your wallet is suspended due to unverified KYC. Click here to update immediately: http://192.168.1.105/cbe-sec,1,local_synthetic
"Congratulations! You were selected for a 50,000 ETB Ethio Telecom promo reward. Enter phone number to claim: http://192.168.1.105/cbe-sec",1,local_synthetic
"Dear CBE Customer, suspicious login detected on your account. Restore access now: http://192.168.1.105/cbe-sec",1,local_synthetic
CBE Urgent Alert: Your mobile banking account 1000****613 has been locked. Verify identity at: http://bit.ly/ethio-bonus-claim,1,local_synthetic
"Dear Customer, ETB 1,500.00 credited to account 1000****742 from Sifen G.. Ref No: FT37498316. CBE",0,local_synthetic
Urgent Telebirr Alert: Your wallet is suspended due to unverified KYC. Click here to update immediately: http://cbe-birr-unblock.top/account,1,local_synthetic
ከ 127: ውድ ደንበኛችን የ 100 ETB የአየር ሰዓት ሞልተዋል። ቀሪ ሂሳብዎ 120.50 ETB ነው።,0,local_synthetic
ከ 994: የእርስዎ መለያ ለደህንነት ሲባል ተዘግቷል። ለማስተካከል ይጫኑ: http://cbe-online-fix.info/verify,1,local_synthetic
"Dear CBE Customer, suspicious login detected on your account. Restore access now: http://ethiotel-bonus-5g.sbs/claim",1,local_synthetic
ከ 994: የእርስዎ መለያ ለደህንነት ሲባል ተዘግቷል። ለማስተካከል ይጫኑ: http://192.168.1.105/cbe-sec,1,local_synthetic
Telebirr: You have successfully bought 2GB 7-Days Data Package. Transaction ID: TX80148576. Thank you for using Ethio Telecom.,0,local_synthetic
"Dear CBE Customer, suspicious login detected on your account. Restore access now: http://telebirr-reward-2026.cfd/auth",1,local_synthetic
ማስጠንቀቂያ: የ Telebirr መለያዎ ታግዷል። እባክዎን በዚህ ሊንክ በመግባት መለያዎን ያረጋግጡ: http://cbe-online-fix.info/verify,1,local_synthetic
"Congratulations! You were selected for a 50,000 ETB Ethio Telecom promo reward. Enter phone number to claim: http://192.168.1.105/cbe-sec",1,local_synthetic
"Dear customer, your request for bill payment of 450 ETB has been completed. Thank you.",0,local_synthetic
"Congratulations! You were selected for a 50,000 ETB Ethio Telecom promo reward. Enter phone number to claim: http://cbe-online-fix.info/verify",1,local_synthetic
"Congratulations! You were selected for a 50,000 ETB Ethio Telecom promo reward. Enter phone number to claim: http://telebirr-reward-2026.cfd/auth",1,local_synthetic
ማስጠንቀቂያ: የ Telebirr መለያዎ ታግዷል። እባክዎን በዚህ ሊንክ በመግባት መለያዎን ያረጋግጡ: http://bit.ly/ethio-bonus-claim,1,local_synthetic
ማስጠንቀቂያ: የ Telebirr መለያዎ ታግዷል። እባክዎን በዚህ ሊንክ በመግባት መለያዎን ያረጋግጡ: http://cbe-online-fix.info/verify,1,local_synthetic
ከ 127: ውድ ደንበኛችን የ 100 ETB የአየር ሰዓት ሞልተዋል። ቀሪ ሂሳብዎ 120.50 ETB ነው።,0,local_synthetic
ከ 127: ውድ ደንበኛችን የ 100 ETB የአየር ሰዓት ሞልተዋል። ቀሪ ሂሳብዎ 120.50 ETB ነው።,0,local_synthetic
Telebirr: You have successfully bought 2GB 7-Days Data Package. Transaction ID: TX10033803. Thank you for using Ethio Telecom.,0,local_synthetic
"Dear Customer, ETB 1,500.00 credited to account 1000****706 from Tigist Alemu. Ref No: FT47018326. CBE",0,local_synthetic
"Congratulations! You were selected for a 50,000 ETB Ethio Telecom promo reward. Enter phone number to claim: http://cbe-online-fix.info/verify",1,local_synthetic
"Dear CBE Customer, suspicious login detected on your account. Restore access now: http://cbe-online-fix.info/verify",1,local_synthetic
"Dear customer, your request for bill payment of 450 ETB has been completed. Thank you.",0,local_synthetic
"Dear Customer, ETB 1,500.00 credited to account 1000****131 from Dawit Solomon. Ref No: FT67812978. CBE",0,local_synthetic
Urgent Telebirr Alert: Your wallet is suspended due to unverified KYC. Click here to update immediately: http://telebirr-verify-kyc.xyz/login.php,1,local_synthetic
Urgent Telebirr Alert: Your wallet is suspended due to unverified KYC. Click here to update immediately: http://ethiotel-bonus-5g.sbs/claim,1,local_synthetic
"Dear Customer, ETB 1,500.00 credited to account 1000****105 from Dawit Solomon. Ref No: FT56246482. CBE",0,local_synthetic
CBE Urgent Alert: Your mobile banking account 1000****565 has been locked. Verify identity at: http://telebirr-verify-kyc.xyz/login.php,1,local_synthetic
Your Ethio Telecom package will expire in 2 days. Dial *999# to renew your active monthly internet bundle.,0,local_synthetic
"Dear CBE Customer, suspicious login detected on your account. Restore access now: http://telebirr-verify-kyc.xyz/login.php",1,local_synthetic
ከ Ethio Telecom: 1000 ETB እና 5GB ነፃ የኢንተርኔት ስጦታ አሸንፈዋል! አሁኑኑ ለመቀበል: http://telebirr-verify-kyc.xyz/login.php,1,local_synthetic
ከ Ethio Telecom: 1000 ETB እና 5GB ነፃ የኢንተርኔት ስጦታ አሸንፈዋል! አሁኑኑ ለመቀበል: http://bit.ly/ethio-bonus-claim,1,local_synthetic
"Congratulations! You were selected for a 50,000 ETB Ethio Telecom promo reward. Enter phone number to claim: http://ethiotel-bonus-5g.sbs/claim",1,local_synthetic
"Dear customer, your request for bill payment of 450 ETB has been completed. Thank you.",0,local_synthetic
ከ Ethio Telecom: 1000 ETB እና 5GB ነፃ የኢንተርኔት ስጦታ አሸንፈዋል! አሁኑኑ ለመቀበል: http://cbe-birr-unblock.top/account,1,local_synthetic
"Dear CBE Customer, suspicious login detected on your account. Restore access now: http://telebirr-reward-2026.cfd/auth",1,local_synthetic
ከ Telebirr: 500.00 ETB ለ Sifen G. (0911***216) ተልኳል። Transaction ID: TX23356339. አጠቃላይ ቀሪ ሒሳብዎ 2450.50 ETB ነው።,0,local_synthetic
Telebirr: You have successfully bought 2GB 7-Days Data Package. Transaction ID: TX95050730. Thank you for using Ethio Telecom.,0,local_synthetic
ከ 127: ውድ ደንበኛችን የ 100 ETB የአየር ሰዓት ሞልተዋል። ቀሪ ሂሳብዎ 120.50 ETB ነው።,0,local_synthetic
ከ Ethio Telecom: 1000 ETB እና 5GB ነፃ የኢንተርኔት ስጦታ አሸንፈዋል! አሁኑኑ ለመቀበል: http://telebirr-verify-kyc.xyz/login.php,1,local_synthetic
"Dear Customer, ETB 200.00 debited from account 1000****293 for ATM Withdrawal. Ref No: FT91279910. CBE",0,local_synthetic
"Dear Customer, ETB 200.00 debited from account 1000****981 for ATM Withdrawal. Ref No: FT42721122. CBE",0,local_synthetic
ከ 127: ውድ ደንበኛችን የ 100 ETB የአየር ሰዓት ሞልተዋል። ቀሪ ሂሳብዎ 120.50 ETB ነው።,0,local_synthetic
"Dear CBE Customer, suspicious login detected on your account. Restore access now: http://192.168.1.105/cbe-sec",1,local_synthetic
CBE Urgent Alert: Your mobile banking account 1000****484 has been locked. Verify identity at: http://cbe-birr-unblock.top/account,1,local_synthetic
"Dear Customer, ETB 200.00 debited from account 1000****717 for ATM Withdrawal. Ref No: FT94776781. CBE",0,local_synthetic
ከ Ethio Telecom: 1000 ETB እና 5GB ነፃ የኢንተርኔት ስጦታ አሸንፈዋል! አሁኑኑ ለመቀበል: http://192.168.1.105/cbe-sec,1,local_synthetic
Telebirr: You have successfully bought 2GB 7-Days Data Package. Transaction ID: TX94101424. Thank you for using Ethio Telecom.,0,local_synthetic
Your Ethio Telecom package will expire in 2 days. Dial *999# to renew your active monthly internet bundle.,0,local_synthetic
"Dear Customer, ETB 1,500.00 credited to account 1000****871 from Tigist Alemu. Ref No: FT88982055. CBE",0,local_synthetic
ማስጠንቀቂያ: የ Telebirr መለያዎ ታግዷል። እባክዎን በዚህ ሊንክ በመግባት መለያዎን ያረጋግጡ: http://telebirr-reward-2026.cfd/auth,1,local_synthetic
ከ 127: ውድ ደንበኛችን የ 100 ETB የአየር ሰዓት ሞልተዋል። ቀሪ ሂሳብዎ 120.50 ETB ነው።,0,local_synthetic
ከ Telebirr: 500.00 ETB ለ Tigist Alemu (0911***147) ተልኳል። Transaction ID: TX27725042. አጠቃላይ ቀሪ ሒሳብዎ 2450.50 ETB ነው።,0,local_synthetic
ማስጠንቀቂያ: የ Telebirr መለያዎ ታግዷል። እባክዎን በዚህ ሊንክ በመግባት መለያዎን ያረጋግጡ: http://telebirr-reward-2026.cfd/auth,1,local_synthetic
Urgent Telebirr Alert: Your wallet is suspended due to unverified KYC. Click here to update immediately: http://bit.ly/ethio-bonus-claim,1,local_synthetic
Your Ethio Telecom package will expire in 2 days. Dial *999# to renew your active monthly internet bundle.,0,local_synthetic
Telebirr: You have successfully bought 2GB 7-Days Data Package. Transaction ID: TX40935968. Thank you for using Ethio Telecom.,0,local_synthetic
"Dear Customer, ETB 200.00 debited from account 1000****573 for ATM Withdrawal. Ref No: FT22711550. CBE",0,local_synthetic
ከ 994: የእርስዎ መለያ ለደህንነት ሲባል ተዘግቷል። ለማስተካከል ይጫኑ: http://192.168.1.105/cbe-sec,1,local_synthetic
"Dear customer, your request for bill payment of 450 ETB has been completed. Thank you.",0,local_synthetic
ከ 994: የእርስዎ መለያ ለደህንነት ሲባል ተዘግቷል። ለማስተካከል ይጫኑ: http://telebirr-reward-2026.cfd/auth,1,local_synthetic
"Dear Customer, ETB 200.00 debited from account 1000****215 for ATM Withdrawal. Ref No: FT54773964. CBE",0,local_synthetic
Telebirr: You have successfully bought 2GB 7-Days Data Package. Transaction ID: TX85835558. Thank you for using Ethio Telecom.,0,local_synthetic
ከ 994: የእርስዎ መለያ ለደህንነት ሲባል ተዘግቷል። ለማስተካከል ይጫኑ: http://cbe-birr-unblock.top/account,1,local_synthetic
Telebirr: You have successfully bought 2GB 7-Days Data Package. Transaction ID: TX66813991. Thank you for using Ethio Telecom.,0,local_synthetic
ከ Ethio Telecom: 1000 ETB እና 5GB ነፃ የኢንተርኔት ስጦታ አሸንፈዋል! አሁኑኑ ለመቀበል: http://192.168.1.105/cbe-sec,1,local_synthetic
"Congratulations! You were selected for a 50,000 ETB Ethio Telecom promo reward. Enter phone number to claim: http://ethiotel-bonus-5g.sbs/claim",1,local_synthetic
Telebirr: You have successfully bought 2GB 7-Days Data Package. Transaction ID: TX42677190. Thank you for using Ethio Telecom.,0,local_synthetic
Telebirr: You have successfully bought 2GB 7-Days Data Package. Transaction ID: TX91287871. Thank you for using Ethio Telecom.,0,local_synthetic
ከ 127: ውድ ደንበኛችን የ 100 ETB የአየር ሰዓት ሞልተዋል። ቀሪ ሂሳብዎ 120.50 ETB ነው።,0,local_synthetic
"Dear Customer, ETB 200.00 debited from account 1000****314 for ATM Withdrawal. Ref No: FT36503995. CBE",0,local_synthetic
ከ Telebirr: 500.00 ETB ለ Marta Tadesse (0911***836) ተልኳል። Transaction ID: TX81718588. አጠቃላይ ቀሪ ሒሳብዎ 2450.50 ETB ነው።,0,local_synthetic
"Dear CBE Customer, suspicious login detected on your account. Restore access now: http://bit.ly/ethio-bonus-claim",1,local_synthetic
ከ 127: ውድ ደንበኛችን የ 100 ETB የአየር ሰዓት ሞልተዋል። ቀሪ ሂሳብዎ 120.50 ETB ነው።,0,local_synthetic
CBE Urgent Alert: Your mobile banking account 1000****361 has been locked. Verify identity at: http://telebirr-verify-kyc.xyz/login.php,1,local_synthetic
Urgent Telebirr Alert: Your wallet is suspended due to unverified KYC. Click here to update immediately: http://ethiotel-bonus-5g.sbs/claim,1,local_synthetic
"Dear CBE Customer, suspicious login detected on your account. Restore access now: http://cbe-birr-unblock.top/account",1,local_synthetic
Telebirr: You have successfully bought 2GB 7-Days Data Package. Transaction ID: TX30128313. Thank you for using Ethio Telecom.,0,local_synthetic
Your Ethio Telecom package will expire in 2 days. Dial *999# to renew your active monthly internet bundle.,0,local_synthetic
Telebirr: You have successfully bought 2GB 7-Days Data Package. Transaction ID: TX12655579. Thank you for using Ethio Telecom.,0,local_synthetic
ማስጠንቀቂያ: የ Telebirr መለያዎ ታግዷል። እባክዎን በዚህ ሊንክ በመግባት መለያዎን ያረጋግጡ: http://telebirr-reward-2026.cfd/auth,1,local_synthetic
CBE Urgent Alert: Your mobile banking account 1000****272 has been locked. Verify identity at: http://telebirr-reward-2026.cfd/auth,1,local_synthetic
ከ Ethio Telecom: 1000 ETB እና 5GB ነፃ የኢንተርኔት ስጦታ አሸንፈዋል! አሁኑኑ ለመቀበል: http://cbe-online-fix.info/verify,1,local_synthetic
Telebirr: You have successfully bought 2GB 7-Days Data Package. Transaction ID: TX32053807. Thank you for using Ethio Telecom.,0,local_synthetic
"Dear Customer, ETB 1,500.00 credited to account 1000****809 from Abebe Kebede. Ref No: FT34018004. CBE",0,local_synthetic
"Dear Customer, ETB 200.00 debited from account 1000****959 for ATM Withdrawal. Ref No: FT37957101. CBE",0,local_synthetic
ከ Telebirr: 500.00 ETB ለ Abebe Kebede (0911***136) ተልኳል። Transaction ID: TX90106774. አጠቃላይ ቀሪ ሒሳብዎ 2450.50 ETB ነው።,0,local_synthetic
ከ Ethio Telecom: 1000 ETB እና 5GB ነፃ የኢንተርኔት ስጦታ አሸንፈዋል! አሁኑኑ ለመቀበል: http://ethiotel-bonus-5g.sbs/claim,1,local_synthetic
Urgent Telebirr Alert: Your wallet is suspended due to unverified KYC. Click here to update immediately: http://ethiotel-bonus-5g.sbs/claim,1,local_synthetic
ከ 127: ውድ ደንበኛችን የ 100 ETB የአየር ሰዓት ሞልተዋል። ቀሪ ሂሳብዎ 120.50 ETB ነው።,0,local_synthetic
Your Ethio Telecom package will expire in 2 days. Dial *999# to renew your active monthly internet bundle.,0,local_synthetic
Telebirr: You have successfully bought 2GB 7-Days Data Package. Transaction ID: TX84072525. Thank you for using Ethio Telecom.,0,local_synthetic
Urgent Telebirr Alert: Your wallet is suspended due to unverified KYC. Click here to update immediately: http://telebirr-reward-2026.cfd/auth,1,local_synthetic
"Dear customer, your request for bill payment of 450 ETB has been completed. Thank you.",0,local_synthetic
"Dear Customer, ETB 1,500.00 credited to account 1000****703 from Sifen G.. Ref No: FT53731064. CBE",0,local_synthetic
"Congratulations! You were selected for a 50,000 ETB Ethio Telecom promo reward. Enter phone number to claim: http://192.168.1.105/cbe-sec",1,local_synthetic
ከ 994: የእርስዎ መለያ ለደህንነት ሲባል ተዘግቷል። ለማስተካከል ይጫኑ: http://cbe-online-fix.info/verify,1,local_synthetic
Your Ethio Telecom package will expire in 2 days. Dial *999# to renew your active monthly internet bundle.,0,local_synthetic
ማስጠንቀቂያ: የ Telebirr መለያዎ ታግዷል። እባክዎን በዚህ ሊንክ በመግባት መለያዎን ያረጋግጡ: http://bit.ly/ethio-bonus-claim,1,local_synthetic
"Dear Customer, ETB 1,500.00 credited to account 1000****434 from Dawit Solomon. Ref No: FT32488859. CBE",0,local_synthetic
"Dear Customer, ETB 1,500.00 credited to account 1000****953 from Marta Tadesse. Ref No: FT86131436. CBE",0,local_synthetic
Telebirr: You have successfully bought 2GB 7-Days Data Package. Transaction ID: TX73452497. Thank you for using Ethio Telecom.,0,local_synthetic
CBE Urgent Alert: Your mobile banking account 1000****990 has been locked. Verify identity at: http://cbe-online-fix.info/verify,1,local_synthetic
ከ 994: የእርስዎ መለያ ለደህንነት ሲባል ተዘግቷል። ለማስተካከል ይጫኑ: http://bit.ly/ethio-bonus-claim,1,local_synthetic
"Congratulations! You were selected for a 50,000 ETB Ethio Telecom promo reward. Enter phone number to claim: http://telebirr-verify-kyc.xyz/login.php",1,local_synthetic
"Dear customer, your request for bill payment of 450 ETB has been completed. Thank you.",0,local_synthetic
ከ Ethio Telecom: 1000 ETB እና 5GB ነፃ የኢንተርኔት ስጦታ አሸንፈዋል! አሁኑኑ ለመቀበል: http://192.168.1.105/cbe-sec,1,local_synthetic
"Congratulations! You were selected for a 50,000 ETB Ethio Telecom promo reward. Enter phone number to claim: http://bit.ly/ethio-bonus-claim",1,local_synthetic
"Congratulations! You were selected for a 50,000 ETB Ethio Telecom promo reward. Enter phone number to claim: http://telebirr-verify-kyc.xyz/login.php",1,local_synthetic
ከ Ethio Telecom: 1000 ETB እና 5GB ነፃ የኢንተርኔት ስጦታ አሸንፈዋል! አሁኑኑ ለመቀበል: http://ethiotel-bonus-5g.sbs/claim,1,local_synthetic
"Dear customer, your request for bill payment of 450 ETB has been completed. Thank you.",0,local_synthetic
"Dear customer, your request for bill payment of 450 ETB has been completed. Thank you.",0,local_synthetic
ከ Telebirr: 500.00 ETB ለ Tigist Alemu (0911***942) ተልኳል። Transaction ID: TX16811325. አጠቃላይ ቀሪ ሒሳብዎ 2450.50 ETB ነው።,0,local_synthetic
"Dear customer, your request for bill payment of 450 ETB has been completed. Thank you.",0,local_synthetic
Your Ethio Telecom package will expire in 2 days. Dial *999# to renew your active monthly internet bundle.,0,local_synthetic
Your Ethio Telecom package will expire in 2 days. Dial *999# to renew your active monthly internet bundle.,0,local_synthetic
ማስጠንቀቂያ: የ Telebirr መለያዎ ታግዷል። እባክዎን በዚህ ሊንክ በመግባት መለያዎን ያረጋግጡ: http://cbe-online-fix.info/verify,1,local_synthetic
"Congratulations! You were selected for a 50,000 ETB Ethio Telecom promo reward. Enter phone number to claim: http://bit.ly/ethio-bonus-claim",1,local_synthetic
"Congratulations! You were selected for a 50,000 ETB Ethio Telecom promo reward. Enter phone number to claim: http://192.168.1.105/cbe-sec",1,local_synthetic
ከ Telebirr: 500.00 ETB ለ Tigist Alemu (0911***616) ተልኳል። Transaction ID: TX94456790. አጠቃላይ ቀሪ ሒሳብዎ 2450.50 ETB ነው።,0,local_synthetic
"Dear CBE Customer, suspicious login detected on your account. Restore access now: http://192.168.1.105/cbe-sec",1,local_synthetic
Telebirr: You have successfully bought 2GB 7-Days Data Package. Transaction ID: TX40084414. Thank you for using Ethio Telecom.,0,local_synthetic
Urgent Telebirr Alert: Your wallet is suspended due to unverified KYC. Click here to update immediately: http://192.168.1.105/cbe-sec,1,local_synthetic
CBE Urgent Alert: Your mobile banking account 1000****658 has been locked. Verify identity at: http://cbe-online-fix.info/verify,1,local_synthetic
ከ 127: ውድ ደንበኛችን የ 100 ETB የአየር ሰዓት ሞልተዋል። ቀሪ ሂሳብዎ 120.50 ETB ነው።,0,local_synthetic
ከ Telebirr: 500.00 ETB ለ Sifen G. (0911***877) ተልኳል። Transaction ID: TX14207112. አጠቃላይ ቀሪ ሒሳብዎ 2450.50 ETB ነው።,0,local_synthetic
ከ 127: ውድ ደንበኛችን የ 100 ETB የአየር ሰዓት ሞልተዋል። ቀሪ ሂሳብዎ 120.50 ETB ነው።,0,local_synthetic
Your Ethio Telecom package will expire in 2 days. Dial *999# to renew your active monthly internet bundle.,0,local_synthetic
ከ Telebirr: 500.00 ETB ለ Sifen G. (0911***855) ተልኳል። Transaction ID: TX89516357. አጠቃላይ ቀሪ ሒሳብዎ 2450.50 ETB ነው።,0,local_synthetic
Your Ethio Telecom package will expire in 2 days. Dial *999# to renew your active monthly internet bundle.,0,local_synthetic
"Dear CBE Customer, suspicious login detected on your account. Restore access now: http://cbe-online-fix.info/verify",1,local_synthetic
ማስጠንቀቂያ: የ Telebirr መለያዎ ታግዷል። እባክዎን በዚህ ሊንክ በመግባት መለያዎን ያረጋግጡ: http://bit.ly/ethio-bonus-claim,1,local_synthetic
"Congratulations! You were selected for a 50,000 ETB Ethio Telecom promo reward. Enter phone number to claim: http://cbe-online-fix.info/verify",1,local_synthetic
"Dear Customer, ETB 1,500.00 credited to account 1000****488 from Dawit Solomon. Ref No: FT40328272. CBE",0,local_synthetic
"Dear customer, your request for bill payment of 450 ETB has been completed. Thank you.",0,local_synthetic
"Dear customer, your request for bill payment of 450 ETB has been completed. Thank you.",0,local_synthetic
"Dear Customer, ETB 1,500.00 credited to account 1000****147 from Abebe Kebede. Ref No: FT81267823. CBE",0,local_synthetic
Telebirr: You have successfully bought 2GB 7-Days Data Package. Transaction ID: TX91529359. Thank you for using Ethio Telecom.,0,local_synthetic
ከ 127: ውድ ደንበኛችን የ 100 ETB የአየር ሰዓት ሞልተዋል። ቀሪ ሂሳብዎ 120.50 ETB ነው።,0,local_synthetic
Urgent Telebirr Alert: Your wallet is suspended due to unverified KYC. Click here to update immediately: http://192.168.1.105/cbe-sec,1,local_synthetic
ከ Ethio Telecom: 1000 ETB እና 5GB ነፃ የኢንተርኔት ስጦታ አሸንፈዋል! አሁኑኑ ለመቀበል: http://cbe-birr-unblock.top/account,1,local_synthetic
ከ Ethio Telecom: 1000 ETB እና 5GB ነፃ የኢንተርኔት ስጦታ አሸንፈዋል! አሁኑኑ ለመቀበል: http://telebirr-verify-kyc.xyz/login.php,1,local_synthetic
CBE Urgent Alert: Your mobile banking account 1000****557 has been locked. Verify identity at: http://192.168.1.105/cbe-sec,1,local_synthetic
"Dear customer, your request for bill payment of 450 ETB has been completed. Thank you.",0,local_synthetic
CBE Urgent Alert: Your mobile banking account 1000****372 has been locked. Verify identity at: http://cbe-birr-unblock.top/account,1,local_synthetic
Telebirr: You have successfully bought 2GB 7-Days Data Package. Transaction ID: TX10106001. Thank you for using Ethio Telecom.,0,local_synthetic
ማስጠንቀቂያ: የ Telebirr መለያዎ ታግዷል። እባክዎን በዚህ ሊንክ በመግባት መለያዎን ያረጋግጡ: http://cbe-online-fix.info/verify,1,local_synthetic
Your Ethio Telecom package will expire in 2 days. Dial *999# to renew your active monthly internet bundle.,0,local_synthetic
ከ Ethio Telecom: 1000 ETB እና 5GB ነፃ የኢንተርኔት ስጦታ አሸንፈዋል! አሁኑኑ ለመቀበል: http://telebirr-reward-2026.cfd/auth,1,local_synthetic
"Dear CBE Customer, suspicious login detected on your account. Restore access now: http://cbe-birr-unblock.top/account",1,local_synthetic
Telebirr: You have successfully bought 2GB 7-Days Data Package. Transaction ID: TX98875202. Thank you for using Ethio Telecom.,0,local_synthetic
"Dear Customer, ETB 1,500.00 credited to account 1000****399 from Marta Tadesse. Ref No: FT16573691. CBE",0,local_synthetic
ማስጠንቀቂያ: የ Telebirr መለያዎ ታግዷል። እባክዎን በዚህ ሊንክ በመግባት መለያዎን ያረጋግጡ: http://bit.ly/ethio-bonus-claim,1,local_synthetic
Urgent Telebirr Alert: Your wallet is suspended due to unverified KYC. Click here to update immediately: http://ethiotel-bonus-5g.sbs/claim,1,local_synthetic
"Dear Customer, ETB 200.00 debited from account 1000****897 for ATM Withdrawal. Ref No: FT18961632. CBE",0,local_synthetic
Your Ethio Telecom package will expire in 2 days. Dial *999# to renew your active monthly internet bundle.,0,local_synthetic
Telebirr: You have successfully bought 2GB 7-Days Data Package. Transaction ID: TX95062060. Thank you for using Ethio Telecom.,0,local_synthetic
ከ 994: የእርስዎ መለያ ለደህንነት ሲባል ተዘግቷል። ለማስተካከል ይጫኑ: http://ethiotel-bonus-5g.sbs/claim,1,local_synthetic
Urgent Telebirr Alert: Your wallet is suspended due to unverified KYC. Click here to update immediately: http://bit.ly/ethio-bonus-claim,1,local_synthetic
ከ Ethio Telecom: 1000 ETB እና 5GB ነፃ የኢንተርኔት ስጦታ አሸንፈዋል! አሁኑኑ ለመቀበል: http://bit.ly/ethio-bonus-claim,1,local_synthetic
"Dear Customer, ETB 1,500.00 credited to account 1000****166 from Sifen G.. Ref No: FT56076172. CBE",0,local_synthetic
"Dear Customer, ETB 1,500.00 credited to account 1000****217 from Dawit Solomon. Ref No: FT42657083. CBE",0,local_synthetic
"Dear CBE Customer, suspicious login detected on your account. Restore access now: http://cbe-birr-unblock.top/account",1,local_synthetic
"Dear CBE Customer, suspicious login detected on your account. Restore access now: http://192.168.1.105/cbe-sec",1,local_synthetic
ከ 127: ውድ ደንበኛችን የ 100 ETB የአየር ሰዓት ሞልተዋል። ቀሪ ሂሳብዎ 120.50 ETB ነው።,0,local_synthetic
Telebirr: You have successfully bought 2GB 7-Days Data Package. Transaction ID: TX58747862. Thank you for using Ethio Telecom.,0,local_synthetic
"Dear Customer, ETB 200.00 debited from account 1000****496 for ATM Withdrawal. Ref No: FT44167428. CBE",0,local_synthetic
Your Ethio Telecom package will expire in 2 days. Dial *999# to renew your active monthly internet bundle.,0,local_synthetic
"Dear Customer, ETB 1,500.00 credited to account 1000****338 from Tigist Alemu. Ref No: FT41415114. CBE",0,local_synthetic
"Congratulations! You were selected for a 50,000 ETB Ethio Telecom promo reward. Enter phone number to claim: http://192.168.1.105/cbe-sec",1,local_synthetic
ከ 994: የእርስዎ መለያ ለደህንነት ሲባል ተዘግቷል። ለማስተካከል ይጫኑ: http://telebirr-reward-2026.cfd/auth,1,local_synthetic
CBE Urgent Alert: Your mobile banking account 1000****608 has been locked. Verify identity at: http://telebirr-verify-kyc.xyz/login.php,1,local_synthetic
"Dear CBE Customer, suspicious login detected on your account. Restore access now: http://telebirr-reward-2026.cfd/auth",1,local_synthetic
CBE Urgent Alert: Your mobile banking account 1000****575 has been locked. Verify identity at: http://cbe-online-fix.info/verify,1,local_synthetic
ከ Ethio Telecom: 1000 ETB እና 5GB ነፃ የኢንተርኔት ስጦታ አሸንፈዋል! አሁኑኑ ለመቀበል: http://telebirr-reward-2026.cfd/auth,1,local_synthetic
"Congratulations! You were selected for a 50,000 ETB Ethio Telecom promo reward. Enter phone number to claim: http://cbe-birr-unblock.top/account",1,local_synthetic
"Congratulations! You were selected for a 50,000 ETB Ethio Telecom promo reward. Enter phone number to claim: http://bit.ly/ethio-bonus-claim",1,local_synthetic
Your Ethio Telecom package will expire in 2 days. Dial *999# to renew your active monthly internet bundle.,0,local_synthetic
Urgent Telebirr Alert: Your wallet is suspended due to unverified KYC. Click here to update immediately: http://bit.ly/ethio-bonus-claim,1,local_synthetic
"Dear CBE Customer, suspicious login detected on your account. Restore access now: http://telebirr-verify-kyc.xyz/login.php",1,local_synthetic
ከ Ethio Telecom: 1000 ETB እና 5GB ነፃ የኢንተርኔት ስጦታ አሸንፈዋል! አሁኑኑ ለመቀበል: http://cbe-online-fix.info/verify,1,local_synthetic
"Dear CBE Customer, suspicious login detected on your account. Restore access now: http://cbe-online-fix.info/verify",1,local_synthetic
Urgent Telebirr Alert: Your wallet is suspended due to unverified KYC. Click here to update immediately: http://192.168.1.105/cbe-sec,1,local_synthetic
ከ Telebirr: 500.00 ETB ለ Marta Tadesse (0911***768) ተልኳል። Transaction ID: TX62188959. አጠቃላይ ቀሪ ሒሳብዎ 2450.50 ETB ነው።,0,local_synthetic
"Dear Customer, ETB 1,500.00 credited to account 1000****543 from Sifen G.. Ref No: FT42893494. CBE",0,local_synthetic
Your Ethio Telecom package will expire in 2 days. Dial *999# to renew your active monthly internet bundle.,0,local_synthetic
ከ 994: የእርስዎ መለያ ለደህንነት ሲባል ተዘግቷል። ለማስተካከል ይጫኑ: http://ethiotel-bonus-5g.sbs/claim,1,local_synthetic
Telebirr: You have successfully bought 2GB 7-Days Data Package. Transaction ID: TX26312145. Thank you for using Ethio Telecom.,0,local_synthetic
ማስጠንቀቂያ: የ Telebirr መለያዎ ታግዷል። እባክዎን በዚህ ሊንክ በመግባት መለያዎን ያረጋግጡ: http://telebirr-reward-2026.cfd/auth,1,local_synthetic
Telebirr: You have successfully bought 2GB 7-Days Data Package. Transaction ID: TX51074573. Thank you for using Ethio Telecom.,0,local_synthetic
ከ Ethio Telecom: 1000 ETB እና 5GB ነፃ የኢንተርኔት ስጦታ አሸንፈዋል! አሁኑኑ ለመቀበል: http://bit.ly/ethio-bonus-claim,1,local_synthetic
"Dear customer, your request for bill payment of 450 ETB has been completed. Thank you.",0,local_synthetic
"Dear customer, your request for bill payment of 450 ETB has been completed. Thank you.",0,local_synthetic
CBE Urgent Alert: Your mobile banking account 1000****120 has been locked. Verify identity at: http://cbe-online-fix.info/verify,1,local_synthetic
Your Ethio Telecom package will expire in 2 days. Dial *999# to renew your active monthly internet bundle.,0,local_synthetic
ማስጠንቀቂያ: የ Telebirr መለያዎ ታግዷል። እባክዎን በዚህ ሊንክ በመግባት መለያዎን ያረጋግጡ: http://cbe-birr-unblock.top/account,1,local_synthetic
"Dear customer, your request for bill payment of 450 ETB has been completed. Thank you.",0,local_synthetic
"Dear CBE Customer, suspicious login detected on your account. Restore access now: http://bit.ly/ethio-bonus-claim",1,local_synthetic
"Dear Customer, ETB 200.00 debited from account 1000****902 for ATM Withdrawal. Ref No: FT41332780. CBE",0,local_synthetic
ከ 994: የእርስዎ መለያ ለደህንነት ሲባል ተዘግቷል። ለማስተካከል ይጫኑ: http://cbe-online-fix.info/verify,1,local_synthetic
Urgent Telebirr Alert: Your wallet is suspended due to unverified KYC. Click here to update immediately: http://telebirr-reward-2026.cfd/auth,1,local_synthetic
"Congratulations! You were selected for a 50,000 ETB Ethio Telecom promo reward. Enter phone number to claim: http://cbe-online-fix.info/verify",1,local_synthetic
"Congratulations! You were selected for a 50,000 ETB Ethio Telecom promo reward. Enter phone number to claim: http://192.168.1.105/cbe-sec",1,local_synthetic
Urgent Telebirr Alert: Your wallet is suspended due to unverified KYC. Click here to update immediately: http://ethiotel-bonus-5g.sbs/claim,1,local_synthetic
ማስጠንቀቂያ: የ Telebirr መለያዎ ታግዷል። እባክዎን በዚህ ሊንክ በመግባት መለያዎን ያረጋግጡ: http://cbe-online-fix.info/verify,1,local_synthetic
ማስጠንቀቂያ: የ Telebirr መለያዎ ታግዷል። እባክዎን በዚህ ሊንክ በመግባት መለያዎን ያረጋግጡ: http://cbe-birr-unblock.top/account,1,local_synthetic
ከ Ethio Telecom: 1000 ETB እና 5GB ነፃ የኢንተርኔት ስጦታ አሸንፈዋል! አሁኑኑ ለመቀበል: http://cbe-birr-unblock.top/account,1,local_synthetic
Urgent Telebirr Alert: Your wallet is suspended due to unverified KYC. Click here to update immediately: http://bit.ly/ethio-bonus-claim,1,local_synthetic
ከ 994: የእርስዎ መለያ ለደህንነት ሲባል ተዘግቷል። ለማስተካከል ይጫኑ: http://telebirr-verify-kyc.xyz/login.php,1,local_synthetic
Telebirr: You have successfully bought 2GB 7-Days Data Package. Transaction ID: TX27233897. Thank you for using Ethio Telecom.,0,local_synthetic
ከ Telebirr: 500.00 ETB ለ Tigist Alemu (0911***386) ተልኳል። Transaction ID: TX62517858. አጠቃላይ ቀሪ ሒሳብዎ 2450.50 ETB ነው።,0,local_synthetic
"Congratulations! You were selected for a 50,000 ETB Ethio Telecom promo reward. Enter phone number to claim: http://bit.ly/ethio-bonus-claim",1,local_synthetic
"Dear Customer, ETB 1,500.00 credited to account 1000****914 from Dawit Solomon. Ref No: FT81646389. CBE",0,local_synthetic
Your Ethio Telecom package will expire in 2 days. Dial *999# to renew your active monthly internet bundle.,0,local_synthetic
"Dear Customer, ETB 1,500.00 credited to account 1000****710 from Dawit Solomon. Ref No: FT38952011. CBE",0,local_synthetic
ከ 127: ውድ ደንበኛችን የ 100 ETB የአየር ሰዓት ሞልተዋል። ቀሪ ሂሳብዎ 120.50 ETB ነው።,0,local_synthetic
Telebirr: You have successfully bought 2GB 7-Days Data Package. Transaction ID: TX55932480. Thank you for using Ethio Telecom.,0,local_synthetic
ከ 994: የእርስዎ መለያ ለደህንነት ሲባል ተዘግቷል። ለማስተካከል ይጫኑ: http://bit.ly/ethio-bonus-claim,1,local_synthetic
Your Ethio Telecom package will expire in 2 days. Dial *999# to renew your active monthly internet bundle.,0,local_synthetic
"Dear Customer, ETB 1,500.00 credited to account 1000****612 from Tigist Alemu. Ref No: FT24495582. CBE",0,local_synthetic
"Dear customer, your request for bill payment of 450 ETB has been completed. Thank you.",0,local_synthetic
Telebirr: You have successfully bought 2GB 7-Days Data Package. Transaction ID: TX95474363. Thank you for using Ethio Telecom.,0,local_synthetic
Your Ethio Telecom package will expire in 2 days. Dial *999# to renew your active monthly internet bundle.,0,local_synthetic
ከ 994: የእርስዎ መለያ ለደህንነት ሲባል ተዘግቷል። ለማስተካከል ይጫኑ: http://cbe-online-fix.info/verify,1,local_synthetic
"Dear Customer, ETB 1,500.00 credited to account 1000****905 from Sifen G.. Ref No: FT75001318. CBE",0,local_synthetic
"Dear Customer, ETB 1,500.00 credited to account 1000****962 from Abebe Kebede. Ref No: FT99979779. CBE",0,local_synthetic
"Dear CBE Customer, suspicious login detected on your account. Restore access now: http://telebirr-verify-kyc.xyz/login.php",1,local_synthetic
Telebirr: You have successfully bought 2GB 7-Days Data Package. Transaction ID: TX36316498. Thank you for using Ethio Telecom.,0,local_synthetic
ከ 994: የእርስዎ መለያ ለደህንነት ሲባል ተዘግቷል። ለማስተካከል ይጫኑ: http://telebirr-verify-kyc.xyz/login.php,1,local_synthetic
"Dear customer, your request for bill payment of 450 ETB has been completed. Thank you.",0,local_synthetic
"Dear CBE Customer, suspicious login detected on your account. Restore access now: http://ethiotel-bonus-5g.sbs/claim",1,local_synthetic
Your Ethio Telecom package will expire in 2 days. Dial *999# to renew your active monthly internet bundle.,0,local_synthetic
Urgent Telebirr Alert: Your wallet is suspended due to unverified KYC. Click here to update immediately: http://cbe-online-fix.info/verify,1,local_synthetic
ከ 994: የእርስዎ መለያ ለደህንነት ሲባል ተዘግቷል። ለማስተካከል ይጫኑ: http://ethiotel-bonus-5g.sbs/claim,1,local_synthetic
CBE Urgent Alert: Your mobile banking account 1000****635 has been locked. Verify identity at: http://telebirr-reward-2026.cfd/auth,1,local_synthetic
ማስጠንቀቂያ: የ Telebirr መለያዎ ታግዷል። እባክዎን በዚህ ሊንክ በመግባት መለያዎን ያረጋግጡ: http://ethiotel-bonus-5g.sbs/claim,1,local_synthetic
ከ Ethio Telecom: 1000 ETB እና 5GB ነፃ የኢንተርኔት ስጦታ አሸንፈዋል! አሁኑኑ ለመቀበል: http://cbe-birr-unblock.top/account,1,local_synthetic
ከ Ethio Telecom: 1000 ETB እና 5GB ነፃ የኢንተርኔት ስጦታ አሸንፈዋል! አሁኑኑ ለመቀበል: http://telebirr-reward-2026.cfd/auth,1,local_synthetic
ከ Telebirr: 500.00 ETB ለ Marta Tadesse (0911***741) ተልኳል። Transaction ID: TX33397633. አጠቃላይ ቀሪ ሒሳብዎ 2450.50 ETB ነው።,0,local_synthetic
ከ Telebirr: 500.00 ETB ለ Marta Tadesse (0911***177) ተልኳል። Transaction ID: TX31569582. አጠቃላይ ቀሪ ሒሳብዎ 2450.50 ETB ነው።,0,local_synthetic
ከ Telebirr: 500.00 ETB ለ Abebe Kebede (0911***315) ተልኳል። Transaction ID: TX57476362. አጠቃላይ ቀሪ ሒሳብዎ 2450.50 ETB ነው።,0,local_synthetic
ከ 127: ውድ ደንበኛችን የ 100 ETB የአየር ሰዓት ሞልተዋል። ቀሪ ሂሳብዎ 120.50 ETB ነው።,0,local_synthetic
Telebirr: You have successfully bought 2GB 7-Days Data Package. Transaction ID: TX15863365. Thank you for using Ethio Telecom.,0,local_synthetic
"Dear CBE Customer, suspicious login detected on your account. Restore access now: http://cbe-birr-unblock.top/account",1,local_synthetic
ከ Telebirr: 500.00 ETB ለ Marta Tadesse (0911***473) ተልኳል። Transaction ID: TX87721531. አጠቃላይ ቀሪ ሒሳብዎ 2450.50 ETB ነው።,0,local_synthetic
ማስጠንቀቂያ: የ Telebirr መለያዎ ታግዷል። እባክዎን በዚህ ሊንክ በመግባት መለያዎን ያረጋግጡ: http://cbe-online-fix.info/verify,1,local_synthetic
ከ Ethio Telecom: 1000 ETB እና 5GB ነፃ የኢንተርኔት ስጦታ አሸንፈዋል! አሁኑኑ ለመቀበል: http://telebirr-verify-kyc.xyz/login.php,1,local_synthetic
Urgent Telebirr Alert: Your wallet is suspended due to unverified KYC. Click here to update immediately: http://cbe-birr-unblock.top/account,1,local_synthetic
ከ Ethio Telecom: 1000 ETB እና 5GB ነፃ የኢንተርኔት ስጦታ አሸንፈዋል! አሁኑኑ ለመቀበል: http://telebirr-reward-2026.cfd/auth,1,local_synthetic
ከ 127: ውድ ደንበኛችን የ 100 ETB የአየር ሰዓት ሞልተዋል። ቀሪ ሂሳብዎ 120.50 ETB ነው።,0,local_synthetic
ከ Ethio Telecom: 1000 ETB እና 5GB ነፃ የኢንተርኔት ስጦታ አሸንፈዋል! አሁኑኑ ለመቀበል: http://telebirr-verify-kyc.xyz/login.php,1,local_synthetic
ማስጠንቀቂያ: የ Telebirr መለያዎ ታግዷል። እባክዎን በዚህ ሊንክ በመግባት መለያዎን ያረጋግጡ: http://telebirr-verify-kyc.xyz/login.php,1,local_synthetic
Urgent Telebirr Alert: Your wallet is suspended due to unverified KYC. Click here to update immediately: http://bit.ly/ethio-bonus-claim,1,local_synthetic
Your Ethio Telecom package will expire in 2 days. Dial *999# to renew your active monthly internet bundle.,0,local_synthetic
ከ Telebirr: 500.00 ETB ለ Dawit Solomon (0911***317) ተልኳል። Transaction ID: TX63584462. አጠቃላይ ቀሪ ሒሳብዎ 2450.50 ETB ነው።,0,local_synthetic
"Congratulations! You were selected for a 50,000 ETB Ethio Telecom promo reward. Enter phone number to claim: http://cbe-online-fix.info/verify",1,local_synthetic
Telebirr: You have successfully bought 2GB 7-Days Data Package. Transaction ID: TX29609967. Thank you for using Ethio Telecom.,0,local_synthetic
Telebirr: You have successfully bought 2GB 7-Days Data Package. Transaction ID: TX55631940. Thank you for using Ethio Telecom.,0,local_synthetic
Your Ethio Telecom package will expire in 2 days. Dial *999# to renew your active monthly internet bundle.,0,local_synthetic
"Congratulations! You were selected for a 50,000 ETB Ethio Telecom promo reward. Enter phone number to claim: http://ethiotel-bonus-5g.sbs/claim",1,local_synthetic
Telebirr: You have successfully bought 2GB 7-Days Data Package. Transaction ID: TX27541607. Thank you for using Ethio Telecom.,0,local_synthetic
"Congratulations! You were selected for a 50,000 ETB Ethio Telecom promo reward. Enter phone number to claim: http://ethiotel-bonus-5g.sbs/claim",1,local_synthetic
CBE Urgent Alert: Your mobile banking account 1000****453 has been locked. Verify identity at: http://ethiotel-bonus-5g.sbs/claim,1,local_synthetic
Your Ethio Telecom package will expire in 2 days. Dial *999# to renew your active monthly internet bundle.,0,local_synthetic
Your Ethio Telecom package will expire in 2 days. Dial *999# to renew your active monthly internet bundle.,0,local_synthetic
ከ Telebirr: 500.00 ETB ለ Tigist Alemu (0911***306) ተልኳል። Transaction ID: TX64817449. አጠቃላይ ቀሪ ሒሳብዎ 2450.50 ETB ነው።,0,local_synthetic
Your Ethio Telecom package will expire in 2 days. Dial *999# to renew your active monthly internet bundle.,0,local_synthetic
ከ Ethio Telecom: 1000 ETB እና 5GB ነፃ የኢንተርኔት ስጦታ አሸንፈዋል! አሁኑኑ ለመቀበል: http://192.168.1.105/cbe-sec,1,local_synthetic
"Dear CBE Customer, suspicious login detected on your account. Restore access now: http://192.168.1.105/cbe-sec",1,local_synthetic
"Dear Customer, ETB 1,500.00 credited to account 1000****198 from Tigist Alemu. Ref No: FT64382331. CBE",0,local_synthetic
"Congratulations! You were selected for a 50,000 ETB Ethio Telecom promo reward. Enter phone number to claim: http://cbe-online-fix.info/verify",1,local_synthetic
"Dear Customer, ETB 1,500.00 credited to account 1000****125 from Dawit Solomon. Ref No: FT37973758. CBE",0,local_synthetic
ከ Telebirr: 500.00 ETB ለ Tigist Alemu (0911***582) ተልኳል። Transaction ID: TX16589591. አጠቃላይ ቀሪ ሒሳብዎ 2450.50 ETB ነው።,0,local_synthetic
"Dear Customer, ETB 200.00 debited from account 1000****692 for ATM Withdrawal. Ref No: FT62094405. CBE",0,local_synthetic
Telebirr: You have successfully bought 2GB 7-Days Data Package. Transaction ID: TX43783035. Thank you for using Ethio Telecom.,0,local_synthetic
"Dear Customer, ETB 200.00 debited from account 1000****922 for ATM Withdrawal. Ref No: FT25655600. CBE",0,local_synthetic
"Dear Customer, ETB 1,500.00 credited to account 1000****277 from Tigist Alemu. Ref No: FT45162987. CBE",0,local_synthetic
ከ 127: ውድ ደንበኛችን የ 100 ETB የአየር ሰዓት ሞልተዋል። ቀሪ ሂሳብዎ 120.50 ETB ነው።,0,local_synthetic
"Dear Customer, ETB 1,500.00 credited to account 1000****607 from Tigist Alemu. Ref No: FT71392489. CBE",0,local_synthetic
"Dear CBE Customer, suspicious login detected on your account. Restore access now: http://cbe-birr-unblock.top/account",1,local_synthetic
ማስጠንቀቂያ: የ Telebirr መለያዎ ታግዷል። እባክዎን በዚህ ሊንክ በመግባት መለያዎን ያረጋግጡ: http://telebirr-verify-kyc.xyz/login.php,1,local_synthetic
"Dear Customer, ETB 1,500.00 credited to account 1000****298 from Tigist Alemu. Ref No: FT80037255. CBE",0,local_synthetic
Your Ethio Telecom package will expire in 2 days. Dial *999# to renew your active monthly internet bundle.,0,local_synthetic
ከ 994: የእርስዎ መለያ ለደህንነት ሲባል ተዘግቷል። ለማስተካከል ይጫኑ: http://cbe-birr-unblock.top/account,1,local_synthetic
Urgent Telebirr Alert: Your wallet is suspended due to unverified KYC. Click here to update immediately: http://bit.ly/ethio-bonus-claim,1,local_synthetic
Your Ethio Telecom package will expire in 2 days. Dial *999# to renew your active monthly internet bundle.,0,local_synthetic
Telebirr: You have successfully bought 2GB 7-Days Data Package. Transaction ID: TX60061490. Thank you for using Ethio Telecom.,0,local_synthetic
"Dear Customer, ETB 200.00 debited from account 1000****322 for ATM Withdrawal. Ref No: FT74059122. CBE",0,local_synthetic
CBE Urgent Alert: Your mobile banking account 1000****897 has been locked. Verify identity at: http://ethiotel-bonus-5g.sbs/claim,1,local_synthetic
ከ Telebirr: 500.00 ETB ለ Abebe Kebede (0911***869) ተልኳል። Transaction ID: TX95547895. አጠቃላይ ቀሪ ሒሳብዎ 2450.50 ETB ነው።,0,local_synthetic
Your Ethio Telecom package will expire in 2 days. Dial *999# to renew your active monthly internet bundle.,0,local_synthetic
ከ Telebirr: 500.00 ETB ለ Marta Tadesse (0911***891) ተልኳል። Transaction ID: TX92825073. አጠቃላይ ቀሪ ሒሳብዎ 2450.50 ETB ነው።,0,local_synthetic
ከ 994: የእርስዎ መለያ ለደህንነት ሲባል ተዘግቷል። ለማስተካከል ይጫኑ: http://bit.ly/ethio-bonus-claim,1,local_synthetic
ከ Telebirr: 500.00 ETB ለ Sifen G. (0911***833) ተልኳል። Transaction ID: TX73926113. አጠቃላይ ቀሪ ሒሳብዎ 2450.50 ETB ነው።,0,local_synthetic
Telebirr: You have successfully bought 2GB 7-Days Data Package. Transaction ID: TX72995178. Thank you for using Ethio Telecom.,0,local_synthetic
"Congratulations! You were selected for a 50,000 ETB Ethio Telecom promo reward. Enter phone number to claim: http://telebirr-verify-kyc.xyz/login.php",1,local_synthetic
ከ 127: ውድ ደንበኛችን የ 100 ETB የአየር ሰዓት ሞልተዋል። ቀሪ ሂሳብዎ 120.50 ETB ነው።,0,local_synthetic
Urgent Telebirr Alert: Your wallet is suspended due to unverified KYC. Click here to update immediately: http://telebirr-verify-kyc.xyz/login.php,1,local_synthetic
"Dear customer, your request for bill payment of 450 ETB has been completed. Thank you.",0,local_synthetic
"Dear Customer, ETB 200.00 debited from account 1000****995 for ATM Withdrawal. Ref No: FT97136689. CBE",0,local_synthetic
CBE Urgent Alert: Your mobile banking account 1000****115 has been locked. Verify identity at: http://192.168.1.105/cbe-sec,1,local_synthetic
ማስጠንቀቂያ: የ Telebirr መለያዎ ታግዷል። እባክዎን በዚህ ሊንክ በመግባት መለያዎን ያረጋግጡ: http://bit.ly/ethio-bonus-claim,1,local_synthetic
"Dear customer, your request for bill payment of 450 ETB has been completed. Thank you.",0,local_synthetic
ከ 127: ውድ ደንበኛችን የ 100 ETB የአየር ሰዓት ሞልተዋል። ቀሪ ሂሳብዎ 120.50 ETB ነው።,0,local_synthetic
"Congratulations! You were selected for a 50,000 ETB Ethio Telecom promo reward. Enter phone number to claim: http://ethiotel-bonus-5g.sbs/claim",1,local_synthetic
Telebirr: You have successfully bought 2GB 7-Days Data Package. Transaction ID: TX82205413. Thank you for using Ethio Telecom.,0,local_synthetic
"Dear Customer, ETB 200.00 debited from account 1000****380 for ATM Withdrawal. Ref No: FT60128709. CBE",0,local_synthetic
"Dear CBE Customer, suspicious login detected on your account. Restore access now: http://ethiotel-bonus-5g.sbs/claim",1,local_synthetic
ከ 994: የእርስዎ መለያ ለደህንነት ሲባል ተዘግቷል። ለማስተካከል ይጫኑ: http://ethiotel-bonus-5g.sbs/claim,1,local_synthetic
ከ 127: ውድ ደንበኛችን የ 100 ETB የአየር ሰዓት ሞልተዋል። ቀሪ ሂሳብዎ 120.50 ETB ነው።,0,local_synthetic
ከ 127: ውድ ደንበኛችን የ 100 ETB የአየር ሰዓት ሞልተዋል። ቀሪ ሂሳብዎ 120.50 ETB ነው።,0,local_synthetic
"Congratulations! You were selected for a 50,000 ETB Ethio Telecom promo reward. Enter phone number to claim: http://cbe-birr-unblock.top/account",1,local_synthetic
ከ Telebirr: 500.00 ETB ለ Sifen G. (0911***198) ተልኳል። Transaction ID: TX31770162. አጠቃላይ ቀሪ ሒሳብዎ 2450.50 ETB ነው።,0,local_synthetic
"Dear customer, your request for bill payment of 450 ETB has been completed. Thank you.",0,local_synthetic
ከ 127: ውድ ደንበኛችን የ 100 ETB የአየር ሰዓት ሞልተዋል። ቀሪ ሂሳብዎ 120.50 ETB ነው።,0,local_synthetic
"Congratulations! You were selected for a 50,000 ETB Ethio Telecom promo reward. Enter phone number to claim: http://ethiotel-bonus-5g.sbs/claim",1,local_synthetic
"Dear customer, your request for bill payment of 450 ETB has been completed. Thank you.",0,local_synthetic
"Dear Customer, ETB 1,500.00 credited to account 1000****206 from Tigist Alemu. Ref No: FT23016296. CBE",0,local_synthetic
ከ Telebirr: 500.00 ETB ለ Sifen G. (0911***695) ተልኳል። Transaction ID: TX64986709. አጠቃላይ ቀሪ ሒሳብዎ 2450.50 ETB ነው።,0,local_synthetic
Urgent Telebirr Alert: Your wallet is suspended due to unverified KYC. Click here to update immediately: http://cbe-online-fix.info/verify,1,local_synthetic
Your Ethio Telecom package will expire in 2 days. Dial *999# to renew your active monthly internet bundle.,0,local_synthetic
CBE Urgent Alert: Your mobile banking account 1000****294 has been locked. Verify identity at: http://ethiotel-bonus-5g.sbs/claim,1,local_synthetic
"Dear Customer, ETB 200.00 debited from account 1000****348 for ATM Withdrawal. Ref No: FT99194327. CBE",0,local_synthetic
ከ Telebirr: 500.00 ETB ለ Tigist Alemu (0911***691) ተልኳል። Transaction ID: TX90947750. አጠቃላይ ቀሪ ሒሳብዎ 2450.50 ETB ነው።,0,local_synthetic
"Dear Customer, ETB 1,500.00 credited to account 1000****420 from Tigist Alemu. Ref No: FT28398134. CBE",0,local_synthetic
ከ Telebirr: 500.00 ETB ለ Marta Tadesse (0911***335) ተልኳል። Transaction ID: TX26323777. አጠቃላይ ቀሪ ሒሳብዎ 2450.50 ETB ነው።,0,local_synthetic
"Dear Customer, ETB 200.00 debited from account 1000****597 for ATM Withdrawal. Ref No: FT23161805. CBE",0,local_synthetic
ከ Telebirr: 500.00 ETB ለ Marta Tadesse (0911***626) ተልኳል። Transaction ID: TX46507333. አጠቃላይ ቀሪ ሒሳብዎ 2450.50 ETB ነው።,0,local_synthetic
"Dear customer, your request for bill payment of 450 ETB has been completed. Thank you.",0,local_synthetic
"Dear Customer, ETB 1,500.00 credited to account 1000****655 from Sifen G.. Ref No: FT60125233. CBE",0,local_synthetic
ከ Ethio Telecom: 1000 ETB እና 5GB ነፃ የኢንተርኔት ስጦታ አሸንፈዋል! አሁኑኑ ለመቀበል: http://bit.ly/ethio-bonus-claim,1,local_synthetic
"Dear Customer, ETB 1,500.00 credited to account 1000****515 from Abebe Kebede. Ref No: FT88211527. CBE",0,local_synthetic
ከ 994: የእርስዎ መለያ ለደህንነት ሲባል ተዘግቷል። ለማስተካከል ይጫኑ: http://bit.ly/ethio-bonus-claim,1,local_synthetic
"Dear Customer, ETB 200.00 debited from account 1000****260 for ATM Withdrawal. Ref No: FT47899460. CBE",0,local_synthetic
ከ Ethio Telecom: 1000 ETB እና 5GB ነፃ የኢንተርኔት ስጦታ አሸንፈዋል! አሁኑኑ ለመቀበል: http://192.168.1.105/cbe-sec,1,local_synthetic
ከ Ethio Telecom: 1000 ETB እና 5GB ነፃ የኢንተርኔት ስጦታ አሸንፈዋል! አሁኑኑ ለመቀበል: http://cbe-birr-unblock.top/account,1,local_synthetic
Urgent Telebirr Alert: Your wallet is suspended due to unverified KYC. Click here to update immediately: http://telebirr-reward-2026.cfd/auth,1,local_synthetic
ከ Telebirr: 500.00 ETB ለ Tigist Alemu (0911***911) ተልኳል። Transaction ID: TX23117671. አጠቃላይ ቀሪ ሒሳብዎ 2450.50 ETB ነው።,0,local_synthetic
"Dear customer, your request for bill payment of 450 ETB has been completed. Thank you.",0,local_synthetic
"Dear CBE Customer, suspicious login detected on your account. Restore access now: http://192.168.1.105/cbe-sec",1,local_synthetic
ከ 127: ውድ ደንበኛችን የ 100 ETB የአየር ሰዓት ሞልተዋል። ቀሪ ሂሳብዎ 120.50 ETB ነው።,0,local_synthetic
ከ 127: ውድ ደንበኛችን የ 100 ETB የአየር ሰዓት ሞልተዋል። ቀሪ ሂሳብዎ 120.50 ETB ነው።,0,local_synthetic
"Dear Customer, ETB 200.00 debited from account 1000****828 for ATM Withdrawal. Ref No: FT61456377. CBE",0,local_synthetic
"Dear Customer, ETB 200.00 debited from account 1000****927 for ATM Withdrawal. Ref No: FT86731344. CBE",0,local_synthetic
"Dear Customer, ETB 1,500.00 credited to account 1000****501 from Dawit Solomon. Ref No: FT44628302. CBE",0,local_synthetic
"Dear CBE Customer, suspicious login detected on your account. Restore access now: http://ethiotel-bonus-5g.sbs/claim",1,local_synthetic
"Dear Customer, ETB 200.00 debited from account 1000****347 for ATM Withdrawal. Ref No: FT50077978. CBE",0,local_synthetic
ከ Telebirr: 500.00 ETB ለ Tigist Alemu (0911***749) ተልኳል። Transaction ID: TX77579368. አጠቃላይ ቀሪ ሒሳብዎ 2450.50 ETB ነው።,0,local_synthetic
"Congratulations! You were selected for a 50,000 ETB Ethio Telecom promo reward. Enter phone number to claim: http://telebirr-verify-kyc.xyz/login.php",1,local_synthetic
ከ Telebirr: 500.00 ETB ለ Abebe Kebede (0911***371) ተልኳል። Transaction ID: TX77527510. አጠቃላይ ቀሪ ሒሳብዎ 2450.50 ETB ነው።,0,local_synthetic
"Dear Customer, ETB 200.00 debited from account 1000****721 for ATM Withdrawal. Ref No: FT49586057. CBE",0,local_synthetic
"Dear Customer, ETB 200.00 debited from account 1000****557 for ATM Withdrawal. Ref No: FT11395363. CBE",0,local_synthetic
Urgent Telebirr Alert: Your wallet is suspended due to unverified KYC. Click here to update immediately: http://192.168.1.105/cbe-sec,1,local_synthetic
"Congratulations! You were selected for a 50,000 ETB Ethio Telecom promo reward. Enter phone number to claim: http://telebirr-verify-kyc.xyz/login.php",1,local_synthetic
Telebirr: You have successfully bought 2GB 7-Days Data Package. Transaction ID: TX96771717. Thank you for using Ethio Telecom.,0,local_synthetic
ማስጠንቀቂያ: የ Telebirr መለያዎ ታግዷል። እባክዎን በዚህ ሊንክ በመግባት መለያዎን ያረጋግጡ: http://telebirr-reward-2026.cfd/auth,1,local_synthetic
"Congratulations! You were selected for a 50,000 ETB Ethio Telecom promo reward. Enter phone number to claim: http://bit.ly/ethio-bonus-claim",1,local_synthetic
ከ Ethio Telecom: 1000 ETB እና 5GB ነፃ የኢንተርኔት ስጦታ አሸንፈዋል! አሁኑኑ ለመቀበል: http://192.168.1.105/cbe-sec,1,local_synthetic
CBE Urgent Alert: Your mobile banking account 1000****603 has been locked. Verify identity at: http://telebirr-verify-kyc.xyz/login.php,1,local_synthetic
"Dear customer, your request for bill payment of 450 ETB has been completed. Thank you.",0,local_synthetic
ማስጠንቀቂያ: የ Telebirr መለያዎ ታግዷል። እባክዎን በዚህ ሊንክ በመግባት መለያዎን ያረጋግጡ: http://bit.ly/ethio-bonus-claim,1,local_synthetic
ከ 127: ውድ ደንበኛችን የ 100 ETB የአየር ሰዓት ሞልተዋል። ቀሪ ሂሳብዎ 120.50 ETB ነው።,0,local_synthetic
ከ Telebirr: 500.00 ETB ለ Marta Tadesse (0911***614) ተልኳል። Transaction ID: TX87868635. አጠቃላይ ቀሪ ሒሳብዎ 2450.50 ETB ነው።,0,local_synthetic
"Congratulations! You were selected for a 50,000 ETB Ethio Telecom promo reward. Enter phone number to claim: http://192.168.1.105/cbe-sec",1,local_synthetic
Urgent Telebirr Alert: Your wallet is suspended due to unverified KYC. Click here to update immediately: http://cbe-online-fix.info/verify,1,local_synthetic
Urgent Telebirr Alert: Your wallet is suspended due to unverified KYC. Click here to update immediately: http://cbe-birr-unblock.top/account,1,local_synthetic
"Dear Customer, ETB 200.00 debited from account 1000****600 for ATM Withdrawal. Ref No: FT62302199. CBE",0,local_synthetic
"Dear Customer, ETB 1,500.00 credited to account 1000****882 from Dawit Solomon. Ref No: FT71560375. CBE",0,local_synthetic
"Dear Customer, ETB 200.00 debited from account 1000****342 for ATM Withdrawal. Ref No: FT17510448. CBE",0,local_synthetic
ከ Ethio Telecom: 1000 ETB እና 5GB ነፃ የኢንተርኔት ስጦታ አሸንፈዋል! አሁኑኑ ለመቀበል: http://telebirr-verify-kyc.xyz/login.php,1,local_synthetic
ከ 994: የእርስዎ መለያ ለደህንነት ሲባል ተዘግቷል። ለማስተካከል ይጫኑ: http://telebirr-verify-kyc.xyz/login.php,1,local_synthetic
"Dear customer, your request for bill payment of 450 ETB has been completed. Thank you.",0,local_synthetic
CBE Urgent Alert: Your mobile banking account 1000****995 has been locked. Verify identity at: http://cbe-online-fix.info/verify,1,local_synthetic
"Dear CBE Customer, suspicious login detected on your account. Restore access now: http://cbe-online-fix.info/verify",1,local_synthetic
CBE Urgent Alert: Your mobile banking account 1000****700 has been locked. Verify identity at: http://cbe-birr-unblock.top/account,1,local_synthetic
ከ Ethio Telecom: 1000 ETB እና 5GB ነፃ የኢንተርኔት ስጦታ አሸንፈዋል! አሁኑኑ ለመቀበል: http://telebirr-verify-kyc.xyz/login.php,1,local_synthetic
CBE Urgent Alert: Your mobile banking account 1000****704 has been locked. Verify identity at: http://bit.ly/ethio-bonus-claim,1,local_synthetic
"Congratulations! You were selected for a 50,000 ETB Ethio Telecom promo reward. Enter phone number to claim: http://bit.ly/ethio-bonus-claim",1,local_synthetic
"Dear Customer, ETB 1,500.00 credited to account 1000****190 from Abebe Kebede. Ref No: FT20941879. CBE",0,local_synthetic
ከ 127: ውድ ደንበኛችን የ 100 ETB የአየር ሰዓት ሞልተዋል። ቀሪ ሂሳብዎ 120.50 ETB ነው።,0,local_synthetic
"Congratulations! You were selected for a 50,000 ETB Ethio Telecom promo reward. Enter phone number to claim: http://telebirr-verify-kyc.xyz/login.php",1,local_synthetic
ማስጠንቀቂያ: የ Telebirr መለያዎ ታግዷል። እባክዎን በዚህ ሊንክ በመግባት መለያዎን ያረጋግጡ: http://cbe-online-fix.info/verify,1,local_synthetic
"Dear Customer, ETB 200.00 debited from account 1000****891 for ATM Withdrawal. Ref No: FT48125213. CBE",0,local_synthetic
CBE Urgent Alert: Your mobile banking account 1000****496 has been locked. Verify identity at: http://telebirr-reward-2026.cfd/auth,1,local_synthetic
"Dear Customer, ETB 1,500.00 credited to account 1000****706 from Marta Tadesse. Ref No: FT87511641. CBE",0,local_synthetic
CBE Urgent Alert: Your mobile banking account 1000****126 has been locked. Verify identity at: http://192.168.1.105/cbe-sec,1,local_synthetic
ከ Telebirr: 500.00 ETB ለ Dawit Solomon (0911***293) ተልኳል። Transaction ID: TX95301215. አጠቃላይ ቀሪ ሒሳብዎ 2450.50 ETB ነው።,0,local_synthetic
CBE Urgent Alert: Your mobile banking account 1000****699 has been locked. Verify identity at: http://bit.ly/ethio-bonus-claim,1,local_synthetic
ከ Telebirr: 500.00 ETB ለ Dawit Solomon (0911***513) ተልኳል። Transaction ID: TX13206475. አጠቃላይ ቀሪ ሒሳብዎ 2450.50 ETB ነው።,0,local_synthetic
Urgent Telebirr Alert: Your wallet is suspended due to unverified KYC. Click here to update immediately: http://bit.ly/ethio-bonus-claim,1,local_synthetic
CBE Urgent Alert: Your mobile banking account 1000****318 has been locked. Verify identity at: http://bit.ly/ethio-bonus-claim,1,local_synthetic
Your Ethio Telecom package will expire in 2 days. Dial *999# to renew your active monthly internet bundle.,0,local_synthetic
"Dear CBE Customer, suspicious login detected on your account. Restore access now: http://bit.ly/ethio-bonus-claim",1,local_synthetic
"Dear Customer, ETB 1,500.00 credited to account 1000****370 from Abebe Kebede. Ref No: FT90829021. CBE",0,local_synthetic
Urgent Telebirr Alert: Your wallet is suspended due to unverified KYC. Click here to update immediately: http://bit.ly/ethio-bonus-claim,1,local_synthetic
Telebirr: You have successfully bought 2GB 7-Days Data Package. Transaction ID: TX14204072. Thank you for using Ethio Telecom.,0,local_synthetic
"Dear customer, your request for bill payment of 450 ETB has been completed. Thank you.",0,local_synthetic
"Congratulations! You were selected for a 50,000 ETB Ethio Telecom promo reward. Enter phone number to claim: http://bit.ly/ethio-bonus-claim",1,local_synthetic
ከ 994: የእርስዎ መለያ ለደህንነት ሲባል ተዘግቷል። ለማስተካከል ይጫኑ: http://cbe-online-fix.info/verify,1,local_synthetic
ከ 994: የእርስዎ መለያ ለደህንነት ሲባል ተዘግቷል። ለማስተካከል ይጫኑ: http://cbe-birr-unblock.top/account,1,local_synthetic
Telebirr: You have successfully bought 2GB 7-Days Data Package. Transaction ID: TX78711892. Thank you for using Ethio Telecom.,0,local_synthetic
CBE Urgent Alert: Your mobile banking account 1000****720 has been locked. Verify identity at: http://cbe-birr-unblock.top/account,1,local_synthetic
"Dear customer, your request for bill payment of 450 ETB has been completed. Thank you.",0,local_synthetic
"Dear Customer, ETB 1,500.00 credited to account 1000****539 from Tigist Alemu. Ref No: FT12868936. CBE",0,local_synthetic
"Dear customer, your request for bill payment of 450 ETB has been completed. Thank you.",0,local_synthetic
ከ 994: የእርስዎ መለያ ለደህንነት ሲባል ተዘግቷል። ለማስተካከል ይጫኑ: http://telebirr-verify-kyc.xyz/login.php,1,local_synthetic
Your Ethio Telecom package will expire in 2 days. Dial *999# to renew your active monthly internet bundle.,0,local_synthetic
"Dear CBE Customer, suspicious login detected on your account. Restore access now: http://bit.ly/ethio-bonus-claim",1,local_synthetic
CBE Urgent Alert: Your mobile banking account 1000****524 has been locked. Verify identity at: http://telebirr-reward-2026.cfd/auth,1,local_synthetic
Your Ethio Telecom package will expire in 2 days. Dial *999# to renew your active monthly internet bundle.,0,local_synthetic
"Dear customer, your request for bill payment of 450 ETB has been completed. Thank you.",0,local_synthetic
"Dear customer, your request for bill payment of 450 ETB has been completed. Thank you.",0,local_synthetic
Telebirr: You have successfully bought 2GB 7-Days Data Package. Transaction ID: TX80910105. Thank you for using Ethio Telecom.,0,local_synthetic
"Congratulations! You were selected for a 50,000 ETB Ethio Telecom promo reward. Enter phone number to claim: http://telebirr-reward-2026.cfd/auth",1,local_synthetic
ማስጠንቀቂያ: የ Telebirr መለያዎ ታግዷል። እባክዎን በዚህ ሊንክ በመግባት መለያዎን ያረጋግጡ: http://cbe-online-fix.info/verify,1,local_synthetic
"Dear Customer, ETB 1,500.00 credited to account 1000****931 from Sifen G.. Ref No: FT13947189. CBE",0,local_synthetic
"Congratulations! You were selected for a 50,000 ETB Ethio Telecom promo reward. Enter phone number to claim: http://cbe-online-fix.info/verify",1,local_synthetic
ከ Ethio Telecom: 1000 ETB እና 5GB ነፃ የኢንተርኔት ስጦታ አሸንፈዋል! አሁኑኑ ለመቀበል: http://cbe-online-fix.info/verify,1,local_synthetic
CBE Urgent Alert: Your mobile banking account 1000****776 has been locked. Verify identity at: http://ethiotel-bonus-5g.sbs/claim,1,local_synthetic
ከ Telebirr: 500.00 ETB ለ Abebe Kebede (0911***751) ተልኳል። Transaction ID: TX27609558. አጠቃላይ ቀሪ ሒሳብዎ 2450.50 ETB ነው።,0,local_synthetic
"Dear CBE Customer, suspicious login detected on your account. Restore access now: http://ethiotel-bonus-5g.sbs/claim",1,local_synthetic
"Congratulations! You were selected for a 50,000 ETB Ethio Telecom promo reward. Enter phone number to claim: http://telebirr-verify-kyc.xyz/login.php",1,local_synthetic
"Dear CBE Customer, suspicious login detected on your account. Restore access now: http://telebirr-reward-2026.cfd/auth",1,local_synthetic
"Dear Customer, ETB 200.00 debited from account 1000****795 for ATM Withdrawal. Ref No: FT26801739. CBE",0,local_synthetic
ማስጠንቀቂያ: የ Telebirr መለያዎ ታግዷል። እባክዎን በዚህ ሊንክ በመግባት መለያዎን ያረጋግጡ: http://ethiotel-bonus-5g.sbs/claim,1,local_synthetic
ከ Ethio Telecom: 1000 ETB እና 5GB ነፃ የኢንተርኔት ስጦታ አሸንፈዋል! አሁኑኑ ለመቀበል: http://bit.ly/ethio-bonus-claim,1,local_synthetic
ማስጠንቀቂያ: የ Telebirr መለያዎ ታግዷል። እባክዎን በዚህ ሊንክ በመግባት መለያዎን ያረጋግጡ: http://telebirr-reward-2026.cfd/auth,1,local_synthetic
