session_count,average_session_duration,events_per_session,average_dwell_time,average_scroll_depth,content_views_count,search_count,interaction_count,campaign_impressions,campaign_clicks,campaign_ctr,reward_claim_count,conversion_count,transaction_count,transaction_frequency,fashion_views,fashion_searches,crypto_views,crypto_searches,food_views,food_searches,education_views,education_searches,gaming_views,gaming_searches,fintech_views,fintech_searches,top_category_count,top_domain_count,top_category_is_fintech,top_domain_is_fintech,label,domain_hint,top_category_is_fashion,top_domain_is_fashion,top_category_is_crypto,top_domain_is_crypto,top_category_is_food,top_domain_is_food,top_category_is_education,top_domain_is_education,top_category_is_general,top_domain_is_general,top_category_is_gaming,top_domain_is_gaming
2.0,243.5,6.5,60.0,0.0,8.0,0.0,0.0,0.0,0.0,0.0,0.0,4.0,1.0,0.07692307692307693,0.0,0.0,0.0,0.0,0.0,0.0,0.0,0.0,0.0,0.0,13.0,0.0,13.0,13.0,1.0,1.0,fintech_interest,fintech,,,,,,,,,,,,
2.0,164.5,5.5,90.0,0.0,3.0,4.0,2.0,0.0,2.0,0.0,0.0,0.0,0.0,0.0,11.0,4.0,0.0,0.0,0.0,0.0,0.0,0.0,0.0,0.0,0.0,0.0,11.0,11.0,,,fashion_interest,fashion,1.0,1.0,,,,,,,,,,
2.0,271.5,8.5,120.0,0.0,9.0,5.0,0.0,1.0,0.0,0.0,0.0,0.0,2.0,0.11764705882352941,0.0,0.0,17.0,5.0,0.0,0.0,0.0,0.0,0.0,0.0,0.0,0.0,17.0,17.0,,,crypto_interest,crypto,,,1.0,1.0,,,,,,,,
2.0,310.0,8.0,45.0,0.0,7.0,4.0,0.0,0.0,0.0,0.0,0.0,5.0,0.0,0.0,0.0,0.0,0.0,0.0,16.0,4.0,0.0,0.0,0.0,0.0,0.0,0.0,16.0,16.0,,,food_interest,food,,,,,1.0,1.0,,,,,,
2.0,269.0,7.0,200.0,0.0,7.0,0.0,7.0,0.0,0.0,0.0,0.0,0.0,0.0,0.0,0.0,0.0,0.0,0.0,0.0,0.0,14.0,0.0,0.0,0.0,0.0,0.0,14.0,14.0,,,education_interest,education,,,,,,,1.0,1.0,,,,
2.0,164.5,5.0,60.0,0.0,5.0,0.0,0.0,0.0,0.0,0.0,0.0,4.0,1.0,0.1,0.0,0.0,0.0,0.0,0.0,0.0,0.0,0.0,0.0,0.0,10.0,0.0,10.0,10.0,1.0,1.0,fintech_interest,fintech,,,,,,,,,,,,
1.0,399.0,8.0,0.0,0.0,3.0,0.0,0.0,0.0,0.0,0.0,0.0,0.0,0.0,0.0,0.0,0.0,0.0,0.0,0.0,0.0,0.0,0.0,0.0,0.0,0.0,0.0,8.0,8.0,,,general_interest,general,,,,,,,,,1.0,1.0,,
2.0,213.0,7.0,0.0,0.0,3.0,6.0,0.0,1.0,0.0,0.0,0.0,0.0,4.0,0.2857142857142857,0.0,0.0,14.0,6.0,0.0,0.0,0.0,0.0,0.0,0.0,0.0,0.0,14.0,14.0,,,crypto_interest,crypto,,,1.0,1.0,,,,,,,,
2.0,273.0,6.5,90.0,0.0,3.0,1.0,3.0,0.0,6.0,0.0,0.0,0.0,0.0,0.0,13.0,1.0,0.0,0.0,0.0,0.0,0.0,0.0,0.0,0.0,0.0,0.0,13.0,13.0,,,fashion_interest,fashion,1.0,1.0,,,,,,,,,,
2.0,199.5,6.0,60.0,0.0,8.0,0.0,0.0,0.0,0.0,0.0,0.0,3.0,1.0,0.08333333333333333,0.0,0.0,0.0,0.0,0.0,0.0,0.0,0.0,0.0,0.0,12.0,0.0,12.0,12.0,1.0,1.0,fintech_interest,fintech,,,,,,,,,,,,
1.0,495.0,10.0,0.0,0.0,5.0,0.0,0.0,0.0,0.0,0.0,0.0,0.0,0.0,0.0,0.0,0.0,0.0,0.0,0.0,0.0,0.0,0.0,0.0,0.0,0.0,0.0,10.0,10.0,,,general_interest,general,,,,,,,,,1.0,1.0,,
2.0,324.0,7.0,300.0,0.0,7.0,0.0,6.0,0.0,0.0,0.0,1.0,0.0,0.0,0.0,0.0,0.0,0.0,0.0,0.0,0.0,0.0,0.0,14.0,0.0,0.0,0.0,14.0,14.0,,,gaming_interest,gaming,,,,,,,,,,,1.0,1.0
2.0,214.5,5.5,120.0,0.0,6.0,3.0,0.0,1.0,0.0,0.0,0.0,0.0,1.0,0.09090909090909091,0.0,0.0,11.0,3.0,0.0,0.0,0.0,0.0,0.0,0.0,0.0,0.0,11.0,11.0,,,crypto_interest,crypto,,,1.0,1.0,,,,,,,,
2.0,288.0,7.5,45.0,0.0,7.0,4.0,0.0,0.0,0.0,0.0,0.0,4.0,0.0,0.0,0.0,0.0,0.0,0.0,15.0,4.0,0.0,0.0,0.0,0.0,0.0,0.0,15.0,15.0,,,food_interest,food,,,,,1.0,1.0,,,,,,
2.0,219.0,8.5,60.0,0.0,5.0,0.0,0.0,0.0,0.0,0.0,0.0,7.0,5.0,0.29411764705882354,0.0,0.0,0.0,0.0,0.0,0.0,0.0,0.0,0.0,0.0,17.0,0.0,17.0,17.0,1.0,1.0,fintech_interest,fintech,,,,,,,,,,,,
2.0,308.0,7.0,45.0,0.0,3.0,4.0,0.0,0.0,0.0,0.0,0.0,7.0,0.0,0.0,0.0,0.0,0.0,0.0,14.0,4.0,0.0,0.0,0.0,0.0,0.0,0.0,14.0,14.0,,,food_interest,food,,,,,1.0,1.0,,,,,,
2.0,310.5,8.0,90.0,0.0,4.0,5.0,4.0,0.0,3.0,0.0,0.0,0.0,0.0,0.0,16.0,5.0,0.0,0.0,0.0,0.0,0.0,0.0,0.0,0.0,0.0,0.0,16.0,16.0,,,fashion_interest,fashion,1.0,1.0,,,,,,,,,,
2.0,337.0,8.0,120.0,0.0,11.0,0.0,0.0,2.0,0.0,0.0,0.0,0.0,3.0,0.1875,0.0,0.0,16.0,0.0,0.0,0.0,0.0,0.0,0.0,0.0,0.0,0.0,16.0,16.0,,,general_interest,crypto,,,1.0,1.0,,,,,,,,
2.0,231.0,8.0,200.0,0.0,10.0,0.0,6.0,0.0,0.0,0.0,0.0,0.0,0.0,0.0,0.0,0.0,0.0,0.0,0.0,0.0,16.0,0.0,0.0,0.0,0.0,0.0,16.0,16.0,,,education_interest,education,,,,,,,1.0,1.0,,,,
2.0,376.0,8.5,60.0,0.0,9.0,0.0,0.0,0.0,0.0,0.0,0.0,3.0,5.0,0.29411764705882354,0.0,0.0,0.0,0.0,0.0,0.0,0.0,0.0,0.0,0.0,17.0,0.0,17.0,17.0,1.0,1.0,fintech_interest,fintech,,,,,,,,,,,,
2.0,302.5,9.0,60.0,0.0,6.0,0.0,0.0,0.0,0.0,0.0,0.0,6.0,6.0,0.3333333333333333,0.0,0.0,0.0,0.0,0.0,0.0,0.0,0.0,0.0,0.0,18.0,0.0,18.0,18.0,1.0,1.0,fintech_interest,fintech,,,,,,,,,,,,
2.0,244.5,8.0,120.0,0.0,5.0,5.0,0.0,3.0,0.0,0.0,0.0,0.0,3.0,0.1875,0.0,0.0,16.0,5.0,0.0,0.0,0.0,0.0,0.0,0.0,0.0,0.0,16.0,16.0,,,crypto_interest,crypto,,,1.0,1.0,,,,,,,,
1.0,156.0,7.0,0.0,0.0,4.0,0.0,0.0,0.0,0.0,0.0,0.0,0.0,0.0,0.0,0.0,0.0,0.0,0.0,0.0,0.0,0.0,0.0,0.0,0.0,0.0,0.0,7.0,7.0,,,general_interest,general,,,,,,,,,1.0,1.0,,
2.0,171.0,6.5,60.0,0.0,3.0,0.0,0.0,0.0,0.0,0.0,0.0,4.0,6.0,0.46153846153846156,0.0,0.0,0.0,0.0,0.0,0.0,0.0,0.0,0.0,0.0,13.0,0.0,13.0,13.0,1.0,1.0,fintech_interest,fintech,,,,,,,,,,,,
1.0,464.0,10.0,0.0,0.0,2.0,0.0,0.0,0.0,0.0,0.0,0.0,0.0,0.0,0.0,0.0,0.0,0.0,0.0,0.0,0.0,0.0,0.0,0.0,0.0,0.0,0.0,10.0,10.0,,,general_interest,general,,,,,,,,,1.0,1.0,,
2.0,273.5,6.5,90.0,0.0,4.0,3.0,4.0,0.0,2.0,0.0,0.0,0.0,0.0,0.0,13.0,3.0,0.0,0.0,0.0,0.0,0.0,0.0,0.0,0.0,0.0,0.0,13.0,13.0,,,fashion_interest,fashion,1.0,1.0,,,,,,,,,,
2.0,352.5,9.0,300.0,0.0,1.0,0.0,7.0,0.0,0.0,0.0,10.0,0.0,0.0,0.0,0.0,0.0,0.0,0.0,0.0,0.0,0.0,0.0,18.0,0.0,0.0,0.0,18.0,18.0,,,gaming_interest,gaming,,,,,,,,,,,1.0,1.0
2.0,144.5,6.0,120.0,0.0,5.0,4.0,0.0,3.0,0.0,0.0,0.0,0.0,0.0,0.0,0.0,0.0,12.0,4.0,0.0,0.0,0.0,0.0,0.0,0.0,0.0,0.0,12.0,12.0,,,crypto_interest,crypto,,,1.0,1.0,,,,,,,,
2.0,216.0,6.0,45.0,0.0,3.0,5.0,0.0,0.0,0.0,0.0,0.0,4.0,0.0,0.0,0.0,0.0,0.0,0.0,12.0,5.0,0.0,0.0,0.0,0.0,0.0,0.0,12.0,12.0,,,food_interest,food,,,,,1.0,1.0,,,,,,
2.0,270.0,7.5,300.0,0.0,4.0,0.0,9.0,0.0,0.0,0.0,2.0,0.0,0.0,0.0,0.0,0.0,0.0,0.0,0.0,0.0,0.0,0.0,15.0,0.0,0.0,0.0,15.0,15.0,,,gaming_interest,gaming,,,,,,,,,,,1.0,1.0
2.0,350.0,7.0,120.0,0.0,6.0,1.0,0.0,3.0,0.0,0.0,0.0,0.0,4.0,0.2857142857142857,0.0,0.0,14.0,1.0,0.0,0.0,0.0,0.0,0.0,0.0,0.0,0.0,14.0,14.0,,,general_interest,crypto,,,1.0,1.0,,,,,,,,
2.0,120.0,5.5,300.0,0.0,5.0,0.0,4.0,0.0,0.0,0.0,2.0,0.0,0.0,0.0,0.0,0.0,0.0,0.0,0.0,0.0,0.0,0.0,11.0,0.0,0.0,0.0,11.0,11.0,,,gaming_interest,gaming,,,,,,,,,,,1.0,1.0
2.0,166.5,6.5,45.0,0.0,7.0,2.0,0.0,0.0,0.0,0.0,0.0,4.0,0.0,0.0,0.0,0.0,0.0,0.0,13.0,2.0,0.0,0.0,0.0,0.0,0.0,0.0,13.0,13.0,,,food_interest,food,,,,,1.0,1.0,,,,,,
2.0,287.5,9.0,200.0,0.0,13.0,0.0,5.0,0.0,0.0,0.0,0.0,0.0,0.0,0.0,0.0,0.0,0.0,0.0,0.0,0.0,18.0,0.0,0.0,0.0,0.0,0.0,18.0,18.0,,,education_interest,education,,,,,,,1.0,1.0,,,,
2.0,246.0,8.0,200.0,0.0,12.0,0.0,4.0,0.0,0.0,0.0,0.0,0.0,0.0,0.0,0.0,0.0,0.0,0.0,0.0,0.0,16.0,0.0,0.0,0.0,0.0,0.0,16.0,16.0,,,education_interest,education,,,,,,,1.0,1.0,,,,
2.0,283.0,6.5,45.0,0.0,6.0,5.0,0.0,0.0,0.0,0.0,0.0,2.0,0.0,0.0,0.0,0.0,0.0,0.0,13.0,5.0,0.0,0.0,0.0,0.0,0.0,0.0,13.0,13.0,,,food_interest,food,,,,,1.0,1.0,,,,,,
2.0,327.0,6.5,120.0,0.0,4.0,2.0,0.0,4.0,0.0,0.0,0.0,0.0,3.0,0.23076923076923078,0.0,0.0,13.0,2.0,0.0,0.0,0.0,0.0,0.0,0.0,0.0,0.0,13.0,13.0,,,crypto_interest,crypto,,,1.0,1.0,,,,,,,,
2.0,303.0,9.0,300.0,0.0,3.0,0.0,8.0,0.0,0.0,0.0,7.0,0.0,0.0,0.0,0.0,0.0,0.0,0.0,0.0,0.0,0.0,0.0,18.0,0.0,0.0,0.0,18.0,18.0,,,gaming_interest,gaming,,,,,,,,,,,1.0,1.0
1.0,360.0,9.0,0.0,0.0,4.0,0.0,0.0,0.0,0.0,0.0,0.0,0.0,0.0,0.0,0.0,0.0,0.0,0.0,0.0,0.0,0.0,0.0,0.0,0.0,0.0,0.0,9.0,9.0,,,general_interest,general,,,,,,,,,1.0,1.0,,
2.0,323.0,8.0,60.0,0.0,9.0,0.0,0.0,0.0,0.0,0.0,0.0,4.0,3.0,0.1875,0.0,0.0,0.0,0.0,0.0,0.0,0.0,0.0,0.0,0.0,16.0,0.0,16.0,16.0,1.0,1.0,fintech_interest,fintech,,,,,,,,,,,,
2.0,429.0,8.5,60.0,0.0,5.0,0.0,0.0,0.0,0.0,0.0,0.0,5.0,7.0,0.4117647058823529,0.0,0.0,0.0,0.0,0.0,0.0,0.0,0.0,0.0,0.0,17.0,0.0,17.0,17.0,1.0,1.0,fintech_interest,fintech,,,,,,,,,,,,
2.0,100.0,4.5,45.0,0.0,1.0,2.0,0.0,0.0,0.0,0.0,0.0,6.0,0.0,0.0,0.0,0.0,0.0,0.0,9.0,2.0,0.0,0.0,0.0,0.0,0.0,0.0,9.0,9.0,,,food_interest,food,,,,,1.0,1.0,,,,,,
2.0,331.0,8.5,300.0,0.0,2.0,0.0,12.0,0.0,0.0,0.0,3.0,0.0,0.0,0.0,0.0,0.0,0.0,0.0,0.0,0.0,0.0,0.0,17.0,0.0,0.0,0.0,17.0,17.0,,,gaming_interest,gaming,,,,,,,,,,,1.0,1.0
2.0,250.5,6.5,45.0,0.0,4.0,5.0,0.0,0.0,0.0,0.0,0.0,4.0,0.0,0.0,0.0,0.0,0.0,0.0,13.0,5.0,0.0,0.0,0.0,0.0,0.0,0.0,13.0,13.0,,,food_interest,food,,,,,1.0,1.0,,,,,,
2.0,346.5,8.0,60.0,0.0,7.0,0.0,0.0,0.0,0.0,0.0,0.0,5.0,4.0,0.25,0.0,0.0,0.0,0.0,0.0,0.0,0.0,0.0,0.0,0.0,16.0,0.0,16.0,16.0,1.0,1.0,fintech_interest,fintech,,,,,,,,,,,,
2.0,216.0,7.5,60.0,0.0,4.0,0.0,0.0,0.0,0.0,0.0,0.0,4.0,7.0,0.4666666666666667,0.0,0.0,0.0,0.0,0.0,0.0,0.0,0.0,0.0,0.0,15.0,0.0,15.0,15.0,1.0,1.0,fintech_interest,fintech,,,,,,,,,,,,
1.0,406.0,10.0,0.0,0.0,1.0,0.0,0.0,0.0,0.0,0.0,0.0,0.0,0.0,0.0,0.0,0.0,0.0,0.0,0.0,0.0,0.0,0.0,0.0,0.0,0.0,0.0,10.0,10.0,,,general_interest,general,,,,,,,,,1.0,1.0,,
1.0,420.0,10.0,0.0,0.0,2.0,0.0,0.0,0.0,0.0,0.0,0.0,0.0,0.0,0.0,0.0,0.0,0.0,0.0,0.0,0.0,0.0,0.0,0.0,0.0,0.0,0.0,10.0,10.0,,,general_interest,general,,,,,,,,,1.0,1.0,,
1.0,378.0,10.0,0.0,0.0,4.0,0.0,0.0,0.0,0.0,0.0,0.0,0.0,0.0,0.0,0.0,0.0,0.0,0.0,0.0,0.0,0.0,0.0,0.0,0.0,0.0,0.0,10.0,10.0,,,general_interest,general,,,,,,,,,1.0,1.0,,
2.0,196.0,7.5,200.0,0.0,7.0,0.0,8.0,0.0,0.0,0.0,0.0,0.0,0.0,0.0,0.0,0.0,0.0,0.0,0.0,0.0,15.0,0.0,0.0,0.0,0.0,0.0,15.0,15.0,,,education_interest,education,,,,,,,1.0,1.0,,,,
2.0,232.5,7.5,200.0,0.0,9.0,0.0,6.0,0.0,0.0,0.0,0.0,0.0,0.0,0.0,0.0,0.0,0.0,0.0,0.0,0.0,15.0,0.0,0.0,0.0,0.0,0.0,15.0,15.0,,,education_interest,education,,,,,,,1.0,1.0,,,,
2.0,150.0,4.0,120.0,0.0,5.0,1.0,0.0,1.0,0.0,0.0,0.0,0.0,1.0,0.125,0.0,0.0,8.0,1.0,0.0,0.0,0.0,0.0,0.0,0.0,0.0,0.0,8.0,8.0,,,general_interest,crypto,,,1.0,1.0,,,,,,,,
2.0,226.0,6.5,60.0,0.0,5.0,0.0,0.0,0.0,0.0,0.0,0.0,5.0,3.0,0.23076923076923078,0.0,0.0,0.0,0.0,0.0,0.0,0.0,0.0,0.0,0.0,13.0,0.0,13.0,13.0,1.0,1.0,fintech_interest,fintech,,,,,,,,,,,,
2.0,310.0,9.0,60.0,0.0,7.0,0.0,0.0,0.0,0.0,0.0,0.0,5.0,6.0,0.3333333333333333,0.0,0.0,0.0,0.0,0.0,0.0,0.0,0.0,0.0,0.0,18.0,0.0,18.0,18.0,1.0,1.0,fintech_interest,fintech,,,,,,,,,,,,
1.0,258.0,8.0,0.0,0.0,3.0,0.0,0.0,0.0,0.0,0.0,0.0,0.0,0.0,0.0,0.0,0.0,0.0,0.0,0.0,0.0,0.0,0.0,0.0,0.0,0.0,0.0,8.0,8.0,,,general_interest,general,,,,,,,,,1.0,1.0,,
2.0,220.0,7.0,45.0,0.0,7.0,6.0,0.0,0.0,0.0,0.0,0.0,1.0,0.0,0.0,0.0,0.0,0.0,0.0,14.0,6.0,0.0,0.0,0.0,0.0,0.0,0.0,14.0,14.0,,,food_interest,food,,,,,1.0,1.0,,,,,,
2.0,280.0,8.0,60.0,0.0,2.0,0.0,0.0,0.0,0.0,0.0,0.0,4.0,10.0,0.625,0.0,0.0,0.0,0.0,0.0,0.0,0.0,0.0,0.0,0.0,16.0,0.0,16.0,16.0,1.0,1.0,fintech_interest,fintech,,,,,,,,,,,,
1.0,312.0,8.0,0.0,0.0,4.0,0.0,0.0,0.0,0.0,0.0,0.0,0.0,0.0,0.0,0.0,0.0,0.0,0.0,0.0,0.0,0.0,0.0,0.0,0.0,0.0,0.0,8.0,8.0,,,general_interest,general,,,,,,,,,1.0,1.0,,
2.0,277.0,7.5,45.0,0.0,5.0,3.0,0.0,0.0,0.0,0.0,0.0,7.0,0.0,0.0,0.0,0.0,0.0,0.0,15.0,3.0,0.0,0.0,0.0,0.0,0.0,0.0,15.0,15.0,,,food_interest,food,,,,,1.0,1.0,,,,,,
2.0,166.5,7.0,300.0,0.0,5.0,0.0,6.0,0.0,0.0,0.0,3.0,0.0,0.0,0.0,0.0,0.0,0.0,0.0,0.0,0.0,0.0,0.0,14.0,0.0,0.0,0.0,14.0,14.0,,,gaming_interest,gaming,,,,,,,,,,,1.0,1.0
2.0,235.0,7.5,300.0,0.0,2.0,0.0,9.0,0.0,0.0,0.0,4.0,0.0,0.0,0.0,0.0,0.0,0.0,0.0,0.0,0.0,0.0,0.0,15.0,0.0,0.0,0.0,15.0,15.0,,,gaming_interest,gaming,,,,,,,,,,,1.0,1.0
2.0,244.0,9.0,45.0,0.0,4.0,6.0,0.0,0.0,0.0,0.0,0.0,8.0,0.0,0.0,0.0,0.0,0.0,0.0,18.0,6.0,0.0,0.0,0.0,0.0,0.0,0.0,18.0,18.0,,,food_interest,food,,,,,1.0,1.0,,,,,,
2.0,265.5,7.5,45.0,0.0,7.0,2.0,0.0,0.0,0.0,0.0,0.0,6.0,0.0,0.0,0.0,0.0,0.0,0.0,15.0,2.0,0.0,0.0,0.0,0.0,0.0,0.0,15.0,15.0,,,food_interest,food,,,,,1.0,1.0,,,,,,
2.0,336.0,8.0,200.0,0.0,11.0,0.0,5.0,0.0,0.0,0.0,0.0,0.0,0.0,0.0,0.0,0.0,0.0,0.0,0.0,0.0,16.0,0.0,0.0,0.0,0.0,0.0,16.0,16.0,,,education_interest,education,,,,,,,1.0,1.0,,,,
2.0,167.0,6.0,60.0,0.0,6.0,0.0,0.0,0.0,0.0,0.0,0.0,4.0,2.0,0.16666666666666666,0.0,0.0,0.0,0.0,0.0,0.0,0.0,0.0,0.0,0.0,12.0,0.0,12.0,12.0,1.0,1.0,fintech_interest,fintech,,,,,,,,,,,,
2.0,349.5,8.5,90.0,0.0,6.0,4.0,3.0,0.0,4.0,0.0,0.0,0.0,0.0,0.0,17.0,4.0,0.0,0.0,0.0,0.0,0.0,0.0,0.0,0.0,0.0,0.0,17.0,17.0,,,fashion_interest,fashion,1.0,1.0,,,,,,,,,,
1.0,308.0,8.0,0.0,0.0,2.0,0.0,0.0,0.0,0.0,0.0,0.0,0.0,0.0,0.0,0.0,0.0,0.0,0.0,0.0,0.0,0.0,0.0,0.0,0.0,0.0,0.0,8.0,8.0,,,general_interest,general,,,,,,,,,1.0,1.0,,
2.0,278.0,7.5,45.0,0.0,4.0,4.0,0.0,0.0,0.0,0.0,0.0,7.0,0.0,0.0,0.0,0.0,0.0,0.0,15.0,4.0,0.0,0.0,0.0,0.0,0.0,0.0,15.0,15.0,,,food_interest,food,,,,,1.0,1.0,,,,,,
2.0,225.0,7.0,120.0,0.0,5.0,4.0,0.0,4.0,0.0,0.0,0.0,0.0,1.0,0.07142857142857142,0.0,0.0,14.0,4.0,0.0,0.0,0.0,0.0,0.0,0.0,0.0,0.0,14.0,14.0,,,crypto_interest,crypto,,,1.0,1.0,,,,,,,,
2.0,223.5,7.0,45.0,0.0,3.0,7.0,0.0,0.0,0.0,0.0,0.0,4.0,0.0,0.0,0.0,0.0,0.0,0.0,14.0,7.0,0.0,0.0,0.0,0.0,0.0,0.0,14.0,14.0,,,food_interest,food,,,,,1.0,1.0,,,,,,
1.0,172.0,5.0,0.0,0.0,4.0,0.0,0.0,0.0,0.0,0.0,0.0,0.0,0.0,0.0,0.0,0.0,0.0,0.0,0.0,0.0,0.0,0.0,0.0,0.0,0.0,0.0,5.0,5.0,,,general_interest,general,,,,,,,,,1.0,1.0,,
2.0,326.5,8.0,60.0,0.0,6.0,0.0,0.0,0.0,0.0,0.0,0.0,5.0,5.0,0.3125,0.0,0.0,0.0,0.0,0.0,0.0,0.0,0.0,0.0,0.0,16.0,0.0,16.0,16.0,1.0,1.0,fintech_interest,fintech,,,,,,,,,,,,
2.0,230.0,6.5,45.0,0.0,5.0,4.0,0.0,0.0,0.0,0.0,0.0,4.0,0.0,0.0,0.0,0.0,0.0,0.0,13.0,4.0,0.0,0.0,0.0,0.0,0.0,0.0,13.0,13.0,,,food_interest,food,,,,,1.0,1.0,,,,,,
2.0,299.0,7.5,45.0,0.0,5.0,6.0,0.0,0.0,0.0,0.0,0.0,4.0,0.0,0.0,0.0,0.0,0.0,0.0,15.0,6.0,0.0,0.0,0.0,0.0,0.0,0.0,15.0,15.0,,,food_interest,food,,,,,1.0,1.0,,,,,,
2.0,267.0,7.0,90.0,0.0,3.0,4.0,2.0,0.0,5.0,0.0,0.0,0.0,0.0,0.0,14.0,4.0,0.0,0.0,0.0,0.0,0.0,0.0,0.0,0.0,0.0,0.0,14.0,14.0,,,fashion_interest,fashion,1.0,1.0,,,,,,,,,,
2.0,168.0,6.0,300.0,0.0,3.0,0.0,9.0,0.0,0.0,0.0,0.0,0.0,0.0,0.0,0.0,0.0,0.0,0.0,0.0,0.0,0.0,0.0,12.0,0.0,0.0,0.0,12.0,12.0,,,gaming_interest,gaming,,,,,,,,,,,1.0,1.0
2.0,281.5,7.0,300.0,0.0,3.0,0.0,8.0,0.0,0.0,0.0,3.0,0.0,0.0,0.0,0.0,0.0,0.0,0.0,0.0,0.0,0.0,0.0,14.0,0.0,0.0,0.0,14.0,14.0,,,gaming_interest,gaming,,,,,,,,,,,1.0,1.0
2.0,81.5,5.0,60.0,0.0,2.0,0.0,0.0,0.0,0.0,0.0,0.0,3.0,5.0,0.5,0.0,0.0,0.0,0.0,0.0,0.0,0.0,0.0,0.0,0.0,10.0,0.0,10.0,10.0,1.0,1.0,fintech_interest,fintech,,,,,,,,,,,,
2.0,196.0,6.0,200.0,0.0,10.0,0.0,2.0,0.0,0.0,0.0,0.0,0.0,0.0,0.0,0.0,0.0,0.0,0.0,0.0,0.0,12.0,0.0,0.0,0.0,0.0,0.0,12.0,12.0,,,education_interest,education,,,,,,,1.0,1.0,,,,
2.0,66.0,4.0,200.0,0.0,6.0,0.0,2.0,0.0,0.0,0.0,0.0,0.0,0.0,0.0,0.0,0.0,0.0,0.0,0.0,0.0,8.0,0.0,0.0,0.0,0.0,0.0,8.0,8.0,,,education_interest,education,,,,,,,1.0,1.0,,,,
1.0,90.0,4.0,0.0,0.0,1.0,0.0,0.0,0.0,0.0,0.0,0.0,0.0,0.0,0.0,0.0,0.0,0.0,0.0,0.0,0.0,0.0,0.0,0.0,0.0,0.0,0.0,4.0,4.0,,,general_interest,general,,,,,,,,,1.0,1.0,,
2.0,194.0,7.5,120.0,0.0,5.0,3.0,0.0,1.0,0.0,0.0,0.0,0.0,6.0,0.4,0.0,0.0,15.0,3.0,0.0,0.0,0.0,0.0,0.0,0.0,0.0,0.0,15.0,15.0,,,crypto_interest,crypto,,,1.0,1.0,,,,,,,,
2.0,278.0,7.5,60.0,0.0,3.0,0.0,0.0,0.0,0.0,0.0,0.0,6.0,6.0,0.4,0.0,0.0,0.0,0.0,0.0,0.0,0.0,0.0,0.0,0.0,15.0,0.0,15.0,15.0,1.0,1.0,fintech_interest,fintech,,,,,,,,,,,,
2.0,192.0,7.0,300.0,0.0,2.0,0.0,5.0,0.0,0.0,0.0,7.0,0.0,0.0,0.0,0.0,0.0,0.0,0.0,0.0,0.0,0.0,0.0,14.0,0.0,0.0,0.0,14.0,14.0,,,gaming_interest,gaming,,,,,,,,,,,1.0,1.0
2.0,233.0,8.0,90.0,0.0,1.0,5.0,4.0,0.0,6.0,0.0,0.0,0.0,0.0,0.0,16.0,5.0,0.0,0.0,0.0,0.0,0.0,0.0,0.0,0.0,0.0,0.0,16.0,16.0,,,fashion_interest,fashion,1.0,1.0,,,,,,,,,,
1.0,208.0,6.0,0.0,0.0,5.0,0.0,0.0,0.0,0.0,0.0,0.0,0.0,0.0,0.0,0.0,0.0,0.0,0.0,0.0,0.0,0.0,0.0,0.0,0.0,0.0,0.0,6.0,6.0,,,general_interest,general,,,,,,,,,1.0,1.0,,
2.0,362.0,9.5,90.0,0.0,6.0,5.0,6.0,0.0,2.0,0.0,0.0,0.0,0.0,0.0,19.0,5.0,0.0,0.0,0.0,0.0,0.0,0.0,0.0,0.0,0.0,0.0,19.0,19.0,,,fashion_interest,fashion,1.0,1.0,,,,,,,,,,
2.0,215.5,7.5,60.0,0.0,6.0,0.0,0.0,0.0,0.0,0.0,0.0,5.0,4.0,0.26666666666666666,0.0,0.0,0.0,0.0,0.0,0.0,0.0,0.0,0.0,0.0,15.0,0.0,15.0,15.0,1.0,1.0,fintech_interest,fintech,,,,,,,,,,,,
2.0,218.0,6.5,90.0,0.0,1.0,5.0,3.0,0.0,4.0,0.0,0.0,0.0,0.0,0.0,13.0,5.0,0.0,0.0,0.0,0.0,0.0,0.0,0.0,0.0,0.0,0.0,13.0,13.0,,,fashion_interest,fashion,1.0,1.0,,,,,,,,,,
2.0,326.5,9.5,200.0,0.0,11.0,0.0,8.0,0.0,0.0,0.0,0.0,0.0,0.0,0.0,0.0,0.0,0.0,0.0,0.0,0.0,19.0,0.0,0.0,0.0,0.0,0.0,19.0,19.0,,,education_interest,education,,,,,,,1.0,1.0,,,,
2.0,266.5,7.5,200.0,0.0,10.0,0.0,5.0,0.0,0.0,0.0,0.0,0.0,0.0,0.0,0.0,0.0,0.0,0.0,0.0,0.0,15.0,0.0,0.0,0.0,0.0,0.0,15.0,15.0,,,education_interest,education,,,,,,,1.0,1.0,,,,
2.0,195.0,5.5,300.0,0.0,4.0,0.0,4.0,0.0,0.0,0.0,3.0,0.0,0.0,0.0,0.0,0.0,0.0,0.0,0.0,0.0,0.0,0.0,11.0,0.0,0.0,0.0,11.0,11.0,,,gaming_interest,gaming,,,,,,,,,,,1.0,1.0
2.0,307.5,7.5,200.0,0.0,10.0,0.0,5.0,0.0,0.0,0.0,0.0,0.0,0.0,0.0,0.0,0.0,0.0,0.0,0.0,0.0,15.0,0.0,0.0,0.0,0.0,0.0,15.0,15.0,,,education_interest,education,,,,,,,1.0,1.0,,,,
2.0,279.0,7.5,200.0,0.0,11.0,0.0,4.0,0.0,0.0,0.0,0.0,0.0,0.0,0.0,0.0,0.0,0.0,0.0,0.0,0.0,15.0,0.0,0.0,0.0,0.0,0.0,15.0,15.0,,,education_interest,education,,,,,,,1.0,1.0,,,,
2.0,359.5,8.5,120.0,0.0,6.0,2.0,0.0,4.0,0.0,0.0,0.0,0.0,5.0,0.29411764705882354,0.0,0.0,17.0,2.0,0.0,0.0,0.0,0.0,0.0,0.0,0.0,0.0,17.0,17.0,,,crypto_interest,crypto,,,1.0,1.0,,,,,,,,
2.0,135.0,5.5,200.0,0.0,6.0,0.0,5.0,0.0,0.0,0.0,0.0,0.0,0.0,0.0,0.0,0.0,0.0,0.0,0.0,0.0,11.0,0.0,0.0,0.0,0.0,0.0,11.0,11.0,,,education_interest,education,,,,,,,1.0,1.0,,,,
2.0,243.0,8.0,300.0,0.0,4.0,0.0,11.0,0.0,0.0,0.0,1.0,0.0,0.0,0.0,0.0,0.0,0.0,0.0,0.0,0.0,0.0,0.0,16.0,0.0,0.0,0.0,16.0,16.0,,,gaming_interest,gaming,,,,,,,,,,,1.0,1.0
2.0,219.0,7.0,90.0,0.0,1.0,5.0,3.0,0.0,5.0,0.0,0.0,0.0,0.0,0.0,14.0,5.0,0.0,0.0,0.0,0.0,0.0,0.0,0.0,0.0,0.0,0.0,14.0,14.0,,,fashion_interest,fashion,1.0,1.0,,,,,,,,,,
2.0,242.5,7.5,45.0,0.0,3.0,3.0,0.0,0.0,0.0,0.0,0.0,9.0,0.0,0.0,0.0,0.0,0.0,0.0,15.0,3.0,0.0,0.0,0.0,0.0,0.0,0.0,15.0,15.0,,,food_interest,food,,,,,1.0,1.0,,,,,,
1.0,423.0,10.0,0.0,0.0,1.0,0.0,0.0,0.0,0.0,0.0,0.0,0.0,0.0,0.0,0.0,0.0,0.0,0.0,0.0,0.0,0.0,0.0,0.0,0.0,0.0,0.0,10.0,10.0,,,general_interest,general,,,,,,,,,1.0,1.0,,
2.0,197.0,5.5,300.0,0.0,2.0,0.0,7.0,0.0,0.0,0.0,2.0,0.0,0.0,0.0,0.0,0.0,0.0,0.0,0.0,0.0,0.0,0.0,11.0,0.0,0.0,0.0,11.0,11.0,,,gaming_interest,gaming,,,,,,,,,,,1.0,1.0
1.0,318.0,7.0,0.0,0.0,2.0,0.0,0.0,0.0,0.0,0.0,0.0,0.0,0.0,0.0,0.0,0.0,0.0,0.0,0.0,0.0,0.0,0.0,0.0,0.0,0.0,0.0,7.0,7.0,,,general_interest,general,,,,,,,,,1.0,1.0,,
2.0,130.5,4.5,120.0,0.0,5.0,0.0,0.0,3.0,0.0,0.0,0.0,0.0,1.0,0.1111111111111111,0.0,0.0,9.0,0.0,0.0,0.0,0.0,0.0,0.0,0.0,0.0,0.0,9.0,9.0,,,general_interest,crypto,,,1.0,1.0,,,,,,,,
2.0,432.0,10.0,90.0,0.0,5.0,8.0,5.0,0.0,2.0,0.0,0.0,0.0,0.0,0.0,20.0,8.0,0.0,0.0,0.0,0.0,0.0,0.0,0.0,0.0,0.0,0.0,20.0,20.0,,,fashion_interest,fashion,1.0,1.0,,,,,,,,,,
2.0,193.5,5.5,200.0,0.0,7.0,0.0,4.0,0.0,0.0,0.0,0.0,0.0,0.0,0.0,0.0,0.0,0.0,0.0,0.0,0.0,11.0,0.0,0.0,0.0,0.0,0.0,11.0,11.0,,,education_interest,education,,,,,,,1.0,1.0,,,,
2.0,260.0,6.5,45.0,0.0,5.0,6.0,0.0,0.0,0.0,0.0,0.0,2.0,0.0,0.0,0.0,0.0,0.0,0.0,13.0,6.0,0.0,0.0,0.0,0.0,0.0,0.0,13.0,13.0,,,food_interest,food,,,,,1.0,1.0,,,,,,
2.0,121.0,4.5,200.0,0.0,7.0,0.0,2.0,0.0,0.0,0.0,0.0,0.0,0.0,0.0,0.0,0.0,0.0,0.0,0.0,0.0,9.0,0.0,0.0,0.0,0.0,0.0,9.0,9.0,,,education_interest,education,,,,,,,1.0,1.0,,,,
2.0,150.0,6.0,45.0,0.0,2.0,7.0,0.0,0.0,0.0,0.0,0.0,3.0,0.0,0.0,0.0,0.0,0.0,0.0,12.0,7.0,0.0,0.0,0.0,0.0,0.0,0.0,12.0,12.0,,,food_interest,food,,,,,1.0,1.0,,,,,,
1.0,287.0,10.0,0.0,0.0,6.0,0.0,0.0,0.0,0.0,0.0,0.0,0.0,0.0,0.0,0.0,0.0,0.0,0.0,0.0,0.0,0.0,0.0,0.0,0.0,0.0,0.0,10.0,10.0,,,general_interest,general,,,,,,,,,1.0,1.0,,
1.0,464.0,10.0,0.0,0.0,3.0,0.0,0.0,0.0,0.0,0.0,0.0,0.0,0.0,0.0,0.0,0.0,0.0,0.0,0.0,0.0,0.0,0.0,0.0,0.0,0.0,0.0,10.0,10.0,,,general_interest,general,,,,,,,,,1.0,1.0,,
1.0,351.0,10.0,0.0,0.0,7.0,0.0,0.0,0.0,0.0,0.0,0.0,0.0,0.0,0.0,0.0,0.0,0.0,0.0,0.0,0.0,0.0,0.0,0.0,0.0,0.0,0.0,10.0,10.0,,,general_interest,general,,,,,,,,,1.0,1.0,,
2.0,262.5,8.0,300.0,0.0,6.0,0.0,7.0,0.0,0.0,0.0,3.0,0.0,0.0,0.0,0.0,0.0,0.0,0.0,0.0,0.0,0.0,0.0,16.0,0.0,0.0,0.0,16.0,16.0,,,gaming_interest,gaming,,,,,,,,,,,1.0,1.0
2.0,234.0,5.5,200.0,0.0,8.0,0.0,3.0,0.0,0.0,0.0,0.0,0.0,0.0,0.0,0.0,0.0,0.0,0.0,0.0,0.0,11.0,0.0,0.0,0.0,0.0,0.0,11.0,11.0,,,education_interest,education,,,,,,,1.0,1.0,,,,
2.0,353.5,9.0,45.0,0.0,8.0,4.0,0.0,0.0,0.0,0.0,0.0,6.0,0.0,0.0,0.0,0.0,0.0,0.0,18.0,4.0,0.0,0.0,0.0,0.0,0.0,0.0,18.0,18.0,,,food_interest,food,,,,,1.0,1.0,,,,,,
2.0,376.5,8.5,120.0,0.0,8.0,4.0,0.0,4.0,0.0,0.0,0.0,0.0,1.0,0.058823529411764705,0.0,0.0,17.0,4.0,0.0,0.0,0.0,0.0,0.0,0.0,0.0,0.0,17.0,17.0,,,crypto_interest,crypto,,,1.0,1.0,,,,,,,,
2.0,133.5,6.0,200.0,0.0,8.0,0.0,4.0,0.0,0.0,0.0,0.0,0.0,0.0,0.0,0.0,0.0,0.0,0.0,0.0,0.0,12.0,0.0,0.0,0.0,0.0,0.0,12.0,12.0,,,education_interest,education,,,,,,,1.0,1.0,,,,
2.0,340.5,9.5,90.0,0.0,7.0,2.0,5.0,0.0,5.0,0.0,0.0,0.0,0.0,0.0,19.0,2.0,0.0,0.0,0.0,0.0,0.0,0.0,0.0,0.0,0.0,0.0,19.0,19.0,,,fashion_interest,fashion,1.0,1.0,,,,,,,,,,
2.0,310.0,7.5,45.0,0.0,7.0,4.0,0.0,0.0,0.0,0.0,0.0,4.0,0.0,0.0,0.0,0.0,0.0,0.0,15.0,4.0,0.0,0.0,0.0,0.0,0.0,0.0,15.0,15.0,,,food_interest,food,,,,,1.0,1.0,,,,,,
2.0,203.0,5.5,45.0,0.0,3.0,4.0,0.0,0.0,0.0,0.0,0.0,4.0,0.0,0.0,0.0,0.0,0.0,0.0,11.0,4.0,0.0,0.0,0.0,0.0,0.0,0.0,11.0,11.0,,,food_interest,food,,,,,1.0,1.0,,,,,,
2.0,372.5,9.0,300.0,0.0,4.0,0.0,7.0,0.0,0.0,0.0,7.0,0.0,0.0,0.0,0.0,0.0,0.0,0.0,0.0,0.0,0.0,0.0,18.0,0.0,0.0,0.0,18.0,18.0,,,gaming_interest,gaming,,,,,,,,,,,1.0,1.0
1.0,118.0,4.0,0.0,0.0,1.0,0.0,0.0,0.0,0.0,0.0,0.0,0.0,0.0,0.0,0.0,0.0,0.0,0.0,0.0,0.0,0.0,0.0,0.0,0.0,0.0,0.0,4.0,4.0,,,general_interest,general,,,,,,,,,1.0,1.0,,
2.0,145.5,6.5,200.0,0.0,8.0,0.0,5.0,0.0,0.0,0.0,0.0,0.0,0.0,0.0,0.0,0.0,0.0,0.0,0.0,0.0,13.0,0.0,0.0,0.0,0.0,0.0,13.0,13.0,,,education_interest,education,,,,,,,1.0,1.0,,,,
2.0,168.0,5.5,120.0,0.0,5.0,1.0,0.0,3.0,0.0,0.0,0.0,0.0,2.0,0.18181818181818182,0.0,0.0,11.0,1.0,0.0,0.0,0.0,0.0,0.0,0.0,0.0,0.0,11.0,11.0,,,general_interest,crypto,,,1.0,1.0,,,,,,,,
2.0,158.0,5.0,45.0,0.0,3.0,2.0,0.0,0.0,0.0,0.0,0.0,5.0,0.0,0.0,0.0,0.0,0.0,0.0,10.0,2.0,0.0,0.0,0.0,0.0,0.0,0.0,10.0,10.0,,,food_interest,food,,,,,1.0,1.0,,,,,,
1.0,220.0,5.0,0.0,0.0,2.0,0.0,0.0,0.0,0.0,0.0,0.0,0.0,0.0,0.0,0.0,0.0,0.0,0.0,0.0,0.0,0.0,0.0,0.0,0.0,0.0,0.0,5.0,5.0,,,general_interest,general,,,,,,,,,1.0,1.0,,
2.0,180.0,6.0,90.0,0.0,5.0,3.0,3.0,0.0,1.0,0.0,0.0,0.0,0.0,0.0,12.0,3.0,0.0,0.0,0.0,0.0,0.0,0.0,0.0,0.0,0.0,0.0,12.0,12.0,,,fashion_interest,fashion,1.0,1.0,,,,,,,,,,
2.0,358.5,9.5,200.0,0.0,13.0,0.0,6.0,0.0,0.0,0.0,0.0,0.0,0.0,0.0,0.0,0.0,0.0,0.0,0.0,0.0,19.0,0.0,0.0,0.0,0.0,0.0,19.0,19.0,,,education_interest,education,,,,,,,1.0,1.0,,,,
2.0,247.5,6.5,45.0,0.0,4.0,5.0,0.0,0.0,0.0,0.0,0.0,4.0,0.0,0.0,0.0,0.0,0.0,0.0,13.0,5.0,0.0,0.0,0.0,0.0,0.0,0.0,13.0,13.0,,,food_interest,food,,,,,1.0,1.0,,,,,,
1.0,360.0,9.0,0.0,0.0,3.0,0.0,0.0,0.0,0.0,0.0,0.0,0.0,0.0,0.0,0.0,0.0,0.0,0.0,0.0,0.0,0.0,0.0,0.0,0.0,0.0,0.0,9.0,9.0,,,general_interest,general,,,,,,,,,1.0,1.0,,
2.0,312.0,8.0,120.0,0.0,11.0,1.0,0.0,2.0,0.0,0.0,0.0,0.0,2.0,0.125,0.0,0.0,16.0,1.0,0.0,0.0,0.0,0.0,0.0,0.0,0.0,0.0,16.0,16.0,,,general_interest,crypto,,,1.0,1.0,,,,,,,,
2.0,158.5,6.5,45.0,0.0,3.0,6.0,0.0,0.0,0.0,0.0,0.0,4.0,0.0,0.0,0.0,0.0,0.0,0.0,13.0,6.0,0.0,0.0,0.0,0.0,0.0,0.0,13.0,13.0,,,food_interest,food,,,,,1.0,1.0,,,,,,
2.0,242.5,7.5,200.0,0.0,11.0,0.0,4.0,0.0,0.0,0.0,0.0,0.0,0.0,0.0,0.0,0.0,0.0,0.0,0.0,0.0,15.0,0.0,0.0,0.0,0.0,0.0,15.0,15.0,,,education_interest,education,,,,,,,1.0,1.0,,,,
2.0,237.0,7.5,120.0,0.0,7.0,3.0,0.0,4.0,0.0,0.0,0.0,0.0,1.0,0.06666666666666667,0.0,0.0,15.0,3.0,0.0,0.0,0.0,0.0,0.0,0.0,0.0,0.0,15.0,15.0,,,crypto_interest,crypto,,,1.0,1.0,,,,,,,,
2.0,222.0,5.0,90.0,0.0,1.0,4.0,3.0,0.0,2.0,0.0,0.0,0.0,0.0,0.0,10.0,4.0,0.0,0.0,0.0,0.0,0.0,0.0,0.0,0.0,0.0,0.0,10.0,10.0,,,fashion_interest,fashion,1.0,1.0,,,,,,,,,,
2.0,407.0,8.0,60.0,0.0,10.0,0.0,0.0,0.0,0.0,0.0,0.0,1.0,5.0,0.3125,0.0,0.0,0.0,0.0,0.0,0.0,0.0,0.0,0.0,0.0,16.0,0.0,16.0,16.0,1.0,1.0,fintech_interest,fintech,,,,,,,,,,,,
2.0,210.0,8.0,200.0,0.0,13.0,0.0,3.0,0.0,0.0,0.0,0.0,0.0,0.0,0.0,0.0,0.0,0.0,0.0,0.0,0.0,16.0,0.0,0.0,0.0,0.0,0.0,16.0,16.0,,,education_interest,education,,,,,,,1.0,1.0,,,,
2.0,190.0,7.0,45.0,0.0,4.0,4.0,0.0,0.0,0.0,0.0,0.0,6.0,0.0,0.0,0.0,0.0,0.0,0.0,14.0,4.0,0.0,0.0,0.0,0.0,0.0,0.0,14.0,14.0,,,food_interest,food,,,,,1.0,1.0,,,,,,
2.0,235.5,7.0,200.0,0.0,11.0,0.0,3.0,0.0,0.0,0.0,0.0,0.0,0.0,0.0,0.0,0.0,0.0,0.0,0.0,0.0,14.0,0.0,0.0,0.0,0.0,0.0,14.0,14.0,,,education_interest,education,,,,,,,1.0,1.0,,,,
1.0,369.0,10.0,0.0,0.0,3.0,0.0,0.0,0.0,0.0,0.0,0.0,0.0,0.0,0.0,0.0,0.0,0.0,0.0,0.0,0.0,0.0,0.0,0.0,0.0,0.0,0.0,10.0,10.0,,,general_interest,general,,,,,,,,,1.0,1.0,,
2.0,378.0,10.0,90.0,0.0,4.0,5.0,8.0,0.0,3.0,0.0,0.0,0.0,0.0,0.0,20.0,5.0,0.0,0.0,0.0,0.0,0.0,0.0,0.0,0.0,0.0,0.0,20.0,20.0,,,fashion_interest,fashion,1.0,1.0,,,,,,,,,,
2.0,212.5,6.5,60.0,0.0,4.0,0.0,0.0,0.0,0.0,0.0,0.0,7.0,2.0,0.15384615384615385,0.0,0.0,0.0,0.0,0.0,0.0,0.0,0.0,0.0,0.0,13.0,0.0,13.0,13.0,1.0,1.0,fintech_interest,fintech,,,,,,,,,,,,
2.0,280.5,7.0,45.0,0.0,5.0,3.0,0.0,0.0,0.0,0.0,0.0,6.0,0.0,0.0,0.0,0.0,0.0,0.0,14.0,3.0,0.0,0.0,0.0,0.0,0.0,0.0,14.0,14.0,,,food_interest,food,,,,,1.0,1.0,,,,,,
2.0,115.5,6.0,120.0,0.0,4.0,1.0,0.0,6.0,0.0,0.0,0.0,0.0,1.0,0.08333333333333333,0.0,0.0,12.0,1.0,0.0,0.0,0.0,0.0,0.0,0.0,0.0,0.0,12.0,12.0,,,general_interest,crypto,,,1.0,1.0,,,,,,,,
2.0,227.5,7.5,120.0,0.0,5.0,3.0,0.0,3.0,0.0,0.0,0.0,0.0,4.0,0.26666666666666666,0.0,0.0,15.0,3.0,0.0,0.0,0.0,0.0,0.0,0.0,0.0,0.0,15.0,15.0,,,crypto_interest,crypto,,,1.0,1.0,,,,,,,,
2.0,140.5,6.0,120.0,0.0,7.0,1.0,0.0,3.0,0.0,0.0,0.0,0.0,1.0,0.08333333333333333,0.0,0.0,12.0,1.0,0.0,0.0,0.0,0.0,0.0,0.0,0.0,0.0,12.0,12.0,,,general_interest,crypto,,,1.0,1.0,,,,,,,,
2.0,291.0,9.0,60.0,0.0,6.0,0.0,0.0,0.0,0.0,0.0,0.0,5.0,7.0,0.3888888888888889,0.0,0.0,0.0,0.0,0.0,0.0,0.0,0.0,0.0,0.0,18.0,0.0,18.0,18.0,1.0,1.0,fintech_interest,fintech,,,,,,,,,,,,
2.0,192.0,6.0,45.0,0.0,5.0,2.0,0.0,0.0,0.0,0.0,0.0,5.0,0.0,0.0,0.0,0.0,0.0,0.0,12.0,2.0,0.0,0.0,0.0,0.0,0.0,0.0,12.0,12.0,,,food_interest,food,,,,,1.0,1.0,,,,,,
1.0,385.0,8.0,0.0,0.0,6.0,0.0,0.0,0.0,0.0,0.0,0.0,0.0,0.0,0.0,0.0,0.0,0.0,0.0,0.0,0.0,0.0,0.0,0.0,0.0,0.0,0.0,8.0,8.0,,,general_interest,general,,,,,,,,,1.0,1.0,,
2.0,378.0,8.0,60.0,0.0,5.0,0.0,0.0,0.0,0.0,0.0,0.0,4.0,7.0,0.4375,0.0,0.0,0.0,0.0,0.0,0.0,0.0,0.0,0.0,0.0,16.0,0.0,16.0,16.0,1.0,1.0,fintech_interest,fintech,,,,,,,,,,,,
2.0,250.5,6.5,60.0,0.0,3.0,0.0,0.0,0.0,0.0,0.0,0.0,2.0,8.0,0.6153846153846154,0.0,0.0,0.0,0.0,0.0,0.0,0.0,0.0,0.0,0.0,13.0,0.0,13.0,13.0,1.0,1.0,fintech_interest,fintech,,,,,,,,,,,,
2.0,316.5,8.5,60.0,0.0,10.0,0.0,0.0,0.0,0.0,0.0,0.0,3.0,4.0,0.23529411764705882,0.0,0.0,0.0,0.0,0.0,0.0,0.0,0.0,0.0,0.0,17.0,0.0,17.0,17.0,1.0,1.0,fintech_interest,fintech,,,,,,,,,,,,
2.0,202.0,5.5,60.0,0.0,3.0,0.0,0.0,0.0,0.0,0.0,0.0,2.0,6.0,0.5454545454545454,0.0,0.0,0.0,0.0,0.0,0.0,0.0,0.0,0.0,0.0,11.0,0.0,11.0,11.0,1.0,1.0,fintech_interest,fintech,,,,,,,,,,,,
1.0,288.0,9.0,0.0,0.0,2.0,0.0,0.0,0.0,0.0,0.0,0.0,0.0,0.0,0.0,0.0,0.0,0.0,0.0,0.0,0.0,0.0,0.0,0.0,0.0,0.0,0.0,9.0,9.0,,,general_interest,general,,,,,,,,,1.0,1.0,,
2.0,222.0,7.0,300.0,0.0,3.0,0.0,7.0,0.0,0.0,0.0,4.0,0.0,0.0,0.0,0.0,0.0,0.0,0.0,0.0,0.0,0.0,0.0,14.0,0.0,0.0,0.0,14.0,14.0,,,gaming_interest,gaming,,,,,,,,,,,1.0,1.0
2.0,267.0,7.5,120.0,0.0,6.0,5.0,0.0,2.0,0.0,0.0,0.0,0.0,2.0,0.13333333333333333,0.0,0.0,15.0,5.0,0.0,0.0,0.0,0.0,0.0,0.0,0.0,0.0,15.0,15.0,,,crypto_interest,crypto,,,1.0,1.0,,,,,,,,
2.0,247.0,6.5,300.0,0.0,1.0,0.0,12.0,0.0,0.0,0.0,0.0,0.0,0.0,0.0,0.0,0.0,0.0,0.0,0.0,0.0,0.0,0.0,13.0,0.0,0.0,0.0,13.0,13.0,,,gaming_interest,gaming,,,,,,,,,,,1.0,1.0
2.0,300.0,7.5,45.0,0.0,6.0,5.0,0.0,0.0,0.0,0.0,0.0,4.0,0.0,0.0,0.0,0.0,0.0,0.0,15.0,5.0,0.0,0.0,0.0,0.0,0.0,0.0,15.0,15.0,,,food_interest,food,,,,,1.0,1.0,,,,,,
2.0,272.0,8.0,45.0,0.0,8.0,3.0,0.0,0.0,0.0,0.0,0.0,5.0,0.0,0.0,0.0,0.0,0.0,0.0,16.0,3.0,0.0,0.0,0.0,0.0,0.0,0.0,16.0,16.0,,,food_interest,food,,,,,1.0,1.0,,,,,,
2.0,319.0,8.5,120.0,0.0,4.0,7.0,0.0,4.0,0.0,0.0,0.0,0.0,2.0,0.11764705882352941,0.0,0.0,17.0,7.0,0.0,0.0,0.0,0.0,0.0,0.0,0.0,0.0,17.0,17.0,,,crypto_interest,crypto,,,1.0,1.0,,,,,,,,
2.0,154.0,4.5,300.0,0.0,6.0,0.0,2.0,0.0,0.0,0.0,1.0,0.0,0.0,0.0,0.0,0.0,0.0,0.0,0.0,0.0,0.0,0.0,9.0,0.0,0.0,0.0,9.0,9.0,,,general_interest,gaming,,,,,,,,,,,1.0,1.0
2.0,361.0,8.0,45.0,0.0,9.0,3.0,0.0,0.0,0.0,0.0,0.0,4.0,0.0,0.0,0.0,0.0,0.0,0.0,16.0,3.0,0.0,0.0,0.0,0.0,0.0,0.0,16.0,16.0,,,food_interest,food,,,,,1.0,1.0,,,,,,
2.0,115.5,4.5,300.0,0.0,3.0,0.0,2.0,0.0,0.0,0.0,4.0,0.0,0.0,0.0,0.0,0.0,0.0,0.0,0.0,0.0,0.0,0.0,9.0,0.0,0.0,0.0,9.0,9.0,,,general_interest,gaming,,,,,,,,,,,1.0,1.0
2.0,232.0,7.0,60.0,0.0,5.0,0.0,0.0,0.0,0.0,0.0,0.0,3.0,6.0,0.42857142857142855,0.0,0.0,0.0,0.0,0.0,0.0,0.0,0.0,0.0,0.0,14.0,0.0,14.0,14.0,1.0,1.0,fintech_interest,fintech,,,,,,,,,,,,
2.0,240.0,7.0,45.0,0.0,3.0,10.0,0.0,0.0,0.0,0.0,0.0,1.0,0.0,0.0,0.0,0.0,0.0,0.0,14.0,10.0,0.0,0.0,0.0,0.0,0.0,0.0,14.0,14.0,,,food_interest,food,,,,,1.0,1.0,,,,,,
2.0,351.0,8.0,300.0,0.0,4.0,0.0,8.0,0.0,0.0,0.0,4.0,0.0,0.0,0.0,0.0,0.0,0.0,0.0,0.0,0.0,0.0,0.0,16.0,0.0,0.0,0.0,16.0,16.0,,,gaming_interest,gaming,,,,,,,,,,,1.0,1.0
2.0,194.5,7.0,200.0,0.0,10.0,0.0,4.0,0.0,0.0,0.0,0.0,0.0,0.0,0.0,0.0,0.0,0.0,0.0,0.0,0.0,14.0,0.0,0.0,0.0,0.0,0.0,14.0,14.0,,,education_interest,education,,,,,,,1.0,1.0,,,,
2.0,288.0,8.0,200.0,0.0,8.0,0.0,8.0,0.0,0.0,0.0,0.0,0.0,0.0,0.0,0.0,0.0,0.0,0.0,0.0,0.0,16.0,0.0,0.0,0.0,0.0,0.0,16.0,16.0,,,education_interest,education,,,,,,,1.0,1.0,,,,
2.0,242.0,6.5,120.0,0.0,6.0,2.0,0.0,4.0,0.0,0.0,0.0,0.0,1.0,0.07692307692307693,0.0,0.0,13.0,2.0,0.0,0.0,0.0,0.0,0.0,0.0,0.0,0.0,13.0,13.0,,,crypto_interest,crypto,,,1.0,1.0,,,,,,,,
2.0,282.0,6.5,45.0,0.0,5.0,1.0,0.0,0.0,0.0,0.0,0.0,7.0,0.0,0.0,0.0,0.0,0.0,0.0,13.0,1.0,0.0,0.0,0.0,0.0,0.0,0.0,13.0,13.0,,,food_interest,food,,,,,1.0,1.0,,,,,,
2.0,149.0,5.0,0.0,0.0,0.0,3.0,4.0,0.0,3.0,0.0,0.0,0.0,0.0,0.0,10.0,3.0,0.0,0.0,0.0,0.0,0.0,0.0,0.0,0.0,0.0,0.0,10.0,10.0,,,fashion_interest,fashion,1.0,1.0,,,,,,,,,,
2.0,241.5,8.0,60.0,0.0,3.0,0.0,0.0,0.0,0.0,0.0,0.0,10.0,3.0,0.1875,0.0,0.0,0.0,0.0,0.0,0.0,0.0,0.0,0.0,0.0,16.0,0.0,16.0,16.0,1.0,1.0,fintech_interest,fintech,,,,,,,,,,,,
2.0,360.0,9.0,120.0,0.0,9.0,4.0,0.0,2.0,0.0,0.0,0.0,0.0,3.0,0.16666666666666666,0.0,0.0,18.0,4.0,0.0,0.0,0.0,0.0,0.0,0.0,0.0,0.0,18.0,18.0,,,crypto_interest,crypto,,,1.0,1.0,,,,,,,,
2.0,315.0,8.0,300.0,0.0,4.0,0.0,11.0,0.0,0.0,0.0,1.0,0.0,0.0,0.0,0.0,0.0,0.0,0.0,0.0,0.0,0.0,0.0,16.0,0.0,0.0,0.0,16.0,16.0,,,gaming_interest,gaming,,,,,,,,,,,1.0,1.0
2.0,279.0,7.5,60.0,0.0,4.0,0.0,0.0,0.0,0.0,0.0,0.0,7.0,4.0,0.26666666666666666,0.0,0.0,0.0,0.0,0.0,0.0,0.0,0.0,0.0,0.0,15.0,0.0,15.0,15.0,1.0,1.0,fintech_interest,fintech,,,,,,,,,,,,
2.0,280.0,7.0,200.0,0.0,10.0,0.0,4.0,0.0,0.0,0.0,0.0,0.0,0.0,0.0,0.0,0.0,0.0,0.0,0.0,0.0,14.0,0.0,0.0,0.0,0.0,0.0,14.0,14.0,,,education_interest,education,,,,,,,1.0,1.0,,,,
2.0,220.0,5.0,90.0,0.0,4.0,0.0,3.0,0.0,3.0,0.0,0.0,0.0,0.0,0.0,10.0,0.0,0.0,0.0,0.0,0.0,0.0,0.0,0.0,0.0,0.0,0.0,10.0,10.0,,,fashion_interest,fashion,1.0,1.0,,,,,,,,,,
2.0,250.5,7.0,45.0,0.0,4.0,4.0,0.0,0.0,0.0,0.0,0.0,6.0,0.0,0.0,0.0,0.0,0.0,0.0,14.0,4.0,0.0,0.0,0.0,0.0,0.0,0.0,14.0,14.0,,,food_interest,food,,,,,1.0,1.0,,,,,,
2.0,302.5,9.0,120.0,0.0,8.0,3.0,0.0,2.0,0.0,0.0,0.0,0.0,5.0,0.2777777777777778,0.0,0.0,18.0,3.0,0.0,0.0,0.0,0.0,0.0,0.0,0.0,0.0,18.0,18.0,,,crypto_interest,crypto,,,1.0,1.0,,,,,,,,
2.0,122.0,5.0,120.0,0.0,3.0,2.0,0.0,1.0,0.0,0.0,0.0,0.0,4.0,0.4,0.0,0.0,10.0,2.0,0.0,0.0,0.0,0.0,0.0,0.0,0.0,0.0,10.0,10.0,,,crypto_interest,crypto,,,1.0,1.0,,,,,,,,
2.0,180.0,8.0,45.0,0.0,6.0,4.0,0.0,0.0,0.0,0.0,0.0,6.0,0.0,0.0,0.0,0.0,0.0,0.0,16.0,4.0,0.0,0.0,0.0,0.0,0.0,0.0,16.0,16.0,,,food_interest,food,,,,,1.0,1.0,,,,,,
2.0,194.0,5.5,45.0,0.0,1.0,5.0,0.0,0.0,0.0,0.0,0.0,5.0,0.0,0.0,0.0,0.0,0.0,0.0,11.0,5.0,0.0,0.0,0.0,0.0,0.0,0.0,11.0,11.0,,,food_interest,food,,,,,1.0,1.0,,,,,,
1.0,236.0,6.0,0.0,0.0,1.0,0.0,0.0,0.0,0.0,0.0,0.0,0.0,0.0,0.0,0.0,0.0,0.0,0.0,0.0,0.0,0.0,0.0,0.0,0.0,0.0,0.0,6.0,6.0,,,general_interest,general,,,,,,,,,1.0,1.0,,
2.0,276.0,8.5,120.0,0.0,3.0,4.0,0.0,3.0,0.0,0.0,0.0,0.0,7.0,0.4117647058823529,0.0,0.0,17.0,4.0,0.0,0.0,0.0,0.0,0.0,0.0,0.0,0.0,17.0,17.0,,,crypto_interest,crypto,,,1.0,1.0,,,,,,,,
2.0,179.5,6.5,300.0,0.0,3.0,0.0,7.0,0.0,0.0,0.0,3.0,0.0,0.0,0.0,0.0,0.0,0.0,0.0,0.0,0.0,0.0,0.0,13.0,0.0,0.0,0.0,13.0,13.0,,,gaming_interest,gaming,,,,,,,,,,,1.0,1.0
2.0,166.0,5.5,60.0,0.0,5.0,0.0,0.0,0.0,0.0,0.0,0.0,2.0,4.0,0.36363636363636365,0.0,0.0,0.0,0.0,0.0,0.0,0.0,0.0,0.0,0.0,11.0,0.0,11.0,11.0,1.0,1.0,fintech_interest,fintech,,,,,,,,,,,,
2.0,199.5,7.0,90.0,0.0,3.0,1.0,8.0,0.0,2.0,0.0,0.0,0.0,0.0,0.0,14.0,1.0,0.0,0.0,0.0,0.0,0.0,0.0,0.0,0.0,0.0,0.0,14.0,14.0,,,fashion_interest,fashion,1.0,1.0,,,,,,,,,,
2.0,363.5,8.0,90.0,0.0,3.0,3.0,5.0,0.0,5.0,0.0,0.0,0.0,0.0,0.0,16.0,3.0,0.0,0.0,0.0,0.0,0.0,0.0,0.0,0.0,0.0,0.0,16.0,16.0,,,fashion_interest,fashion,1.0,1.0,,,,,,,,,,
2.0,167.5,5.0,120.0,0.0,4.0,0.0,0.0,3.0,0.0,0.0,0.0,0.0,3.0,0.3,0.0,0.0,10.0,0.0,0.0,0.0,0.0,0.0,0.0,0.0,0.0,0.0,10.0,10.0,,,general_interest,crypto,,,1.0,1.0,,,,,,,,
2.0,219.0,7.0,90.0,0.0,4.0,2.0,5.0,0.0,3.0,0.0,0.0,0.0,0.0,0.0,14.0,2.0,0.0,0.0,0.0,0.0,0.0,0.0,0.0,0.0,0.0,0.0,14.0,14.0,,,fashion_interest,fashion,1.0,1.0,,,,,,,,,,
2.0,246.0,6.5,60.0,0.0,1.0,0.0,0.0,0.0,0.0,0.0,0.0,8.0,4.0,0.3076923076923077,0.0,0.0,0.0,0.0,0.0,0.0,0.0,0.0,0.0,0.0,13.0,0.0,13.0,13.0,1.0,1.0,fintech_interest,fintech,,,,,,,,,,,,
2.0,202.5,7.5,60.0,0.0,5.0,0.0,0.0,0.0,0.0,0.0,0.0,8.0,2.0,0.13333333333333333,0.0,0.0,0.0,0.0,0.0,0.0,0.0,0.0,0.0,0.0,15.0,0.0,15.0,15.0,1.0,1.0,fintech_interest,fintech,,,,,,,,,,,,
2.0,246.5,6.0,45.0,0.0,3.0,3.0,0.0,0.0,0.0,0.0,0.0,6.0,0.0,0.0,0.0,0.0,0.0,0.0,12.0,3.0,0.0,0.0,0.0,0.0,0.0,0.0,12.0,12.0,,,food_interest,food,,,,,1.0,1.0,,,,,,
2.0,342.0,8.5,90.0,0.0,7.0,3.0,4.0,0.0,3.0,0.0,0.0,0.0,0.0,0.0,17.0,3.0,0.0,0.0,0.0,0.0,0.0,0.0,0.0,0.0,0.0,0.0,17.0,17.0,,,fashion_interest,fashion,1.0,1.0,,,,,,,,,,
2.0,329.0,7.5,120.0,0.0,6.0,3.0,0.0,1.0,0.0,0.0,0.0,0.0,5.0,0.3333333333333333,0.0,0.0,15.0,3.0,0.0,0.0,0.0,0.0,0.0,0.0,0.0,0.0,15.0,15.0,,,crypto_interest,crypto,,,1.0,1.0,,,,,,,,
2.0,192.0,7.0,45.0,0.0,3.0,6.0,0.0,0.0,0.0,0.0,0.0,5.0,0.0,0.0,0.0,0.0,0.0,0.0,14.0,6.0,0.0,0.0,0.0,0.0,0.0,0.0,14.0,14.0,,,food_interest,food,,,,,1.0,1.0,,,,,,
1.0,240.0,6.0,0.0,0.0,0.0,0.0,0.0,0.0,0.0,0.0,0.0,0.0,0.0,0.0,0.0,0.0,0.0,0.0,0.0,0.0,0.0,0.0,0.0,0.0,0.0,0.0,6.0,6.0,,,general_interest,general,,,,,,,,,1.0,1.0,,
2.0,294.5,7.0,60.0,0.0,2.0,0.0,0.0,0.0,0.0,0.0,0.0,7.0,5.0,0.35714285714285715,0.0,0.0,0.0,0.0,0.0,0.0,0.0,0.0,0.0,0.0,14.0,0.0,14.0,14.0,1.0,1.0,fintech_interest,fintech,,,,,,,,,,,,
2.0,161.5,6.5,90.0,0.0,2.0,5.0,2.0,0.0,4.0,0.0,0.0,0.0,0.0,0.0,13.0,5.0,0.0,0.0,0.0,0.0,0.0,0.0,0.0,0.0,0.0,0.0,13.0,13.0,,,fashion_interest,fashion,1.0,1.0,,,,,,,,,,
2.0,231.5,6.0,200.0,0.0,9.0,0.0,3.0,0.0,0.0,0.0,0.0,0.0,0.0,0.0,0.0,0.0,0.0,0.0,0.0,0.0,12.0,0.0,0.0,0.0,0.0,0.0,12.0,12.0,,,education_interest,education,,,,,,,1.0,1.0,,,,
2.0,250.5,7.5,300.0,0.0,5.0,0.0,9.0,0.0,0.0,0.0,1.0,0.0,0.0,0.0,0.0,0.0,0.0,0.0,0.0,0.0,0.0,0.0,15.0,0.0,0.0,0.0,15.0,15.0,,,gaming_interest,gaming,,,,,,,,,,,1.0,1.0
2.0,291.5,8.5,45.0,0.0,6.0,7.0,0.0,0.0,0.0,0.0,0.0,4.0,0.0,0.0,0.0,0.0,0.0,0.0,17.0,7.0,0.0,0.0,0.0,0.0,0.0,0.0,17.0,17.0,,,food_interest,food,,,,,1.0,1.0,,,,,,
1.0,343.0,10.0,0.0,0.0,1.0,0.0,0.0,0.0,0.0,0.0,0.0,0.0,0.0,0.0,0.0,0.0,0.0,0.0,0.0,0.0,0.0,0.0,0.0,0.0,0.0,0.0,10.0,10.0,,,general_interest,general,,,,,,,,,1.0,1.0,,
2.0,289.0,7.0,200.0,0.0,10.0,0.0,4.0,0.0,0.0,0.0,0.0,0.0,0.0,0.0,0.0,0.0,0.0,0.0,0.0,0.0,14.0,0.0,0.0,0.0,0.0,0.0,14.0,14.0,,,education_interest,education,,,,,,,1.0,1.0,,,,
2.0,229.5,8.5,120.0,0.0,5.0,3.0,0.0,4.0,0.0,0.0,0.0,0.0,5.0,0.29411764705882354,0.0,0.0,17.0,3.0,0.0,0.0,0.0,0.0,0.0,0.0,0.0,0.0,17.0,17.0,,,crypto_interest,crypto,,,1.0,1.0,,,,,,,,
2.0,307.0,8.0,300.0,0.0,3.0,0.0,5.0,0.0,0.0,0.0,8.0,0.0,0.0,0.0,0.0,0.0,0.0,0.0,0.0,0.0,0.0,0.0,16.0,0.0,0.0,0.0,16.0,16.0,,,gaming_interest,gaming,,,,,,,,,,,1.0,1.0
2.0,272.5,7.0,200.0,0.0,8.0,0.0,6.0,0.0,0.0,0.0,0.0,0.0,0.0,0.0,0.0,0.0,0.0,0.0,0.0,0.0,14.0,0.0,0.0,0.0,0.0,0.0,14.0,14.0,,,education_interest,education,,,,,,,1.0,1.0,,,,
2.0,194.5,6.5,45.0,0.0,6.0,6.0,0.0,0.0,0.0,0.0,0.0,1.0,0.0,0.0,0.0,0.0,0.0,0.0,13.0,6.0,0.0,0.0,0.0,0.0,0.0,0.0,13.0,13.0,,,food_interest,food,,,,,1.0,1.0,,,,,,
2.0,275.0,8.5,120.0,0.0,6.0,4.0,0.0,4.0,0.0,0.0,0.0,0.0,3.0,0.17647058823529413,0.0,0.0,17.0,4.0,0.0,0.0,0.0,0.0,0.0,0.0,0.0,0.0,17.0,17.0,,,crypto_interest,crypto,,,1.0,1.0,,,,,,,,
2.0,283.5,8.0,120.0,0.0,7.0,4.0,0.0,3.0,0.0,0.0,0.0,0.0,2.0,0.125,0.0,0.0,16.0,4.0,0.0,0.0,0.0,0.0,0.0,0.0,0.0,0.0,16.0,16.0,,,crypto_interest,crypto,,,1.0,1.0,,,,,,,,
2.0,237.5,6.5,300.0,0.0,4.0,0.0,5.0,0.0,0.0,0.0,4.0,0.0,0.0,0.0,0.0,0.0,0.0,0.0,0.0,0.0,0.0,0.0,13.0,0.0,0.0,0.0,13.0,13.0,,,gaming_interest,gaming,,,,,,,,,,,1.0,1.0
2.0,222.0,5.5,300.0,0.0,1.0,0.0,8.0,0.0,0.0,0.0,2.0,0.0,0.0,0.0,0.0,0.0,0.0,0.0,0.0,0.0,0.0,0.0,11.0,0.0,0.0,0.0,11.0,11.0,,,gaming_interest,gaming,,,,,,,,,,,1.0,1.0
2.0,180.0,6.0,60.0,0.0,5.0,0.0,0.0,0.0,0.0,0.0,0.0,4.0,3.0,0.25,0.0,0.0,0.0,0.0,0.0,0.0,0.0,0.0,0.0,0.0,12.0,0.0,12.0,12.0,1.0,1.0,fintech_interest,fintech,,,,,,,,,,,,
2.0,199.5,6.0,90.0,0.0,4.0,4.0,0.0,0.0,4.0,0.0,0.0,0.0,0.0,0.0,12.0,4.0,0.0,0.0,0.0,0.0,0.0,0.0,0.0,0.0,0.0,0.0,12.0,12.0,,,fashion_interest,fashion,1.0,1.0,,,,,,,,,,
2.0,281.0,9.0,120.0,0.0,3.0,8.0,0.0,4.0,0.0,0.0,0.0,0.0,3.0,0.16666666666666666,0.0,0.0,18.0,8.0,0.0,0.0,0.0,0.0,0.0,0.0,0.0,0.0,18.0,18.0,,,crypto_interest,crypto,,,1.0,1.0,,,,,,,,
2.0,130.5,5.5,0.0,0.0,0.0,5.0,0.0,0.0,0.0,0.0,0.0,6.0,0.0,0.0,0.0,0.0,0.0,0.0,11.0,5.0,0.0,0.0,0.0,0.0,0.0,0.0,11.0,11.0,,,food_interest,food,,,,,1.0,1.0,,,,,,
2.0,247.5,8.0,45.0,0.0,4.0,7.0,0.0,0.0,0.0,0.0,0.0,5.0,0.0,0.0,0.0,0.0,0.0,0.0,16.0,7.0,0.0,0.0,0.0,0.0,0.0,0.0,16.0,16.0,,,food_interest,food,,,,,1.0,1.0,,,,,,
2.0,216.5,7.0,300.0,0.0,5.0,0.0,5.0,0.0,0.0,0.0,4.0,0.0,0.0,0.0,0.0,0.0,0.0,0.0,0.0,0.0,0.0,0.0,14.0,0.0,0.0,0.0,14.0,14.0,,,gaming_interest,gaming,,,,,,,,,,,1.0,1.0
2.0,232.5,7.0,120.0,0.0,5.0,3.0,0.0,3.0,0.0,0.0,0.0,0.0,3.0,0.21428571428571427,0.0,0.0,14.0,3.0,0.0,0.0,0.0,0.0,0.0,0.0,0.0,0.0,14.0,14.0,,,crypto_interest,crypto,,,1.0,1.0,,,,,,,,
2.0,304.0,8.0,120.0,0.0,4.0,4.0,0.0,4.0,0.0,0.0,0.0,0.0,4.0,0.25,0.0,0.0,16.0,4.0,0.0,0.0,0.0,0.0,0.0,0.0,0.0,0.0,16.0,16.0,,,crypto_interest,crypto,,,1.0,1.0,,,,,,,,
2.0,108.5,4.0,60.0,0.0,4.0,0.0,0.0,0.0,0.0,0.0,0.0,2.0,2.0,0.25,0.0,0.0,0.0,0.0,0.0,0.0,0.0,0.0,0.0,0.0,8.0,0.0,8.0,8.0,1.0,1.0,fintech_interest,fintech,,,,,,,,,,,,
2.0,181.0,5.5,60.0,0.0,4.0,0.0,0.0,0.0,0.0,0.0,0.0,3.0,4.0,0.36363636363636365,0.0,0.0,0.0,0.0,0.0,0.0,0.0,0.0,0.0,0.0,11.0,0.0,11.0,11.0,1.0,1.0,fintech_interest,fintech,,,,,,,,,,,,
2.0,244.0,7.5,60.0,0.0,6.0,0.0,0.0,0.0,0.0,0.0,0.0,6.0,3.0,0.2,0.0,0.0,0.0,0.0,0.0,0.0,0.0,0.0,0.0,0.0,15.0,0.0,15.0,15.0,1.0,1.0,fintech_interest,fintech,,,,,,,,,,,,
2.0,205.0,7.5,300.0,0.0,4.0,0.0,9.0,0.0,0.0,0.0,2.0,0.0,0.0,0.0,0.0,0.0,0.0,0.0,0.0,0.0,0.0,0.0,15.0,0.0,0.0,0.0,15.0,15.0,,,gaming_interest,gaming,,,,,,,,,,,1.0,1.0
2.0,358.0,7.5,45.0,0.0,3.0,5.0,0.0,0.0,0.0,0.0,0.0,7.0,0.0,0.0,0.0,0.0,0.0,0.0,15.0,5.0,0.0,0.0,0.0,0.0,0.0,0.0,15.0,15.0,,,food_interest,food,,,,,1.0,1.0,,,,,,
2.0,197.0,5.5,90.0,0.0,2.0,3.0,4.0,0.0,2.0,0.0,0.0,0.0,0.0,0.0,11.0,3.0,0.0,0.0,0.0,0.0,0.0,0.0,0.0,0.0,0.0,0.0,11.0,11.0,,,fashion_interest,fashion,1.0,1.0,,,,,,,,,,
2.0,283.5,7.5,90.0,0.0,3.0,2.0,5.0,0.0,5.0,0.0,0.0,0.0,0.0,0.0,15.0,2.0,0.0,0.0,0.0,0.0,0.0,0.0,0.0,0.0,0.0,0.0,15.0,15.0,,,fashion_interest,fashion,1.0,1.0,,,,,,,,,,
2.0,286.5,7.5,60.0,0.0,5.0,0.0,0.0,0.0,0.0,0.0,0.0,7.0,3.0,0.2,0.0,0.0,0.0,0.0,0.0,0.0,0.0,0.0,0.0,0.0,15.0,0.0,15.0,15.0,1.0,1.0,fintech_interest,fintech,,,,,,,,,,,,
2.0,303.0,7.5,200.0,0.0,8.0,0.0,7.0,0.0,0.0,0.0,0.0,0.0,0.0,0.0,0.0,0.0,0.0,0.0,0.0,0.0,15.0,0.0,0.0,0.0,0.0,0.0,15.0,15.0,,,education_interest,education,,,,,,,1.0,1.0,,,,
2.0,253.5,7.5,120.0,0.0,7.0,1.0,0.0,4.0,0.0,0.0,0.0,0.0,3.0,0.2,0.0,0.0,15.0,1.0,0.0,0.0,0.0,0.0,0.0,0.0,0.0,0.0,15.0,15.0,,,general_interest,crypto,,,1.0,1.0,,,,,,,,
1.0,240.0,8.0,0.0,0.0,2.0,0.0,0.0,0.0,0.0,0.0,0.0,0.0,0.0,0.0,0.0,0.0,0.0,0.0,0.0,0.0,0.0,0.0,0.0,0.0,0.0,0.0,8.0,8.0,,,general_interest,general,,,,,,,,,1.0,1.0,,
2.0,220.0,6.0,200.0,0.0,8.0,0.0,4.0,0.0,0.0,0.0,0.0,0.0,0.0,0.0,0.0,0.0,0.0,0.0,0.0,0.0,12.0,0.0,0.0,0.0,0.0,0.0,12.0,12.0,,,education_interest,education,,,,,,,1.0,1.0,,,,
2.0,138.0,5.5,200.0,0.0,7.0,0.0,4.0,0.0,0.0,0.0,0.0,0.0,0.0,0.0,0.0,0.0,0.0,0.0,0.0,0.0,11.0,0.0,0.0,0.0,0.0,0.0,11.0,11.0,,,education_interest,education,,,,,,,1.0,1.0,,,,
2.0,273.5,6.5,45.0,0.0,5.0,4.0,0.0,0.0,0.0,0.0,0.0,4.0,0.0,0.0,0.0,0.0,0.0,0.0,13.0,4.0,0.0,0.0,0.0,0.0,0.0,0.0,13.0,13.0,,,food_interest,food,,,,,1.0,1.0,,,,,,
2.0,299.0,8.0,45.0,0.0,4.0,3.0,0.0,0.0,0.0,0.0,0.0,9.0,0.0,0.0,0.0,0.0,0.0,0.0,16.0,3.0,0.0,0.0,0.0,0.0,0.0,0.0,16.0,16.0,,,food_interest,food,,,,,1.0,1.0,,,,,,
2.0,372.0,8.5,300.0,0.0,6.0,0.0,9.0,0.0,0.0,0.0,2.0,0.0,0.0,0.0,0.0,0.0,0.0,0.0,0.0,0.0,0.0,0.0,17.0,0.0,0.0,0.0,17.0,17.0,,,gaming_interest,gaming,,,,,,,,,,,1.0,1.0
2.0,276.0,6.5,60.0,0.0,5.0,0.0,0.0,0.0,0.0,0.0,0.0,2.0,6.0,0.46153846153846156,0.0,0.0,0.0,0.0,0.0,0.0,0.0,0.0,0.0,0.0,13.0,0.0,13.0,13.0,1.0,1.0,fintech_interest,fintech,,,,,,,,,,,,
2.0,336.0,7.5,120.0,0.0,9.0,3.0,0.0,1.0,0.0,0.0,0.0,0.0,2.0,0.13333333333333333,0.0,0.0,15.0,3.0,0.0,0.0,0.0,0.0,0.0,0.0,0.0,0.0,15.0,15.0,,,crypto_interest,crypto,,,1.0,1.0,,,,,,,,
2.0,148.0,4.5,200.0,0.0,8.0,0.0,1.0,0.0,0.0,0.0,0.0,0.0,0.0,0.0,0.0,0.0,0.0,0.0,0.0,0.0,9.0,0.0,0.0,0.0,0.0,0.0,9.0,9.0,,,education_interest,education,,,,,,,1.0,1.0,,,,
2.0,240.0,7.5,200.0,0.0,9.0,0.0,6.0,0.0,0.0,0.0,0.0,0.0,0.0,0.0,0.0,0.0,0.0,0.0,0.0,0.0,15.0,0.0,0.0,0.0,0.0,0.0,15.0,15.0,,,education_interest,education,,,,,,,1.0,1.0,,,,
2.0,195.0,6.5,120.0,0.0,7.0,2.0,0.0,1.0,0.0,0.0,0.0,0.0,3.0,0.23076923076923078,0.0,0.0,13.0,2.0,0.0,0.0,0.0,0.0,0.0,0.0,0.0,0.0,13.0,13.0,,,crypto_interest,crypto,,,1.0,1.0,,,,,,,,
2.0,126.0,5.5,300.0,0.0,3.0,0.0,4.0,0.0,0.0,0.0,4.0,0.0,0.0,0.0,0.0,0.0,0.0,0.0,0.0,0.0,0.0,0.0,11.0,0.0,0.0,0.0,11.0,11.0,,,gaming_interest,gaming,,,,,,,,,,,1.0,1.0
2.0,154.0,6.0,60.0,0.0,3.0,0.0,0.0,0.0,0.0,0.0,0.0,5.0,4.0,0.3333333333333333,0.0,0.0,0.0,0.0,0.0,0.0,0.0,0.0,0.0,0.0,12.0,0.0,12.0,12.0,1.0,1.0,fintech_interest,fintech,,,,,,,,,,,,
2.0,316.0,9.0,90.0,0.0,5.0,5.0,4.0,0.0,4.0,0.0,0.0,0.0,0.0,0.0,18.0,5.0,0.0,0.0,0.0,0.0,0.0,0.0,0.0,0.0,0.0,0.0,18.0,18.0,,,fashion_interest,fashion,1.0,1.0,,,,,,,,,,
2.0,190.5,7.0,200.0,0.0,8.0,0.0,6.0,0.0,0.0,0.0,0.0,0.0,0.0,0.0,0.0,0.0,0.0,0.0,0.0,0.0,14.0,0.0,0.0,0.0,0.0,0.0,14.0,14.0,,,education_interest,education,,,,,,,1.0,1.0,,,,
2.0,224.0,8.5,45.0,0.0,5.0,3.0,0.0,0.0,0.0,0.0,0.0,9.0,0.0,0.0,0.0,0.0,0.0,0.0,17.0,3.0,0.0,0.0,0.0,0.0,0.0,0.0,17.0,17.0,,,food_interest,food,,,,,1.0,1.0,,,,,,
2.0,207.5,6.0,45.0,0.0,2.0,7.0,0.0,0.0,0.0,0.0,0.0,3.0,0.0,0.0,0.0,0.0,0.0,0.0,12.0,7.0,0.0,0.0,0.0,0.0,0.0,0.0,12.0,12.0,,,food_interest,food,,,,,1.0,1.0,,,,,,
2.0,328.0,8.0,200.0,0.0,10.0,0.0,6.0,0.0,0.0,0.0,0.0,0.0,0.0,0.0,0.0,0.0,0.0,0.0,0.0,0.0,16.0,0.0,0.0,0.0,0.0,0.0,16.0,16.0,,,education_interest,education,,,,,,,1.0,1.0,,,,
2.0,176.0,6.0,90.0,0.0,1.0,3.0,3.0,0.0,5.0,0.0,0.0,0.0,0.0,0.0,12.0,3.0,0.0,0.0,0.0,0.0,0.0,0.0,0.0,0.0,0.0,0.0,12.0,12.0,,,fashion_interest,fashion,1.0,1.0,,,,,,,,,,
2.0,255.0,7.5,120.0,0.0,6.0,0.0,0.0,2.0,0.0,0.0,0.0,0.0,7.0,0.4666666666666667,0.0,0.0,15.0,0.0,0.0,0.0,0.0,0.0,0.0,0.0,0.0,0.0,15.0,15.0,,,general_interest,crypto,,,1.0,1.0,,,,,,,,
2.0,249.5,7.0,60.0,0.0,5.0,0.0,0.0,0.0,0.0,0.0,0.0,4.0,5.0,0.35714285714285715,0.0,0.0,0.0,0.0,0.0,0.0,0.0,0.0,0.0,0.0,14.0,0.0,14.0,14.0,1.0,1.0,fintech_interest,fintech,,,,,,,,,,,,
2.0,370.5,9.0,90.0,0.0,3.0,4.0,6.0,0.0,5.0,0.0,0.0,0.0,0.0,0.0,18.0,4.0,0.0,0.0,0.0,0.0,0.0,0.0,0.0,0.0,0.0,0.0,18.0,18.0,,,fashion_interest,fashion,1.0,1.0,,,,,,,,,,
2.0,182.0,6.0,60.0,0.0,3.0,0.0,0.0,0.0,0.0,0.0,0.0,5.0,4.0,0.3333333333333333,0.0,0.0,0.0,0.0,0.0,0.0,0.0,0.0,0.0,0.0,12.0,0.0,12.0,12.0,1.0,1.0,fintech_interest,fintech,,,,,,,,,,,,
1.0,354.0,7.0,0.0,0.0,3.0,0.0,0.0,0.0,0.0,0.0,0.0,0.0,0.0,0.0,0.0,0.0,0.0,0.0,0.0,0.0,0.0,0.0,0.0,0.0,0.0,0.0,7.0,7.0,,,general_interest,general,,,,,,,,,1.0,1.0,,
2.0,285.0,9.0,200.0,0.0,9.0,0.0,9.0,0.0,0.0,0.0,0.0,0.0,0.0,0.0,0.0,0.0,0.0,0.0,0.0,0.0,18.0,0.0,0.0,0.0,0.0,0.0,18.0,18.0,,,education_interest,education,,,,,,,1.0,1.0,,,,
2.0,266.0,7.5,60.0,0.0,7.0,0.0,0.0,0.0,0.0,0.0,0.0,5.0,3.0,0.2,0.0,0.0,0.0,0.0,0.0,0.0,0.0,0.0,0.0,0.0,15.0,0.0,15.0,15.0,1.0,1.0,fintech_interest,fintech,,,,,,,,,,,,
2.0,110.0,5.0,200.0,0.0,8.0,0.0,2.0,0.0,0.0,0.0,0.0,0.0,0.0,0.0,0.0,0.0,0.0,0.0,0.0,0.0,10.0,0.0,0.0,0.0,0.0,0.0,10.0,10.0,,,education_interest,education,,,,,,,1.0,1.0,,,,
2.0,298.5,9.0,90.0,0.0,7.0,3.0,2.0,0.0,6.0,0.0,0.0,0.0,0.0,0.0,18.0,3.0,0.0,0.0,0.0,0.0,0.0,0.0,0.0,0.0,0.0,0.0,18.0,18.0,,,fashion_interest,fashion,1.0,1.0,,,,,,,,,,
2.0,446.0,9.5,200.0,0.0,14.0,0.0,5.0,0.0,0.0,0.0,0.0,0.0,0.0,0.0,0.0,0.0,0.0,0.0,0.0,0.0,19.0,0.0,0.0,0.0,0.0,0.0,19.0,19.0,,,education_interest,education,,,,,,,1.0,1.0,,,,
2.0,126.0,4.5,90.0,0.0,3.0,1.0,2.0,0.0,3.0,0.0,0.0,0.0,0.0,0.0,9.0,1.0,0.0,0.0,0.0,0.0,0.0,0.0,0.0,0.0,0.0,0.0,9.0,9.0,,,fashion_interest,fashion,1.0,1.0,,,,,,,,,,
1.0,343.0,10.0,0.0,0.0,1.0,0.0,0.0,0.0,0.0,0.0,0.0,0.0,0.0,0.0,0.0,0.0,0.0,0.0,0.0,0.0,0.0,0.0,0.0,0.0,0.0,0.0,10.0,10.0,,,general_interest,general,,,,,,,,,1.0,1.0,,
2.0,138.0,5.5,60.0,0.0,5.0,0.0,0.0,0.0,0.0,0.0,0.0,4.0,2.0,0.18181818181818182,0.0,0.0,0.0,0.0,0.0,0.0,0.0,0.0,0.0,0.0,11.0,0.0,11.0,11.0,1.0,1.0,fintech_interest,fintech,,,,,,,,,,,,
2.0,181.0,5.5,90.0,0.0,4.0,2.0,3.0,0.0,2.0,0.0,0.0,0.0,0.0,0.0,11.0,2.0,0.0,0.0,0.0,0.0,0.0,0.0,0.0,0.0,0.0,0.0,11.0,11.0,,,fashion_interest,fashion,1.0,1.0,,,,,,,,,,
2.0,190.5,6.5,200.0,0.0,6.0,0.0,7.0,0.0,0.0,0.0,0.0,0.0,0.0,0.0,0.0,0.0,0.0,0.0,0.0,0.0,13.0,0.0,0.0,0.0,0.0,0.0,13.0,13.0,,,education_interest,education,,,,,,,1.0,1.0,,,,
2.0,139.5,4.0,300.0,0.0,4.0,0.0,4.0,0.0,0.0,0.0,0.0,0.0,0.0,0.0,0.0,0.0,0.0,0.0,0.0,0.0,0.0,0.0,8.0,0.0,0.0,0.0,8.0,8.0,,,gaming_interest,gaming,,,,,,,,,,,1.0,1.0
2.0,245.0,7.0,90.0,0.0,5.0,3.0,3.0,0.0,3.0,0.0,0.0,0.0,0.0,0.0,14.0,3.0,0.0,0.0,0.0,0.0,0.0,0.0,0.0,0.0,0.0,0.0,14.0,14.0,,,fashion_interest,fashion,1.0,1.0,,,,,,,,,,
2.0,237.0,8.0,90.0,0.0,1.0,1.0,9.0,0.0,5.0,0.0,0.0,0.0,0.0,0.0,16.0,1.0,0.0,0.0,0.0,0.0,0.0,0.0,0.0,0.0,0.0,0.0,16.0,16.0,,,fashion_interest,fashion,1.0,1.0,,,,,,,,,,
2.0,263.5,7.0,90.0,0.0,2.0,1.0,5.0,0.0,6.0,0.0,0.0,0.0,0.0,0.0,14.0,1.0,0.0,0.0,0.0,0.0,0.0,0.0,0.0,0.0,0.0,0.0,14.0,14.0,,,fashion_interest,fashion,1.0,1.0,,,,,,,,,,
2.0,251.0,8.0,200.0,0.0,13.0,0.0,3.0,0.0,0.0,0.0,0.0,0.0,0.0,0.0,0.0,0.0,0.0,0.0,0.0,0.0,16.0,0.0,0.0,0.0,0.0,0.0,16.0,16.0,,,education_interest,education,,,,,,,1.0,1.0,,,,
2.0,255.0,7.0,45.0,0.0,4.0,4.0,0.0,0.0,0.0,0.0,0.0,6.0,0.0,0.0,0.0,0.0,0.0,0.0,14.0,4.0,0.0,0.0,0.0,0.0,0.0,0.0,14.0,14.0,,,food_interest,food,,,,,1.0,1.0,,,,,,
2.0,312.5,8.5,200.0,0.0,8.0,0.0,9.0,0.0,0.0,0.0,0.0,0.0,0.0,0.0,0.0,0.0,0.0,0.0,0.0,0.0,17.0,0.0,0.0,0.0,0.0,0.0,17.0,17.0,,,education_interest,education,,,,,,,1.0,1.0,,,,
1.0,240.0,5.0,0.0,0.0,1.0,0.0,0.0,0.0,0.0,0.0,0.0,0.0,0.0,0.0,0.0,0.0,0.0,0.0,0.0,0.0,0.0,0.0,0.0,0.0,0.0,0.0,5.0,5.0,,,general_interest,general,,,,,,,,,1.0,1.0,,
2.0,170.0,5.5,60.0,0.0,2.0,0.0,0.0,0.0,0.0,0.0,0.0,5.0,4.0,0.36363636363636365,0.0,0.0,0.0,0.0,0.0,0.0,0.0,0.0,0.0,0.0,11.0,0.0,11.0,11.0,1.0,1.0,fintech_interest,fintech,,,,,,,,,,,,
2.0,249.5,6.5,200.0,0.0,10.0,0.0,3.0,0.0,0.0,0.0,0.0,0.0,0.0,0.0,0.0,0.0,0.0,0.0,0.0,0.0,13.0,0.0,0.0,0.0,0.0,0.0,13.0,13.0,,,education_interest,education,,,,,,,1.0,1.0,,,,
2.0,327.0,8.0,90.0,0.0,3.0,6.0,3.0,0.0,4.0,0.0,0.0,0.0,0.0,0.0,16.0,6.0,0.0,0.0,0.0,0.0,0.0,0.0,0.0,0.0,0.0,0.0,16.0,16.0,,,fashion_interest,fashion,1.0,1.0,,,,,,,,,,
2.0,169.5,5.5,45.0,0.0,5.0,2.0,0.0,0.0,0.0,0.0,0.0,4.0,0.0,0.0,0.0,0.0,0.0,0.0,11.0,2.0,0.0,0.0,0.0,0.0,0.0,0.0,11.0,11.0,,,food_interest,food,,,,,1.0,1.0,,,,,,
2.0,274.0,7.0,90.0,0.0,2.0,5.0,4.0,0.0,3.0,0.0,0.0,0.0,0.0,0.0,14.0,5.0,0.0,0.0,0.0,0.0,0.0,0.0,0.0,0.0,0.0,0.0,14.0,14.0,,,fashion_interest,fashion,1.0,1.0,,,,,,,,,,
2.0,182.5,6.0,60.0,0.0,7.0,0.0,0.0,0.0,0.0,0.0,0.0,3.0,2.0,0.16666666666666666,0.0,0.0,0.0,0.0,0.0,0.0,0.0,0.0,0.0,0.0,12.0,0.0,12.0,12.0,1.0,1.0,fintech_interest,fintech,,,,,,,,,,,,
2.0,252.5,8.0,300.0,0.0,4.0,0.0,4.0,0.0,0.0,0.0,8.0,0.0,0.0,0.0,0.0,0.0,0.0,0.0,0.0,0.0,0.0,0.0,16.0,0.0,0.0,0.0,16.0,16.0,,,gaming_interest,gaming,,,,,,,,,,,1.0,1.0
2.0,124.5,4.5,200.0,0.0,5.0,0.0,4.0,0.0,0.0,0.0,0.0,0.0,0.0,0.0,0.0,0.0,0.0,0.0,0.0,0.0,9.0,0.0,0.0,0.0,0.0,0.0,9.0,9.0,,,education_interest,education,,,,,,,1.0,1.0,,,,
1.0,232.0,5.0,0.0,0.0,2.0,0.0,0.0,0.0,0.0,0.0,0.0,0.0,0.0,0.0,0.0,0.0,0.0,0.0,0.0,0.0,0.0,0.0,0.0,0.0,0.0,0.0,5.0,5.0,,,general_interest,general,,,,,,,,,1.0,1.0,,
2.0,161.5,5.5,300.0,0.0,4.0,0.0,5.0,0.0,0.0,0.0,2.0,0.0,0.0,0.0,0.0,0.0,0.0,0.0,0.0,0.0,0.0,0.0,11.0,0.0,0.0,0.0,11.0,11.0,,,gaming_interest,gaming,,,,,,,,,,,1.0,1.0
2.0,192.0,6.5,200.0,0.0,8.0,0.0,5.0,0.0,0.0,0.0,0.0,0.0,0.0,0.0,0.0,0.0,0.0,0.0,0.0,0.0,13.0,0.0,0.0,0.0,0.0,0.0,13.0,13.0,,,education_interest,education,,,,,,,1.0,1.0,,,,
2.0,180.0,7.0,45.0,0.0,2.0,4.0,0.0,0.0,0.0,0.0,0.0,8.0,0.0,0.0,0.0,0.0,0.0,0.0,14.0,4.0,0.0,0.0,0.0,0.0,0.0,0.0,14.0,14.0,,,food_interest,food,,,,,1.0,1.0,,,,,,
1.0,72.0,5.0,0.0,0.0,3.0,0.0,0.0,0.0,0.0,0.0,0.0,0.0,0.0,0.0,0.0,0.0,0.0,0.0,0.0,0.0,0.0,0.0,0.0,0.0,0.0,0.0,5.0,5.0,,,general_interest,general,,,,,,,,,1.0,1.0,,
2.0,343.0,9.0,90.0,0.0,4.0,4.0,7.0,0.0,3.0,0.0,0.0,0.0,0.0,0.0,18.0,4.0,0.0,0.0,0.0,0.0,0.0,0.0,0.0,0.0,0.0,0.0,18.0,18.0,,,fashion_interest,fashion,1.0,1.0,,,,,,,,,,
2.0,271.0,7.0,120.0,0.0,9.0,2.0,0.0,1.0,0.0,0.0,0.0,0.0,2.0,0.14285714285714285,0.0,0.0,14.0,2.0,0.0,0.0,0.0,0.0,0.0,0.0,0.0,0.0,14.0,14.0,,,crypto_interest,crypto,,,1.0,1.0,,,,,,,,
1.0,371.0,9.0,0.0,0.0,1.0,0.0,0.0,0.0,0.0,0.0,0.0,0.0,0.0,0.0,0.0,0.0,0.0,0.0,0.0,0.0,0.0,0.0,0.0,0.0,0.0,0.0,9.0,9.0,,,general_interest,general,,,,,,,,,1.0,1.0,,
2.0,199.0,6.5,90.0,0.0,5.0,3.0,3.0,0.0,2.0,0.0,0.0,0.0,0.0,0.0,13.0,3.0,0.0,0.0,0.0,0.0,0.0,0.0,0.0,0.0,0.0,0.0,13.0,13.0,,,fashion_interest,fashion,1.0,1.0,,,,,,,,,,
2.0,265.0,7.0,45.0,0.0,4.0,7.0,0.0,0.0,0.0,0.0,0.0,3.0,0.0,0.0,0.0,0.0,0.0,0.0,14.0,7.0,0.0,0.0,0.0,0.0,0.0,0.0,14.0,14.0,,,food_interest,food,,,,,1.0,1.0,,,,,,
2.0,178.5,6.5,120.0,0.0,2.0,3.0,0.0,4.0,0.0,0.0,0.0,0.0,4.0,0.3076923076923077,0.0,0.0,13.0,3.0,0.0,0.0,0.0,0.0,0.0,0.0,0.0,0.0,13.0,13.0,,,crypto_interest,crypto,,,1.0,1.0,,,,,,,,
2.0,252.0,7.0,45.0,0.0,6.0,4.0,0.0,0.0,0.0,0.0,0.0,4.0,0.0,0.0,0.0,0.0,0.0,0.0,14.0,4.0,0.0,0.0,0.0,0.0,0.0,0.0,14.0,14.0,,,food_interest,food,,,,,1.0,1.0,,,,,,
2.0,242.5,6.0,45.0,0.0,4.0,3.0,0.0,0.0,0.0,0.0,0.0,5.0,0.0,0.0,0.0,0.0,0.0,0.0,12.0,3.0,0.0,0.0,0.0,0.0,0.0,0.0,12.0,12.0,,,food_interest,food,,,,,1.0,1.0,,,,,,
2.0,230.0,7.0,120.0,0.0,5.0,1.0,0.0,5.0,0.0,0.0,0.0,0.0,3.0,0.21428571428571427,0.0,0.0,14.0,1.0,0.0,0.0,0.0,0.0,0.0,0.0,0.0,0.0,14.0,14.0,,,general_interest,crypto,,,1.0,1.0,,,,,,,,
2.0,259.0,7.0,300.0,0.0,5.0,0.0,7.0,0.0,0.0,0.0,2.0,0.0,0.0,0.0,0.0,0.0,0.0,0.0,0.0,0.0,0.0,0.0,14.0,0.0,0.0,0.0,14.0,14.0,,,gaming_interest,gaming,,,,,,,,,,,1.0,1.0
2.0,227.5,6.5,90.0,0.0,5.0,3.0,0.0,0.0,5.0,0.0,0.0,0.0,0.0,0.0,13.0,3.0,0.0,0.0,0.0,0.0,0.0,0.0,0.0,0.0,0.0,0.0,13.0,13.0,,,fashion_interest,fashion,1.0,1.0,,,,,,,,,,
2.0,126.0,5.0,200.0,0.0,7.0,0.0,3.0,0.0,0.0,0.0,0.0,0.0,0.0,0.0,0.0,0.0,0.0,0.0,0.0,0.0,10.0,0.0,0.0,0.0,0.0,0.0,10.0,10.0,,,education_interest,education,,,,,,,1.0,1.0,,,,
2.0,322.5,8.5,300.0,0.0,4.0,0.0,7.0,0.0,0.0,0.0,6.0,0.0,0.0,0.0,0.0,0.0,0.0,0.0,0.0,0.0,0.0,0.0,17.0,0.0,0.0,0.0,17.0,17.0,,,gaming_interest,gaming,,,,,,,,,,,1.0,1.0
2.0,274.5,7.0,60.0,0.0,5.0,0.0,0.0,0.0,0.0,0.0,0.0,3.0,6.0,0.42857142857142855,0.0,0.0,0.0,0.0,0.0,0.0,0.0,0.0,0.0,0.0,14.0,0.0,14.0,14.0,1.0,1.0,fintech_interest,fintech,,,,,,,,,,,,
2.0,213.0,5.5,90.0,0.0,2.0,3.0,5.0,0.0,1.0,0.0,0.0,0.0,0.0,0.0,11.0,3.0,0.0,0.0,0.0,0.0,0.0,0.0,0.0,0.0,0.0,0.0,11.0,11.0,,,fashion_interest,fashion,1.0,1.0,,,,,,,,,,
2.0,411.0,9.5,200.0,0.0,12.0,0.0,7.0,0.0,0.0,0.0,0.0,0.0,0.0,0.0,0.0,0.0,0.0,0.0,0.0,0.0,19.0,0.0,0.0,0.0,0.0,0.0,19.0,19.0,,,education_interest,education,,,,,,,1.0,1.0,,,,
2.0,345.5,8.5,200.0,0.0,14.0,0.0,3.0,0.0,0.0,0.0,0.0,0.0,0.0,0.0,0.0,0.0,0.0,0.0,0.0,0.0,17.0,0.0,0.0,0.0,0.0,0.0,17.0,17.0,,,education_interest,education,,,,,,,1.0,1.0,,,,
2.0,356.0,8.0,60.0,0.0,6.0,0.0,0.0,0.0,0.0,0.0,0.0,6.0,4.0,0.25,0.0,0.0,0.0,0.0,0.0,0.0,0.0,0.0,0.0,0.0,16.0,0.0,16.0,16.0,1.0,1.0,fintech_interest,fintech,,,,,,,,,,,,
1.0,343.0,10.0,0.0,0.0,4.0,0.0,0.0,0.0,0.0,0.0,0.0,0.0,0.0,0.0,0.0,0.0,0.0,0.0,0.0,0.0,0.0,0.0,0.0,0.0,0.0,0.0,10.0,10.0,,,general_interest,general,,,,,,,,,1.0,1.0,,
2.0,211.0,6.5,200.0,0.0,7.0,0.0,6.0,0.0,0.0,0.0,0.0,0.0,0.0,0.0,0.0,0.0,0.0,0.0,0.0,0.0,13.0,0.0,0.0,0.0,0.0,0.0,13.0,13.0,,,education_interest,education,,,,,,,1.0,1.0,,,,
2.0,165.0,7.0,90.0,0.0,1.0,5.0,5.0,0.0,3.0,0.0,0.0,0.0,0.0,0.0,14.0,5.0,0.0,0.0,0.0,0.0,0.0,0.0,0.0,0.0,0.0,0.0,14.0,14.0,,,fashion_interest,fashion,1.0,1.0,,,,,,,,,,
2.0,225.0,6.0,200.0,0.0,6.0,0.0,6.0,0.0,0.0,0.0,0.0,0.0,0.0,0.0,0.0,0.0,0.0,0.0,0.0,0.0,12.0,0.0,0.0,0.0,0.0,0.0,12.0,12.0,,,education_interest,education,,,,,,,1.0,1.0,,,,
2.0,147.0,6.0,200.0,0.0,8.0,0.0,4.0,0.0,0.0,0.0,0.0,0.0,0.0,0.0,0.0,0.0,0.0,0.0,0.0,0.0,12.0,0.0,0.0,0.0,0.0,0.0,12.0,12.0,,,education_interest,education,,,,,,,1.0,1.0,,,,
2.0,211.0,5.5,200.0,0.0,4.0,0.0,7.0,0.0,0.0,0.0,0.0,0.0,0.0,0.0,0.0,0.0,0.0,0.0,0.0,0.0,11.0,0.0,0.0,0.0,0.0,0.0,11.0,11.0,,,education_interest,education,,,,,,,1.0,1.0,,,,
2.0,190.5,7.5,60.0,0.0,4.0,0.0,0.0,0.0,0.0,0.0,0.0,5.0,6.0,0.4,0.0,0.0,0.0,0.0,0.0,0.0,0.0,0.0,0.0,0.0,15.0,0.0,15.0,15.0,1.0,1.0,fintech_interest,fintech,,,,,,,,,,,,
2.0,255.0,7.5,200.0,0.0,12.0,0.0,3.0,0.0,0.0,0.0,0.0,0.0,0.0,0.0,0.0,0.0,0.0,0.0,0.0,0.0,15.0,0.0,0.0,0.0,0.0,0.0,15.0,15.0,,,education_interest,education,,,,,,,1.0,1.0,,,,
2.0,315.0,6.5,120.0,0.0,3.0,3.0,0.0,2.0,0.0,0.0,0.0,0.0,5.0,0.38461538461538464,0.0,0.0,13.0,3.0,0.0,0.0,0.0,0.0,0.0,0.0,0.0,0.0,13.0,13.0,,,crypto_interest,crypto,,,1.0,1.0,,,,,,,,
2.0,146.0,5.5,300.0,0.0,6.0,0.0,2.0,0.0,0.0,0.0,3.0,0.0,0.0,0.0,0.0,0.0,0.0,0.0,0.0,0.0,0.0,0.0,11.0,0.0,0.0,0.0,11.0,11.0,,,general_interest,gaming,,,,,,,,,,,1.0,1.0
2.0,238.0,7.5,120.0,0.0,7.0,3.0,0.0,3.0,0.0,0.0,0.0,0.0,2.0,0.13333333333333333,0.0,0.0,15.0,3.0,0.0,0.0,0.0,0.0,0.0,0.0,0.0,0.0,15.0,15.0,,,crypto_interest,crypto,,,1.0,1.0,,,,,,,,
2.0,254.0,8.5,60.0,0.0,5.0,0.0,0.0,0.0,0.0,0.0,0.0,3.0,9.0,0.5294117647058824,0.0,0.0,0.0,0.0,0.0,0.0,0.0,0.0,0.0,0.0,17.0,0.0,17.0,17.0,1.0,1.0,fintech_interest,fintech,,,,,,,,,,,,
2.0,172.0,5.5,300.0,0.0,4.0,0.0,4.0,0.0,0.0,0.0,3.0,0.0,0.0,0.0,0.0,0.0,0.0,0.0,0.0,0.0,0.0,0.0,11.0,0.0,0.0,0.0,11.0,11.0,,,gaming_interest,gaming,,,,,,,,,,,1.0,1.0
2.0,121.0,4.0,300.0,0.0,2.0,0.0,3.0,0.0,0.0,0.0,3.0,0.0,0.0,0.0,0.0,0.0,0.0,0.0,0.0,0.0,0.0,0.0,8.0,0.0,0.0,0.0,8.0,8.0,,,gaming_interest,gaming,,,,,,,,,,,1.0,1.0
2.0,291.0,8.5,120.0,0.0,4.0,2.0,0.0,7.0,0.0,0.0,0.0,0.0,4.0,0.23529411764705882,0.0,0.0,17.0,2.0,0.0,0.0,0.0,0.0,0.0,0.0,0.0,0.0,17.0,17.0,,,crypto_interest,crypto,,,1.0,1.0,,,,,,,,
2.0,248.0,7.0,60.0,0.0,8.0,0.0,0.0,0.0,0.0,0.0,0.0,2.0,4.0,0.2857142857142857,0.0,0.0,0.0,0.0,0.0,0.0,0.0,0.0,0.0,0.0,14.0,0.0,14.0,14.0,1.0,1.0,fintech_interest,fintech,,,,,,,,,,,,
2.0,130.5,4.5,120.0,0.0,3.0,1.0,0.0,5.0,0.0,0.0,0.0,0.0,0.0,0.0,0.0,0.0,9.0,1.0,0.0,0.0,0.0,0.0,0.0,0.0,0.0,0.0,9.0,9.0,,,general_interest,crypto,,,1.0,1.0,,,,,,,,
1.0,192.0,7.0,0.0,0.0,4.0,0.0,0.0,0.0,0.0,0.0,0.0,0.0,0.0,0.0,0.0,0.0,0.0,0.0,0.0,0.0,0.0,0.0,0.0,0.0,0.0,0.0,7.0,7.0,,,general_interest,general,,,,,,,,,1.0,1.0,,
2.0,204.5,6.0,300.0,0.0,2.0,0.0,7.0,0.0,0.0,0.0,3.0,0.0,0.0,0.0,0.0,0.0,0.0,0.0,0.0,0.0,0.0,0.0,12.0,0.0,0.0,0.0,12.0,12.0,,,gaming_interest,gaming,,,,,,,,,,,1.0,1.0
1.0,423.0,10.0,0.0,0.0,2.0,0.0,0.0,0.0,0.0,0.0,0.0,0.0,0.0,0.0,0.0,0.0,0.0,0.0,0.0,0.0,0.0,0.0,0.0,0.0,0.0,0.0,10.0,10.0,,,general_interest,general,,,,,,,,,1.0,1.0,,
2.0,103.0,5.0,200.0,0.0,8.0,0.0,2.0,0.0,0.0,0.0,0.0,0.0,0.0,0.0,0.0,0.0,0.0,0.0,0.0,0.0,10.0,0.0,0.0,0.0,0.0,0.0,10.0,10.0,,,education_interest,education,,,,,,,1.0,1.0,,,,
1.0,108.0,4.0,0.0,0.0,1.0,0.0,0.0,0.0,0.0,0.0,0.0,0.0,0.0,0.0,0.0,0.0,0.0,0.0,0.0,0.0,0.0,0.0,0.0,0.0,0.0,0.0,4.0,4.0,,,general_interest,general,,,,,,,,,1.0,1.0,,
2.0,330.0,7.5,45.0,0.0,6.0,2.0,0.0,0.0,0.0,0.0,0.0,7.0,0.0,0.0,0.0,0.0,0.0,0.0,15.0,2.0,0.0,0.0,0.0,0.0,0.0,0.0,15.0,15.0,,,food_interest,food,,,,,1.0,1.0,,,,,,
2.0,272.0,8.0,90.0,0.0,2.0,4.0,4.0,0.0,6.0,0.0,0.0,0.0,0.0,0.0,16.0,4.0,0.0,0.0,0.0,0.0,0.0,0.0,0.0,0.0,0.0,0.0,16.0,16.0,,,fashion_interest,fashion,1.0,1.0,,,,,,,,,,
1.0,250.0,7.0,0.0,0.0,1.0,0.0,0.0,0.0,0.0,0.0,0.0,0.0,0.0,0.0,0.0,0.0,0.0,0.0,0.0,0.0,0.0,0.0,0.0,0.0,0.0,0.0,7.0,7.0,,,general_interest,general,,,,,,,,,1.0,1.0,,
2.0,255.0,7.5,120.0,0.0,8.0,2.0,0.0,3.0,0.0,0.0,0.0,0.0,2.0,0.13333333333333333,0.0,0.0,15.0,2.0,0.0,0.0,0.0,0.0,0.0,0.0,0.0,0.0,15.0,15.0,,,crypto_interest,crypto,,,1.0,1.0,,,,,,,,
2.0,213.5,7.5,60.0,0.0,2.0,0.0,0.0,0.0,0.0,0.0,0.0,8.0,5.0,0.3333333333333333,0.0,0.0,0.0,0.0,0.0,0.0,0.0,0.0,0.0,0.0,15.0,0.0,15.0,15.0,1.0,1.0,fintech_interest,fintech,,,,,,,,,,,,
1.0,348.0,9.0,0.0,0.0,4.0,0.0,0.0,0.0,0.0,0.0,0.0,0.0,0.0,0.0,0.0,0.0,0.0,0.0,0.0,0.0,0.0,0.0,0.0,0.0,0.0,0.0,9.0,9.0,,,general_interest,general,,,,,,,,,1.0,1.0,,
2.0,140.5,5.0,45.0,0.0,1.0,2.0,0.0,0.0,0.0,0.0,0.0,7.0,0.0,0.0,0.0,0.0,0.0,0.0,10.0,2.0,0.0,0.0,0.0,0.0,0.0,0.0,10.0,10.0,,,food_interest,food,,,,,1.0,1.0,,,,,,
2.0,184.0,6.5,45.0,0.0,2.0,7.0,0.0,0.0,0.0,0.0,0.0,4.0,0.0,0.0,0.0,0.0,0.0,0.0,13.0,7.0,0.0,0.0,0.0,0.0,0.0,0.0,13.0,13.0,,,food_interest,food,,,,,1.0,1.0,,,,,,
2.0,242.5,7.5,300.0,0.0,1.0,0.0,5.0,0.0,0.0,0.0,9.0,0.0,0.0,0.0,0.0,0.0,0.0,0.0,0.0,0.0,0.0,0.0,15.0,0.0,0.0,0.0,15.0,15.0,,,gaming_interest,gaming,,,,,,,,,,,1.0,1.0
2.0,223.0,5.5,120.0,0.0,7.0,2.0,0.0,1.0,0.0,0.0,0.0,0.0,1.0,0.09090909090909091,0.0,0.0,11.0,2.0,0.0,0.0,0.0,0.0,0.0,0.0,0.0,0.0,11.0,11.0,,,crypto_interest,crypto,,,1.0,1.0,,,,,,,,
2.0,337.5,8.5,120.0,0.0,4.0,1.0,0.0,8.0,0.0,0.0,0.0,0.0,4.0,0.23529411764705882,0.0,0.0,17.0,1.0,0.0,0.0,0.0,0.0,0.0,0.0,0.0,0.0,17.0,17.0,,,general_interest,crypto,,,1.0,1.0,,,,,,,,
2.0,396.0,9.5,45.0,0.0,8.0,2.0,0.0,0.0,0.0,0.0,0.0,9.0,0.0,0.0,0.0,0.0,0.0,0.0,19.0,2.0,0.0,0.0,0.0,0.0,0.0,0.0,19.0,19.0,,,food_interest,food,,,,,1.0,1.0,,,,,,
2.0,222.0,7.5,120.0,0.0,7.0,2.0,0.0,4.0,0.0,0.0,0.0,0.0,2.0,0.13333333333333333,0.0,0.0,15.0,2.0,0.0,0.0,0.0,0.0,0.0,0.0,0.0,0.0,15.0,15.0,,,crypto_interest,crypto,,,1.0,1.0,,,,,,,,
2.0,252.5,8.0,300.0,0.0,3.0,0.0,7.0,0.0,0.0,0.0,6.0,0.0,0.0,0.0,0.0,0.0,0.0,0.0,0.0,0.0,0.0,0.0,16.0,0.0,0.0,0.0,16.0,16.0,,,gaming_interest,gaming,,,,,,,,,,,1.0,1.0
2.0,281.0,8.0,45.0,0.0,7.0,4.0,0.0,0.0,0.0,0.0,0.0,5.0,0.0,0.0,0.0,0.0,0.0,0.0,16.0,4.0,0.0,0.0,0.0,0.0,0.0,0.0,16.0,16.0,,,food_interest,food,,,,,1.0,1.0,,,,,,
2.0,279.0,7.5,200.0,0.0,8.0,0.0,7.0,0.0,0.0,0.0,0.0,0.0,0.0,0.0,0.0,0.0,0.0,0.0,0.0,0.0,15.0,0.0,0.0,0.0,0.0,0.0,15.0,15.0,,,education_interest,education,,,,,,,1.0,1.0,,,,
2.0,219.5,6.5,0.0,0.0,0.0,6.0,0.0,0.0,0.0,0.0,0.0,7.0,0.0,0.0,0.0,0.0,0.0,0.0,13.0,6.0,0.0,0.0,0.0,0.0,0.0,0.0,13.0,13.0,,,food_interest,food,,,,,1.0,1.0,,,,,,
2.0,315.0,7.5,200.0,0.0,10.0,0.0,5.0,0.0,0.0,0.0,0.0,0.0,0.0,0.0,0.0,0.0,0.0,0.0,0.0,0.0,15.0,0.0,0.0,0.0,0.0,0.0,15.0,15.0,,,education_interest,education,,,,,,,1.0,1.0,,,,
2.0,192.0,6.0,60.0,0.0,4.0,0.0,0.0,0.0,0.0,0.0,0.0,5.0,3.0,0.25,0.0,0.0,0.0,0.0,0.0,0.0,0.0,0.0,0.0,0.0,12.0,0.0,12.0,12.0,1.0,1.0,fintech_interest,fintech,,,,,,,,,,,,
2.0,324.5,8.5,300.0,0.0,4.0,0.0,9.0,0.0,0.0,0.0,4.0,0.0,0.0,0.0,0.0,0.0,0.0,0.0,0.0,0.0,0.0,0.0,17.0,0.0,0.0,0.0,17.0,17.0,,,gaming_interest,gaming,,,,,,,,,,,1.0,1.0
2.0,78.0,4.0,90.0,0.0,1.0,0.0,4.0,0.0,3.0,0.0,0.0,0.0,0.0,0.0,8.0,0.0,0.0,0.0,0.0,0.0,0.0,0.0,0.0,0.0,0.0,0.0,8.0,8.0,,,fashion_interest,fashion,1.0,1.0,,,,,,,,,,
2.0,231.0,7.0,45.0,0.0,6.0,6.0,0.0,0.0,0.0,0.0,0.0,2.0,0.0,0.0,0.0,0.0,0.0,0.0,14.0,6.0,0.0,0.0,0.0,0.0,0.0,0.0,14.0,14.0,,,food_interest,food,,,,,1.0,1.0,,,,,,
2.0,302.5,7.0,120.0,0.0,8.0,1.0,0.0,3.0,0.0,0.0,0.0,0.0,2.0,0.14285714285714285,0.0,0.0,14.0,1.0,0.0,0.0,0.0,0.0,0.0,0.0,0.0,0.0,14.0,14.0,,,general_interest,crypto,,,1.0,1.0,,,,,,,,
2.0,250.0,8.0,60.0,0.0,5.0,0.0,0.0,0.0,0.0,0.0,0.0,6.0,5.0,0.3125,0.0,0.0,0.0,0.0,0.0,0.0,0.0,0.0,0.0,0.0,16.0,0.0,16.0,16.0,1.0,1.0,fintech_interest,fintech,,,,,,,,,,,,
2.0,307.5,8.0,200.0,0.0,9.0,0.0,7.0,0.0,0.0,0.0,0.0,0.0,0.0,0.0,0.0,0.0,0.0,0.0,0.0,0.0,16.0,0.0,0.0,0.0,0.0,0.0,16.0,16.0,,,education_interest,education,,,,,,,1.0,1.0,,,,
1.0,343.0,8.0,0.0,0.0,2.0,0.0,0.0,0.0,0.0,0.0,0.0,0.0,0.0,0.0,0.0,0.0,0.0,0.0,0.0,0.0,0.0,0.0,0.0,0.0,0.0,0.0,8.0,8.0,,,general_interest,general,,,,,,,,,1.0,1.0,,
2.0,233.0,8.5,45.0,0.0,8.0,4.0,0.0,0.0,0.0,0.0,0.0,5.0,0.0,0.0,0.0,0.0,0.0,0.0,17.0,4.0,0.0,0.0,0.0,0.0,0.0,0.0,17.0,17.0,,,food_interest,food,,,,,1.0,1.0,,,,,,
2.0,243.5,5.5,90.0,0.0,2.0,3.0,6.0,0.0,0.0,0.0,0.0,0.0,0.0,0.0,11.0,3.0,0.0,0.0,0.0,0.0,0.0,0.0,0.0,0.0,0.0,0.0,11.0,11.0,,,fashion_interest,fashion,1.0,1.0,,,,,,,,,,
2.0,222.0,5.5,60.0,0.0,5.0,0.0,0.0,0.0,0.0,0.0,0.0,4.0,2.0,0.18181818181818182,0.0,0.0,0.0,0.0,0.0,0.0,0.0,0.0,0.0,0.0,11.0,0.0,11.0,11.0,1.0,1.0,fintech_interest,fintech,,,,,,,,,,,,
2.0,310.0,8.0,300.0,0.0,2.0,0.0,9.0,0.0,0.0,0.0,5.0,0.0,0.0,0.0,0.0,0.0,0.0,0.0,0.0,0.0,0.0,0.0,16.0,0.0,0.0,0.0,16.0,16.0,,,gaming_interest,gaming,,,,,,,,,,,1.0,1.0
2.0,241.5,6.5,45.0,0.0,3.0,4.0,0.0,0.0,0.0,0.0,0.0,6.0,0.0,0.0,0.0,0.0,0.0,0.0,13.0,4.0,0.0,0.0,0.0,0.0,0.0,0.0,13.0,13.0,,,food_interest,food,,,,,1.0,1.0,,,,,,
2.0,252.0,8.5,90.0,0.0,7.0,7.0,0.0,0.0,3.0,0.0,0.0,0.0,0.0,0.0,17.0,7.0,0.0,0.0,0.0,0.0,0.0,0.0,0.0,0.0,0.0,0.0,17.0,17.0,,,fashion_interest,fashion,1.0,1.0,,,,,,,,,,
2.0,409.5,9.0,120.0,0.0,7.0,4.0,0.0,2.0,0.0,0.0,0.0,0.0,5.0,0.2777777777777778,0.0,0.0,18.0,4.0,0.0,0.0,0.0,0.0,0.0,0.0,0.0,0.0,18.0,18.0,,,crypto_interest,crypto,,,1.0,1.0,,,,,,,,
2.0,205.5,7.5,300.0,0.0,5.0,0.0,5.0,0.0,0.0,0.0,5.0,0.0,0.0,0.0,0.0,0.0,0.0,0.0,0.0,0.0,0.0,0.0,15.0,0.0,0.0,0.0,15.0,15.0,,,gaming_interest,gaming,,,,,,,,,,,1.0,1.0
2.0,170.5,6.0,90.0,0.0,1.0,2.0,3.0,0.0,6.0,0.0,0.0,0.0,0.0,0.0,12.0,2.0,0.0,0.0,0.0,0.0,0.0,0.0,0.0,0.0,0.0,0.0,12.0,12.0,,,fashion_interest,fashion,1.0,1.0,,,,,,,,,,
2.0,204.0,5.5,90.0,0.0,4.0,1.0,3.0,0.0,3.0,0.0,0.0,0.0,0.0,0.0,11.0,1.0,0.0,0.0,0.0,0.0,0.0,0.0,0.0,0.0,0.0,0.0,11.0,11.0,,,fashion_interest,fashion,1.0,1.0,,,,,,,,,,
2.0,392.0,9.5,60.0,0.0,2.0,0.0,0.0,0.0,0.0,0.0,0.0,10.0,7.0,0.3684210526315789,0.0,0.0,0.0,0.0,0.0,0.0,0.0,0.0,0.0,0.0,19.0,0.0,19.0,19.0,1.0,1.0,fintech_interest,fintech,,,,,,,,,,,,
2.0,339.5,9.5,300.0,0.0,8.0,0.0,6.0,0.0,0.0,0.0,5.0,0.0,0.0,0.0,0.0,0.0,0.0,0.0,0.0,0.0,0.0,0.0,19.0,0.0,0.0,0.0,19.0,19.0,,,gaming_interest,gaming,,,,,,,,,,,1.0,1.0
2.0,226.5,6.5,60.0,0.0,3.0,0.0,0.0,0.0,0.0,0.0,0.0,4.0,6.0,0.46153846153846156,0.0,0.0,0.0,0.0,0.0,0.0,0.0,0.0,0.0,0.0,13.0,0.0,13.0,13.0,1.0,1.0,fintech_interest,fintech,,,,,,,,,,,,
2.0,280.0,7.5,45.0,0.0,6.0,4.0,0.0,0.0,0.0,0.0,0.0,5.0,0.0,0.0,0.0,0.0,0.0,0.0,15.0,4.0,0.0,0.0,0.0,0.0,0.0,0.0,15.0,15.0,,,food_interest,food,,,,,1.0,1.0,,,,,,
2.0,208.0,6.5,300.0,0.0,5.0,0.0,6.0,0.0,0.0,0.0,2.0,0.0,0.0,0.0,0.0,0.0,0.0,0.0,0.0,0.0,0.0,0.0,13.0,0.0,0.0,0.0,13.0,13.0,,,gaming_interest,gaming,,,,,,,,,,,1.0,1.0
1.0,234.0,10.0,0.0,0.0,2.0,0.0,0.0,0.0,0.0,0.0,0.0,0.0,0.0,0.0,0.0,0.0,0.0,0.0,0.0,0.0,0.0,0.0,0.0,0.0,0.0,0.0,10.0,10.0,,,general_interest,general,,,,,,,,,1.0,1.0,,
2.0,280.0,6.0,45.0,0.0,7.0,1.0,0.0,0.0,0.0,0.0,0.0,4.0,0.0,0.0,0.0,0.0,0.0,0.0,12.0,1.0,0.0,0.0,0.0,0.0,0.0,0.0,12.0,12.0,,,food_interest,food,,,,,1.0,1.0,,,,,,
1.0,318.0,8.0,0.0,0.0,3.0,0.0,0.0,0.0,0.0,0.0,0.0,0.0,0.0,0.0,0.0,0.0,0.0,0.0,0.0,0.0,0.0,0.0,0.0,0.0,0.0,0.0,8.0,8.0,,,general_interest,general,,,,,,,,,1.0,1.0,,
1.0,352.0,9.0,0.0,0.0,1.0,0.0,0.0,0.0,0.0,0.0,0.0,0.0,0.0,0.0,0.0,0.0,0.0,0.0,0.0,0.0,0.0,0.0,0.0,0.0,0.0,0.0,9.0,9.0,,,general_interest,general,,,,,,,,,1.0,1.0,,
1.0,88.0,4.0,0.0,0.0,1.0,0.0,0.0,0.0,0.0,0.0,0.0,0.0,0.0,0.0,0.0,0.0,0.0,0.0,0.0,0.0,0.0,0.0,0.0,0.0,0.0,0.0,4.0,4.0,,,general_interest,general,,,,,,,,,1.0,1.0,,
2.0,157.0,6.0,90.0,0.0,3.0,4.0,3.0,0.0,2.0,0.0,0.0,0.0,0.0,0.0,12.0,4.0,0.0,0.0,0.0,0.0,0.0,0.0,0.0,0.0,0.0,0.0,12.0,12.0,,,fashion_interest,fashion,1.0,1.0,,,,,,,,,,
2.0,85.5,4.0,0.0,0.0,0.0,0.0,5.0,0.0,0.0,0.0,3.0,0.0,0.0,0.0,0.0,0.0,0.0,0.0,0.0,0.0,0.0,0.0,8.0,0.0,0.0,0.0,8.0,8.0,,,gaming_interest,gaming,,,,,,,,,,,1.0,1.0
2.0,302.5,7.5,90.0,0.0,1.0,3.0,4.0,0.0,7.0,0.0,0.0,0.0,0.0,0.0,15.0,3.0,0.0,0.0,0.0,0.0,0.0,0.0,0.0,0.0,0.0,0.0,15.0,15.0,,,fashion_interest,fashion,1.0,1.0,,,,,,,,,,
2.0,249.0,8.0,90.0,0.0,3.0,4.0,3.0,0.0,6.0,0.0,0.0,0.0,0.0,0.0,16.0,4.0,0.0,0.0,0.0,0.0,0.0,0.0,0.0,0.0,0.0,0.0,16.0,16.0,,,fashion_interest,fashion,1.0,1.0,,,,,,,,,,
2.0,348.5,8.5,45.0,0.0,3.0,7.0,0.0,0.0,0.0,0.0,0.0,7.0,0.0,0.0,0.0,0.0,0.0,0.0,17.0,7.0,0.0,0.0,0.0,0.0,0.0,0.0,17.0,17.0,,,food_interest,food,,,,,1.0,1.0,,,,,,
2.0,347.5,9.0,120.0,0.0,6.0,3.0,0.0,6.0,0.0,0.0,0.0,0.0,3.0,0.16666666666666666,0.0,0.0,18.0,3.0,0.0,0.0,0.0,0.0,0.0,0.0,0.0,0.0,18.0,18.0,,,crypto_interest,crypto,,,1.0,1.0,,,,,,,,
2.0,224.0,8.0,60.0,0.0,7.0,0.0,0.0,0.0,0.0,0.0,0.0,7.0,2.0,0.125,0.0,0.0,0.0,0.0,0.0,0.0,0.0,0.0,0.0,0.0,16.0,0.0,16.0,16.0,1.0,1.0,fintech_interest,fintech,,,,,,,,,,,,
2.0,244.0,8.0,300.0,0.0,6.0,0.0,7.0,0.0,0.0,0.0,3.0,0.0,0.0,0.0,0.0,0.0,0.0,0.0,0.0,0.0,0.0,0.0,16.0,0.0,0.0,0.0,16.0,16.0,,,gaming_interest,gaming,,,,,,,,,,,1.0,1.0
2.0,330.0,8.5,90.0,0.0,3.0,6.0,2.0,0.0,6.0,0.0,0.0,0.0,0.0,0.0,17.0,6.0,0.0,0.0,0.0,0.0,0.0,0.0,0.0,0.0,0.0,0.0,17.0,17.0,,,fashion_interest,fashion,1.0,1.0,,,,,,,,,,
1.0,504.0,10.0,0.0,0.0,4.0,0.0,0.0,0.0,0.0,0.0,0.0,0.0,0.0,0.0,0.0,0.0,0.0,0.0,0.0,0.0,0.0,0.0,0.0,0.0,0.0,0.0,10.0,10.0,,,general_interest,general,,,,,,,,,1.0,1.0,,
2.0,340.0,7.5,60.0,0.0,6.0,0.0,0.0,0.0,0.0,0.0,0.0,5.0,4.0,0.26666666666666666,0.0,0.0,0.0,0.0,0.0,0.0,0.0,0.0,0.0,0.0,15.0,0.0,15.0,15.0,1.0,1.0,fintech_interest,fintech,,,,,,,,,,,,
1.0,400.0,9.0,0.0,0.0,4.0,0.0,0.0,0.0,0.0,0.0,0.0,0.0,0.0,0.0,0.0,0.0,0.0,0.0,0.0,0.0,0.0,0.0,0.0,0.0,0.0,0.0,9.0,9.0,,,general_interest,general,,,,,,,,,1.0,1.0,,
2.0,152.0,5.0,120.0,0.0,5.0,1.0,0.0,3.0,0.0,0.0,0.0,0.0,1.0,0.1,0.0,0.0,10.0,1.0,0.0,0.0,0.0,0.0,0.0,0.0,0.0,0.0,10.0,10.0,,,general_interest,crypto,,,1.0,1.0,,,,,,,,
2.0,398.0,9.0,60.0,0.0,5.0,0.0,0.0,0.0,0.0,0.0,0.0,6.0,7.0,0.3888888888888889,0.0,0.0,0.0,0.0,0.0,0.0,0.0,0.0,0.0,0.0,18.0,0.0,18.0,18.0,1.0,1.0,fintech_interest,fintech,,,,,,,,,,,,
2.0,277.0,7.5,45.0,0.0,4.0,4.0,0.0,0.0,0.0,0.0,0.0,7.0,0.0,0.0,0.0,0.0,0.0,0.0,15.0,4.0,0.0,0.0,0.0,0.0,0.0,0.0,15.0,15.0,,,food_interest,food,,,,,1.0,1.0,,,,,,
2.0,228.0,5.5,60.0,0.0,3.0,0.0,0.0,0.0,0.0,0.0,0.0,4.0,4.0,0.36363636363636365,0.0,0.0,0.0,0.0,0.0,0.0,0.0,0.0,0.0,0.0,11.0,0.0,11.0,11.0,1.0,1.0,fintech_interest,fintech,,,,,,,,,,,,
2.0,279.0,7.5,200.0,0.0,12.0,0.0,3.0,0.0,0.0,0.0,0.0,0.0,0.0,0.0,0.0,0.0,0.0,0.0,0.0,0.0,15.0,0.0,0.0,0.0,0.0,0.0,15.0,15.0,,,education_interest,education,,,,,,,1.0,1.0,,,,
2.0,228.0,7.5,90.0,0.0,4.0,2.0,5.0,0.0,4.0,0.0,0.0,0.0,0.0,0.0,15.0,2.0,0.0,0.0,0.0,0.0,0.0,0.0,0.0,0.0,0.0,0.0,15.0,15.0,,,fashion_interest,fashion,1.0,1.0,,,,,,,,,,
2.0,245.0,6.5,120.0,0.0,5.0,0.0,0.0,5.0,0.0,0.0,0.0,0.0,3.0,0.23076923076923078,0.0,0.0,13.0,0.0,0.0,0.0,0.0,0.0,0.0,0.0,0.0,0.0,13.0,13.0,,,general_interest,crypto,,,1.0,1.0,,,,,,,,
2.0,145.0,5.0,200.0,0.0,5.0,0.0,5.0,0.0,0.0,0.0,0.0,0.0,0.0,0.0,0.0,0.0,0.0,0.0,0.0,0.0,10.0,0.0,0.0,0.0,0.0,0.0,10.0,10.0,,,education_interest,education,,,,,,,1.0,1.0,,,,
1.0,294.0,8.0,0.0,0.0,0.0,0.0,0.0,0.0,0.0,0.0,0.0,0.0,0.0,0.0,0.0,0.0,0.0,0.0,0.0,0.0,0.0,0.0,0.0,0.0,0.0,0.0,8.0,8.0,,,general_interest,general,,,,,,,,,1.0,1.0,,
2.0,240.5,6.5,300.0,0.0,4.0,0.0,7.0,0.0,0.0,0.0,2.0,0.0,0.0,0.0,0.0,0.0,0.0,0.0,0.0,0.0,0.0,0.0,13.0,0.0,0.0,0.0,13.0,13.0,,,gaming_interest,gaming,,,,,,,,,,,1.0,1.0
2.0,223.5,8.0,45.0,0.0,8.0,3.0,0.0,0.0,0.0,0.0,0.0,5.0,0.0,0.0,0.0,0.0,0.0,0.0,16.0,3.0,0.0,0.0,0.0,0.0,0.0,0.0,16.0,16.0,,,food_interest,food,,,,,1.0,1.0,,,,,,
2.0,183.5,6.5,200.0,0.0,4.0,0.0,9.0,0.0,0.0,0.0,0.0,0.0,0.0,0.0,0.0,0.0,0.0,0.0,0.0,0.0,13.0,0.0,0.0,0.0,0.0,0.0,13.0,13.0,,,education_interest,education,,,,,,,1.0,1.0,,,,
2.0,432.0,9.0,120.0,0.0,12.0,1.0,0.0,1.0,0.0,0.0,0.0,0.0,4.0,0.2222222222222222,0.0,0.0,18.0,1.0,0.0,0.0,0.0,0.0,0.0,0.0,0.0,0.0,18.0,18.0,,,general_interest,crypto,,,1.0,1.0,,,,,,,,
2.0,362.5,7.5,45.0,0.0,2.0,4.0,0.0,0.0,0.0,0.0,0.0,9.0,0.0,0.0,0.0,0.0,0.0,0.0,15.0,4.0,0.0,0.0,0.0,0.0,0.0,0.0,15.0,15.0,,,food_interest,food,,,,,1.0,1.0,,,,,,
2.0,165.0,4.5,45.0,0.0,1.0,4.0,0.0,0.0,0.0,0.0,0.0,4.0,0.0,0.0,0.0,0.0,0.0,0.0,9.0,4.0,0.0,0.0,0.0,0.0,0.0,0.0,9.0,9.0,,,food_interest,food,,,,,1.0,1.0,,,,,,
2.0,155.0,5.0,90.0,0.0,3.0,3.0,3.0,0.0,1.0,0.0,0.0,0.0,0.0,0.0,10.0,3.0,0.0,0.0,0.0,0.0,0.0,0.0,0.0,0.0,0.0,0.0,10.0,10.0,,,fashion_interest,fashion,1.0,1.0,,,,,,,,,,
2.0,356.0,8.5,200.0,0.0,8.0,0.0,9.0,0.0,0.0,0.0,0.0,0.0,0.0,0.0,0.0,0.0,0.0,0.0,0.0,0.0,17.0,0.0,0.0,0.0,0.0,0.0,17.0,17.0,,,education_interest,education,,,,,,,1.0,1.0,,,,
2.0,156.5,6.0,200.0,0.0,7.0,0.0,5.0,0.0,0.0,0.0,0.0,0.0,0.0,0.0,0.0,0.0,0.0,0.0,0.0,0.0,12.0,0.0,0.0,0.0,0.0,0.0,12.0,12.0,,,education_interest,education,,,,,,,1.0,1.0,,,,
2.0,156.5,7.0,300.0,0.0,6.0,0.0,6.0,0.0,0.0,0.0,2.0,0.0,0.0,0.0,0.0,0.0,0.0,0.0,0.0,0.0,0.0,0.0,14.0,0.0,0.0,0.0,14.0,14.0,,,gaming_interest,gaming,,,,,,,,,,,1.0,1.0
2.0,258.5,8.0,200.0,0.0,14.0,0.0,2.0,0.0,0.0,0.0,0.0,0.0,0.0,0.0,0.0,0.0,0.0,0.0,0.0,0.0,16.0,0.0,0.0,0.0,0.0,0.0,16.0,16.0,,,education_interest,education,,,,,,,1.0,1.0,,,,
2.0,338.0,8.0,60.0,0.0,7.0,0.0,0.0,0.0,0.0,0.0,0.0,6.0,3.0,0.1875,0.0,0.0,0.0,0.0,0.0,0.0,0.0,0.0,0.0,0.0,16.0,0.0,16.0,16.0,1.0,1.0,fintech_interest,fintech,,,,,,,,,,,,
2.0,210.0,5.0,200.0,0.0,6.0,0.0,4.0,0.0,0.0,0.0,0.0,0.0,0.0,0.0,0.0,0.0,0.0,0.0,0.0,0.0,10.0,0.0,0.0,0.0,0.0,0.0,10.0,10.0,,,education_interest,education,,,,,,,1.0,1.0,,,,
1.0,180.0,10.0,0.0,0.0,1.0,0.0,0.0,0.0,0.0,0.0,0.0,0.0,0.0,0.0,0.0,0.0,0.0,0.0,0.0,0.0,0.0,0.0,0.0,0.0,0.0,0.0,10.0,10.0,,,general_interest,general,,,,,,,,,1.0,1.0,,
2.0,164.0,6.0,300.0,0.0,3.0,0.0,6.0,0.0,0.0,0.0,3.0,0.0,0.0,0.0,0.0,0.0,0.0,0.0,0.0,0.0,0.0,0.0,12.0,0.0,0.0,0.0,12.0,12.0,,,gaming_interest,gaming,,,,,,,,,,,1.0,1.0
2.0,88.5,4.0,90.0,0.0,2.0,4.0,1.0,0.0,1.0,0.0,0.0,0.0,0.0,0.0,8.0,4.0,0.0,0.0,0.0,0.0,0.0,0.0,0.0,0.0,0.0,0.0,8.0,8.0,,,fashion_interest,fashion,1.0,1.0,,,,,,,,,,
2.0,218.0,6.0,60.0,0.0,5.0,0.0,0.0,0.0,0.0,0.0,0.0,4.0,3.0,0.25,0.0,0.0,0.0,0.0,0.0,0.0,0.0,0.0,0.0,0.0,12.0,0.0,12.0,12.0,1.0,1.0,fintech_interest,fintech,,,,,,,,,,,,
1.0,140.0,5.0,0.0,0.0,1.0,0.0,0.0,0.0,0.0,0.0,0.0,0.0,0.0,0.0,0.0,0.0,0.0,0.0,0.0,0.0,0.0,0.0,0.0,0.0,0.0,0.0,5.0,5.0,,,general_interest,general,,,,,,,,,1.0,1.0,,
1.0,212.0,5.0,0.0,0.0,1.0,0.0,0.0,0.0,0.0,0.0,0.0,0.0,0.0,0.0,0.0,0.0,0.0,0.0,0.0,0.0,0.0,0.0,0.0,0.0,0.0,0.0,5.0,5.0,,,general_interest,general,,,,,,,,,1.0,1.0,,
1.0,185.0,10.0,0.0,0.0,5.0,0.0,0.0,0.0,0.0,0.0,0.0,0.0,0.0,0.0,0.0,0.0,0.0,0.0,0.0,0.0,0.0,0.0,0.0,0.0,0.0,0.0,10.0,10.0,,,general_interest,general,,,,,,,,,1.0,1.0,,
2.0,240.0,7.0,300.0,0.0,2.0,0.0,7.0,0.0,0.0,0.0,5.0,0.0,0.0,0.0,0.0,0.0,0.0,0.0,0.0,0.0,0.0,0.0,14.0,0.0,0.0,0.0,14.0,14.0,,,gaming_interest,gaming,,,,,,,,,,,1.0,1.0
2.0,153.5,7.5,120.0,0.0,6.0,6.0,0.0,0.0,0.0,0.0,0.0,0.0,3.0,0.2,0.0,0.0,15.0,6.0,0.0,0.0,0.0,0.0,0.0,0.0,0.0,0.0,15.0,15.0,,,crypto_interest,crypto,,,1.0,1.0,,,,,,,,
2.0,381.0,9.0,60.0,0.0,4.0,0.0,0.0,0.0,0.0,0.0,0.0,9.0,5.0,0.2777777777777778,0.0,0.0,0.0,0.0,0.0,0.0,0.0,0.0,0.0,0.0,18.0,0.0,18.0,18.0,1.0,1.0,fintech_interest,fintech,,,,,,,,,,,,
2.0,276.0,7.5,200.0,0.0,11.0,0.0,4.0,0.0,0.0,0.0,0.0,0.0,0.0,0.0,0.0,0.0,0.0,0.0,0.0,0.0,15.0,0.0,0.0,0.0,0.0,0.0,15.0,15.0,,,education_interest,education,,,,,,,1.0,1.0,,,,
2.0,197.5,5.0,300.0,0.0,7.0,0.0,2.0,0.0,0.0,0.0,1.0,0.0,0.0,0.0,0.0,0.0,0.0,0.0,0.0,0.0,0.0,0.0,10.0,0.0,0.0,0.0,10.0,10.0,,,general_interest,gaming,,,,,,,,,,,1.0,1.0
2.0,91.5,4.5,60.0,0.0,5.0,0.0,0.0,0.0,0.0,0.0,0.0,3.0,1.0,0.1111111111111111,0.0,0.0,0.0,0.0,0.0,0.0,0.0,0.0,0.0,0.0,9.0,0.0,9.0,9.0,1.0,1.0,fintech_interest,fintech,,,,,,,,,,,,
2.0,204.5,7.5,300.0,0.0,5.0,0.0,8.0,0.0,0.0,0.0,2.0,0.0,0.0,0.0,0.0,0.0,0.0,0.0,0.0,0.0,0.0,0.0,15.0,0.0,0.0,0.0,15.0,15.0,,,gaming_interest,gaming,,,,,,,,,,,1.0,1.0
2.0,245.5,7.0,200.0,0.0,8.0,0.0,6.0,0.0,0.0,0.0,0.0,0.0,0.0,0.0,0.0,0.0,0.0,0.0,0.0,0.0,14.0,0.0,0.0,0.0,0.0,0.0,14.0,14.0,,,education_interest,education,,,,,,,1.0,1.0,,,,
2.0,247.0,6.5,200.0,0.0,7.0,0.0,6.0,0.0,0.0,0.0,0.0,0.0,0.0,0.0,0.0,0.0,0.0,0.0,0.0,0.0,13.0,0.0,0.0,0.0,0.0,0.0,13.0,13.0,,,education_interest,education,,,,,,,1.0,1.0,,,,
2.0,329.5,8.5,200.0,0.0,11.0,0.0,6.0,0.0,0.0,0.0,0.0,0.0,0.0,0.0,0.0,0.0,0.0,0.0,0.0,0.0,17.0,0.0,0.0,0.0,0.0,0.0,17.0,17.0,,,education_interest,education,,,,,,,1.0,1.0,,,,
1.0,441.0,10.0,0.0,0.0,3.0,0.0,0.0,0.0,0.0,0.0,0.0,0.0,0.0,0.0,0.0,0.0,0.0,0.0,0.0,0.0,0.0,0.0,0.0,0.0,0.0,0.0,10.0,10.0,,,general_interest,general,,,,,,,,,1.0,1.0,,
2.0,290.5,9.0,120.0,0.0,7.0,6.0,0.0,3.0,0.0,0.0,0.0,0.0,2.0,0.1111111111111111,0.0,0.0,18.0,6.0,0.0,0.0,0.0,0.0,0.0,0.0,0.0,0.0,18.0,18.0,,,crypto_interest,crypto,,,1.0,1.0,,,,,,,,
2.0,120.0,4.5,90.0,0.0,2.0,2.0,2.0,0.0,3.0,0.0,0.0,0.0,0.0,0.0,9.0,2.0,0.0,0.0,0.0,0.0,0.0,0.0,0.0,0.0,0.0,0.0,9.0,9.0,,,fashion_interest,fashion,1.0,1.0,,,,,,,,,,
2.0,199.5,6.0,200.0,0.0,9.0,0.0,3.0,0.0,0.0,0.0,0.0,0.0,0.0,0.0,0.0,0.0,0.0,0.0,0.0,0.0,12.0,0.0,0.0,0.0,0.0,0.0,12.0,12.0,,,education_interest,education,,,,,,,1.0,1.0,,,,
2.0,165.0,6.0,90.0,0.0,7.0,2.0,2.0,0.0,1.0,0.0,0.0,0.0,0.0,0.0,12.0,2.0,0.0,0.0,0.0,0.0,0.0,0.0,0.0,0.0,0.0,0.0,12.0,12.0,,,fashion_interest,fashion,1.0,1.0,,,,,,,,,,
2.0,267.0,7.5,300.0,0.0,5.0,0.0,6.0,0.0,0.0,0.0,4.0,0.0,0.0,0.0,0.0,0.0,0.0,0.0,0.0,0.0,0.0,0.0,15.0,0.0,0.0,0.0,15.0,15.0,,,gaming_interest,gaming,,,,,,,,,,,1.0,1.0
1.0,162.0,5.0,0.0,0.0,2.0,0.0,0.0,0.0,0.0,0.0,0.0,0.0,0.0,0.0,0.0,0.0,0.0,0.0,0.0,0.0,0.0,0.0,0.0,0.0,0.0,0.0,5.0,5.0,,,general_interest,general,,,,,,,,,1.0,1.0,,
2.0,112.5,4.5,90.0,0.0,3.0,4.0,1.0,0.0,1.0,0.0,0.0,0.0,0.0,0.0,9.0,4.0,0.0,0.0,0.0,0.0,0.0,0.0,0.0,0.0,0.0,0.0,9.0,9.0,,,fashion_interest,fashion,1.0,1.0,,,,,,,,,,
2.0,138.5,6.0,120.0,0.0,4.0,2.0,0.0,4.0,0.0,0.0,0.0,0.0,2.0,0.16666666666666666,0.0,0.0,12.0,2.0,0.0,0.0,0.0,0.0,0.0,0.0,0.0,0.0,12.0,12.0,,,crypto_interest,crypto,,,1.0,1.0,,,,,,,,
2.0,267.0,5.5,60.0,0.0,4.0,0.0,0.0,0.0,0.0,0.0,0.0,4.0,3.0,0.2727272727272727,0.0,0.0,0.0,0.0,0.0,0.0,0.0,0.0,0.0,0.0,11.0,0.0,11.0,11.0,1.0,1.0,fintech_interest,fintech,,,,,,,,,,,,
2.0,214.0,6.5,200.0,0.0,10.0,0.0,3.0,0.0,0.0,0.0,0.0,0.0,0.0,0.0,0.0,0.0,0.0,0.0,0.0,0.0,13.0,0.0,0.0,0.0,0.0,0.0,13.0,13.0,,,education_interest,education,,,,,,,1.0,1.0,,,,
2.0,218.0,7.0,45.0,0.0,5.0,5.0,0.0,0.0,0.0,0.0,0.0,4.0,0.0,0.0,0.0,0.0,0.0,0.0,14.0,5.0,0.0,0.0,0.0,0.0,0.0,0.0,14.0,14.0,,,food_interest,food,,,,,1.0,1.0,,,,,,
2.0,168.5,6.5,120.0,0.0,4.0,3.0,0.0,5.0,0.0,0.0,0.0,0.0,1.0,0.07692307692307693,0.0,0.0,13.0,3.0,0.0,0.0,0.0,0.0,0.0,0.0,0.0,0.0,13.0,13.0,,,crypto_interest,crypto,,,1.0,1.0,,,,,,,,
1.0,84.0,4.0,0.0,0.0,0.0,0.0,0.0,0.0,0.0,0.0,0.0,0.0,0.0,0.0,0.0,0.0,0.0,0.0,0.0,0.0,0.0,0.0,0.0,0.0,0.0,0.0,4.0,4.0,,,general_interest,general,,,,,,,,,1.0,1.0,,
2.0,289.0,8.0,45.0,0.0,4.0,8.0,0.0,0.0,0.0,0.0,0.0,4.0,0.0,0.0,0.0,0.0,0.0,0.0,16.0,8.0,0.0,0.0,0.0,0.0,0.0,0.0,16.0,16.0,,,food_interest,food,,,,,1.0,1.0,,,,,,
2.0,374.5,9.5,90.0,0.0,4.0,7.0,1.0,0.0,7.0,0.0,0.0,0.0,0.0,0.0,19.0,7.0,0.0,0.0,0.0,0.0,0.0,0.0,0.0,0.0,0.0,0.0,19.0,19.0,,,fashion_interest,fashion,1.0,1.0,,,,,,,,,,
2.0,175.5,5.5,60.0,0.0,4.0,0.0,0.0,0.0,0.0,0.0,0.0,3.0,4.0,0.36363636363636365,0.0,0.0,0.0,0.0,0.0,0.0,0.0,0.0,0.0,0.0,11.0,0.0,11.0,11.0,1.0,1.0,fintech_interest,fintech,,,,,,,,,,,,
2.0,229.5,7.0,90.0,0.0,1.0,5.0,4.0,0.0,4.0,0.0,0.0,0.0,0.0,0.0,14.0,5.0,0.0,0.0,0.0,0.0,0.0,0.0,0.0,0.0,0.0,0.0,14.0,14.0,,,fashion_interest,fashion,1.0,1.0,,,,,,,,,,
2.0,184.0,5.0,200.0,0.0,6.0,0.0,4.0,0.0,0.0,0.0,0.0,0.0,0.0,0.0,0.0,0.0,0.0,0.0,0.0,0.0,10.0,0.0,0.0,0.0,0.0,0.0,10.0,10.0,,,education_interest,education,,,,,,,1.0,1.0,,,,
1.0,116.0,5.0,0.0,0.0,1.0,0.0,0.0,0.0,0.0,0.0,0.0,0.0,0.0,0.0,0.0,0.0,0.0,0.0,0.0,0.0,0.0,0.0,0.0,0.0,0.0,0.0,5.0,5.0,,,general_interest,general,,,,,,,,,1.0,1.0,,
2.0,244.0,7.0,45.0,0.0,7.0,3.0,0.0,0.0,0.0,0.0,0.0,4.0,0.0,0.0,0.0,0.0,0.0,0.0,14.0,3.0,0.0,0.0,0.0,0.0,0.0,0.0,14.0,14.0,,,food_interest,food,,,,,1.0,1.0,,,,,,
1.0,168.0,5.0,0.0,0.0,1.0,0.0,0.0,0.0,0.0,0.0,0.0,0.0,0.0,0.0,0.0,0.0,0.0,0.0,0.0,0.0,0.0,0.0,0.0,0.0,0.0,0.0,5.0,5.0,,,general_interest,general,,,,,,,,,1.0,1.0,,
1.0,48.0,4.0,0.0,0.0,2.0,0.0,0.0,0.0,0.0,0.0,0.0,0.0,0.0,0.0,0.0,0.0,0.0,0.0,0.0,0.0,0.0,0.0,0.0,0.0,0.0,0.0,4.0,4.0,,,general_interest,general,,,,,,,,,1.0,1.0,,
2.0,130.5,4.0,120.0,0.0,5.0,1.0,0.0,2.0,0.0,0.0,0.0,0.0,0.0,0.0,0.0,0.0,8.0,1.0,0.0,0.0,0.0,0.0,0.0,0.0,0.0,0.0,8.0,8.0,,,general_interest,crypto,,,1.0,1.0,,,,,,,,
2.0,105.0,6.5,90.0,0.0,6.0,3.0,3.0,0.0,1.0,0.0,0.0,0.0,0.0,0.0,13.0,3.0,0.0,0.0,0.0,0.0,0.0,0.0,0.0,0.0,0.0,0.0,13.0,13.0,,,fashion_interest,fashion,1.0,1.0,,,,,,,,,,
2.0,212.5,7.0,60.0,0.0,2.0,0.0,0.0,0.0,0.0,0.0,0.0,7.0,5.0,0.35714285714285715,0.0,0.0,0.0,0.0,0.0,0.0,0.0,0.0,0.0,0.0,14.0,0.0,14.0,14.0,1.0,1.0,fintech_interest,fintech,,,,,,,,,,,,
2.0,296.5,9.0,90.0,0.0,3.0,5.0,6.0,0.0,4.0,0.0,0.0,0.0,0.0,0.0,18.0,5.0,0.0,0.0,0.0,0.0,0.0,0.0,0.0,0.0,0.0,0.0,18.0,18.0,,,fashion_interest,fashion,1.0,1.0,,,,,,,,,,
2.0,262.5,6.0,45.0,0.0,3.0,3.0,0.0,0.0,0.0,0.0,0.0,6.0,0.0,0.0,0.0,0.0,0.0,0.0,12.0,3.0,0.0,0.0,0.0,0.0,0.0,0.0,12.0,12.0,,,food_interest,food,,,,,1.0,1.0,,,,,,
2.0,254.0,8.5,300.0,0.0,7.0,0.0,5.0,0.0,0.0,0.0,5.0,0.0,0.0,0.0,0.0,0.0,0.0,0.0,0.0,0.0,0.0,0.0,17.0,0.0,0.0,0.0,17.0,17.0,,,gaming_interest,gaming,,,,,,,,,,,1.0,1.0
2.0,172.5,7.0,200.0,0.0,12.0,0.0,2.0,0.0,0.0,0.0,0.0,0.0,0.0,0.0,0.0,0.0,0.0,0.0,0.0,0.0,14.0,0.0,0.0,0.0,0.0,0.0,14.0,14.0,,,education_interest,education,,,,,,,1.0,1.0,,,,
1.0,300.0,9.0,0.0,0.0,1.0,0.0,0.0,0.0,0.0,0.0,0.0,0.0,0.0,0.0,0.0,0.0,0.0,0.0,0.0,0.0,0.0,0.0,0.0,0.0,0.0,0.0,9.0,9.0,,,general_interest,general,,,,,,,,,1.0,1.0,,
2.0,202.5,5.5,120.0,0.0,3.0,1.0,0.0,3.0,0.0,0.0,0.0,0.0,4.0,0.36363636363636365,0.0,0.0,11.0,1.0,0.0,0.0,0.0,0.0,0.0,0.0,0.0,0.0,11.0,11.0,,,general_interest,crypto,,,1.0,1.0,,,,,,,,
2.0,207.5,7.5,45.0,0.0,5.0,7.0,0.0,0.0,0.0,0.0,0.0,3.0,0.0,0.0,0.0,0.0,0.0,0.0,15.0,7.0,0.0,0.0,0.0,0.0,0.0,0.0,15.0,15.0,,,food_interest,food,,,,,1.0,1.0,,,,,,
1.0,236.0,8.0,0.0,0.0,4.0,0.0,0.0,0.0,0.0,0.0,0.0,0.0,0.0,0.0,0.0,0.0,0.0,0.0,0.0,0.0,0.0,0.0,0.0,0.0,0.0,0.0,8.0,8.0,,,general_interest,general,,,,,,,,,1.0,1.0,,
2.0,195.0,8.5,200.0,0.0,13.0,0.0,4.0,0.0,0.0,0.0,0.0,0.0,0.0,0.0,0.0,0.0,0.0,0.0,0.0,0.0,17.0,0.0,0.0,0.0,0.0,0.0,17.0,17.0,,,education_interest,education,,,,,,,1.0,1.0,,,,
2.0,219.5,6.5,90.0,0.0,2.0,3.0,1.0,0.0,7.0,0.0,0.0,0.0,0.0,0.0,13.0,3.0,0.0,0.0,0.0,0.0,0.0,0.0,0.0,0.0,0.0,0.0,13.0,13.0,,,fashion_interest,fashion,1.0,1.0,,,,,,,,,,
2.0,93.0,4.5,90.0,0.0,4.0,2.0,2.0,0.0,1.0,0.0,0.0,0.0,0.0,0.0,9.0,2.0,0.0,0.0,0.0,0.0,0.0,0.0,0.0,0.0,0.0,0.0,9.0,9.0,,,fashion_interest,fashion,1.0,1.0,,,,,,,,,,
2.0,122.5,5.5,60.0,0.0,3.0,0.0,0.0,0.0,0.0,0.0,0.0,7.0,1.0,0.09090909090909091,0.0,0.0,0.0,0.0,0.0,0.0,0.0,0.0,0.0,0.0,11.0,0.0,11.0,11.0,1.0,1.0,fintech_interest,fintech,,,,,,,,,,,,
2.0,232.0,6.5,200.0,0.0,9.0,0.0,4.0,0.0,0.0,0.0,0.0,0.0,0.0,0.0,0.0,0.0,0.0,0.0,0.0,0.0,13.0,0.0,0.0,0.0,0.0,0.0,13.0,13.0,,,education_interest,education,,,,,,,1.0,1.0,,,,
2.0,223.5,5.5,120.0,0.0,8.0,0.0,0.0,1.0,0.0,0.0,0.0,0.0,2.0,0.18181818181818182,0.0,0.0,11.0,0.0,0.0,0.0,0.0,0.0,0.0,0.0,0.0,0.0,11.0,11.0,,,general_interest,crypto,,,1.0,1.0,,,,,,,,
2.0,117.0,4.5,60.0,0.0,3.0,0.0,0.0,0.0,0.0,0.0,0.0,2.0,4.0,0.4444444444444444,0.0,0.0,0.0,0.0,0.0,0.0,0.0,0.0,0.0,0.0,9.0,0.0,9.0,9.0,1.0,1.0,fintech_interest,fintech,,,,,,,,,,,,
2.0,267.5,7.0,60.0,0.0,3.0,0.0,0.0,0.0,0.0,0.0,0.0,2.0,9.0,0.6428571428571429,0.0,0.0,0.0,0.0,0.0,0.0,0.0,0.0,0.0,0.0,14.0,0.0,14.0,14.0,1.0,1.0,fintech_interest,fintech,,,,,,,,,,,,
2.0,179.5,5.5,60.0,0.0,4.0,0.0,0.0,0.0,0.0,0.0,0.0,2.0,5.0,0.45454545454545453,0.0,0.0,0.0,0.0,0.0,0.0,0.0,0.0,0.0,0.0,11.0,0.0,11.0,11.0,1.0,1.0,fintech_interest,fintech,,,,,,,,,,,,
2.0,216.0,7.5,60.0,0.0,5.0,0.0,0.0,0.0,0.0,0.0,0.0,4.0,6.0,0.4,0.0,0.0,0.0,0.0,0.0,0.0,0.0,0.0,0.0,0.0,15.0,0.0,15.0,15.0,1.0,1.0,fintech_interest,fintech,,,,,,,,,,,,
2.0,186.0,5.5,45.0,0.0,3.0,4.0,0.0,0.0,0.0,0.0,0.0,4.0,0.0,0.0,0.0,0.0,0.0,0.0,11.0,4.0,0.0,0.0,0.0,0.0,0.0,0.0,11.0,11.0,,,food_interest,food,,,,,1.0,1.0,,,,,,
2.0,184.5,5.5,90.0,0.0,2.0,4.0,1.0,0.0,4.0,0.0,0.0,0.0,0.0,0.0,11.0,4.0,0.0,0.0,0.0,0.0,0.0,0.0,0.0,0.0,0.0,0.0,11.0,11.0,,,fashion_interest,fashion,1.0,1.0,,,,,,,,,,
2.0,305.0,9.0,90.0,0.0,6.0,5.0,2.0,0.0,5.0,0.0,0.0,0.0,0.0,0.0,18.0,5.0,0.0,0.0,0.0,0.0,0.0,0.0,0.0,0.0,0.0,0.0,18.0,18.0,,,fashion_interest,fashion,1.0,1.0,,,,,,,,,,
2.0,178.0,7.0,90.0,0.0,5.0,3.0,2.0,0.0,4.0,0.0,0.0,0.0,0.0,0.0,14.0,3.0,0.0,0.0,0.0,0.0,0.0,0.0,0.0,0.0,0.0,0.0,14.0,14.0,,,fashion_interest,fashion,1.0,1.0,,,,,,,,,,
1.0,132.0,5.0,0.0,0.0,2.0,0.0,0.0,0.0,0.0,0.0,0.0,0.0,0.0,0.0,0.0,0.0,0.0,0.0,0.0,0.0,0.0,0.0,0.0,0.0,0.0,0.0,5.0,5.0,,,general_interest,general,,,,,,,,,1.0,1.0,,
2.0,400.0,9.5,90.0,0.0,2.0,4.0,3.0,0.0,10.0,0.0,0.0,0.0,0.0,0.0,19.0,4.0,0.0,0.0,0.0,0.0,0.0,0.0,0.0,0.0,0.0,0.0,19.0,19.0,,,fashion_interest,fashion,1.0,1.0,,,,,,,,,,
2.0,110.0,5.0,0.0,0.0,3.0,1.0,0.0,1.0,0.0,0.0,0.0,0.0,5.0,0.5,0.0,0.0,10.0,1.0,0.0,0.0,0.0,0.0,0.0,0.0,0.0,0.0,10.0,10.0,,,general_interest,crypto,,,1.0,1.0,,,,,,,,
2.0,213.5,7.0,120.0,0.0,3.0,3.0,0.0,3.0,0.0,0.0,0.0,0.0,5.0,0.35714285714285715,0.0,0.0,14.0,3.0,0.0,0.0,0.0,0.0,0.0,0.0,0.0,0.0,14.0,14.0,,,crypto_interest,crypto,,,1.0,1.0,,,,,,,,
1.0,132.0,5.0,0.0,0.0,2.0,0.0,0.0,0.0,0.0,0.0,0.0,0.0,0.0,0.0,0.0,0.0,0.0,0.0,0.0,0.0,0.0,0.0,0.0,0.0,0.0,0.0,5.0,5.0,,,general_interest,general,,,,,,,,,1.0,1.0,,
2.0,272.0,8.0,120.0,0.0,5.0,5.0,0.0,3.0,0.0,0.0,0.0,0.0,3.0,0.1875,0.0,0.0,16.0,5.0,0.0,0.0,0.0,0.0,0.0,0.0,0.0,0.0,16.0,16.0,,,crypto_interest,crypto,,,1.0,1.0,,,,,,,,
2.0,264.0,9.0,120.0,0.0,7.0,4.0,0.0,4.0,0.0,0.0,0.0,0.0,3.0,0.16666666666666666,0.0,0.0,18.0,4.0,0.0,0.0,0.0,0.0,0.0,0.0,0.0,0.0,18.0,18.0,,,crypto_interest,crypto,,,1.0,1.0,,,,,,,,
2.0,223.5,7.0,200.0,0.0,9.0,0.0,5.0,0.0,0.0,0.0,0.0,0.0,0.0,0.0,0.0,0.0,0.0,0.0,0.0,0.0,14.0,0.0,0.0,0.0,0.0,0.0,14.0,14.0,,,education_interest,education,,,,,,,1.0,1.0,,,,
2.0,312.0,8.0,300.0,0.0,8.0,0.0,7.0,0.0,0.0,0.0,1.0,0.0,0.0,0.0,0.0,0.0,0.0,0.0,0.0,0.0,0.0,0.0,16.0,0.0,0.0,0.0,16.0,16.0,,,gaming_interest,gaming,,,,,,,,,,,1.0,1.0
2.0,178.0,6.5,300.0,0.0,2.0,0.0,5.0,0.0,0.0,0.0,6.0,0.0,0.0,0.0,0.0,0.0,0.0,0.0,0.0,0.0,0.0,0.0,13.0,0.0,0.0,0.0,13.0,13.0,,,gaming_interest,gaming,,,,,,,,,,,1.0,1.0
2.0,323.5,8.0,300.0,0.0,6.0,0.0,7.0,0.0,0.0,0.0,3.0,0.0,0.0,0.0,0.0,0.0,0.0,0.0,0.0,0.0,0.0,0.0,16.0,0.0,0.0,0.0,16.0,16.0,,,gaming_interest,gaming,,,,,,,,,,,1.0,1.0
2.0,323.5,8.0,200.0,0.0,8.0,0.0,8.0,0.0,0.0,0.0,0.0,0.0,0.0,0.0,0.0,0.0,0.0,0.0,0.0,0.0,16.0,0.0,0.0,0.0,0.0,0.0,16.0,16.0,,,education_interest,education,,,,,,,1.0,1.0,,,,
2.0,408.0,8.0,200.0,0.0,11.0,0.0,5.0,0.0,0.0,0.0,0.0,0.0,0.0,0.0,0.0,0.0,0.0,0.0,0.0,0.0,16.0,0.0,0.0,0.0,0.0,0.0,16.0,16.0,,,education_interest,education,,,,,,,1.0,1.0,,,,
2.0,291.0,6.5,300.0,0.0,3.0,0.0,5.0,0.0,0.0,0.0,5.0,0.0,0.0,0.0,0.0,0.0,0.0,0.0,0.0,0.0,0.0,0.0,13.0,0.0,0.0,0.0,13.0,13.0,,,gaming_interest,gaming,,,,,,,,,,,1.0,1.0
2.0,269.5,7.0,200.0,0.0,8.0,0.0,6.0,0.0,0.0,0.0,0.0,0.0,0.0,0.0,0.0,0.0,0.0,0.0,0.0,0.0,14.0,0.0,0.0,0.0,0.0,0.0,14.0,14.0,,,education_interest,education,,,,,,,1.0,1.0,,,,
2.0,115.0,4.0,200.0,0.0,4.0,0.0,4.0,0.0,0.0,0.0,0.0,0.0,0.0,0.0,0.0,0.0,0.0,0.0,0.0,0.0,8.0,0.0,0.0,0.0,0.0,0.0,8.0,8.0,,,education_interest,education,,,,,,,1.0,1.0,,,,
2.0,97.5,5.5,200.0,0.0,8.0,0.0,3.0,0.0,0.0,0.0,0.0,0.0,0.0,0.0,0.0,0.0,0.0,0.0,0.0,0.0,11.0,0.0,0.0,0.0,0.0,0.0,11.0,11.0,,,education_interest,education,,,,,,,1.0,1.0,,,,
2.0,366.0,9.5,90.0,0.0,7.0,3.0,5.0,0.0,4.0,0.0,0.0,0.0,0.0,0.0,19.0,3.0,0.0,0.0,0.0,0.0,0.0,0.0,0.0,0.0,0.0,0.0,19.0,19.0,,,fashion_interest,fashion,1.0,1.0,,,,,,,,,,
2.0,304.5,8.0,45.0,0.0,4.0,5.0,0.0,0.0,0.0,0.0,0.0,7.0,0.0,0.0,0.0,0.0,0.0,0.0,16.0,5.0,0.0,0.0,0.0,0.0,0.0,0.0,16.0,16.0,,,food_interest,food,,,,,1.0,1.0,,,,,,
2.0,287.5,8.5,90.0,0.0,6.0,2.0,3.0,0.0,6.0,0.0,0.0,0.0,0.0,0.0,17.0,2.0,0.0,0.0,0.0,0.0,0.0,0.0,0.0,0.0,0.0,0.0,17.0,17.0,,,fashion_interest,fashion,1.0,1.0,,,,,,,,,,
2.0,205.0,6.5,90.0,0.0,1.0,2.0,6.0,0.0,4.0,0.0,0.0,0.0,0.0,0.0,13.0,2.0,0.0,0.0,0.0,0.0,0.0,0.0,0.0,0.0,0.0,0.0,13.0,13.0,,,fashion_interest,fashion,1.0,1.0,,,,,,,,,,
2.0,212.0,5.5,90.0,0.0,2.0,3.0,3.0,0.0,3.0,0.0,0.0,0.0,0.0,0.0,11.0,3.0,0.0,0.0,0.0,0.0,0.0,0.0,0.0,0.0,0.0,0.0,11.0,11.0,,,fashion_interest,fashion,1.0,1.0,,,,,,,,,,
2.0,298.5,7.5,45.0,0.0,4.0,6.0,0.0,0.0,0.0,0.0,0.0,5.0,0.0,0.0,0.0,0.0,0.0,0.0,15.0,6.0,0.0,0.0,0.0,0.0,0.0,0.0,15.0,15.0,,,food_interest,food,,,,,1.0,1.0,,,,,,
2.0,280.0,7.5,45.0,0.0,4.0,4.0,0.0,0.0,0.0,0.0,0.0,7.0,0.0,0.0,0.0,0.0,0.0,0.0,15.0,4.0,0.0,0.0,0.0,0.0,0.0,0.0,15.0,15.0,,,food_interest,food,,,,,1.0,1.0,,,,,,
2.0,116.0,4.5,45.0,0.0,4.0,4.0,0.0,0.0,0.0,0.0,0.0,1.0,0.0,0.0,0.0,0.0,0.0,0.0,9.0,4.0,0.0,0.0,0.0,0.0,0.0,0.0,9.0,9.0,,,food_interest,food,,,,,1.0,1.0,,,,,,
1.0,232.0,8.0,0.0,0.0,1.0,0.0,0.0,0.0,0.0,0.0,0.0,0.0,0.0,0.0,0.0,0.0,0.0,0.0,0.0,0.0,0.0,0.0,0.0,0.0,0.0,0.0,8.0,8.0,,,general_interest,general,,,,,,,,,1.0,1.0,,
2.0,270.0,8.5,60.0,0.0,7.0,0.0,0.0,0.0,0.0,0.0,0.0,3.0,7.0,0.4117647058823529,0.0,0.0,0.0,0.0,0.0,0.0,0.0,0.0,0.0,0.0,17.0,0.0,17.0,17.0,1.0,1.0,fintech_interest,fintech,,,,,,,,,,,,
2.0,282.0,7.5,60.0,0.0,5.0,0.0,0.0,0.0,0.0,0.0,0.0,6.0,4.0,0.26666666666666666,0.0,0.0,0.0,0.0,0.0,0.0,0.0,0.0,0.0,0.0,15.0,0.0,15.0,15.0,1.0,1.0,fintech_interest,fintech,,,,,,,,,,,,
2.0,264.5,7.0,200.0,0.0,8.0,0.0,6.0,0.0,0.0,0.0,0.0,0.0,0.0,0.0,0.0,0.0,0.0,0.0,0.0,0.0,14.0,0.0,0.0,0.0,0.0,0.0,14.0,14.0,,,education_interest,education,,,,,,,1.0,1.0,,,,
2.0,109.5,5.0,90.0,0.0,1.0,3.0,1.0,0.0,5.0,0.0,0.0,0.0,0.0,0.0,10.0,3.0,0.0,0.0,0.0,0.0,0.0,0.0,0.0,0.0,0.0,0.0,10.0,10.0,,,fashion_interest,fashion,1.0,1.0,,,,,,,,,,
2.0,376.5,9.5,45.0,0.0,5.0,11.0,0.0,0.0,0.0,0.0,0.0,3.0,0.0,0.0,0.0,0.0,0.0,0.0,19.0,11.0,0.0,0.0,0.0,0.0,0.0,0.0,19.0,19.0,,,food_interest,food,,,,,1.0,1.0,,,,,,
2.0,310.5,7.0,120.0,0.0,4.0,3.0,0.0,2.0,0.0,0.0,0.0,0.0,5.0,0.35714285714285715,0.0,0.0,14.0,3.0,0.0,0.0,0.0,0.0,0.0,0.0,0.0,0.0,14.0,14.0,,,crypto_interest,crypto,,,1.0,1.0,,,,,,,,
2.0,358.5,7.5,300.0,0.0,3.0,0.0,10.0,0.0,0.0,0.0,2.0,0.0,0.0,0.0,0.0,0.0,0.0,0.0,0.0,0.0,0.0,0.0,15.0,0.0,0.0,0.0,15.0,15.0,,,gaming_interest,gaming,,,,,,,,,,,1.0,1.0
1.0,200.0,7.0,0.0,0.0,0.0,0.0,0.0,0.0,0.0,0.0,0.0,0.0,0.0,0.0,0.0,0.0,0.0,0.0,0.0,0.0,0.0,0.0,0.0,0.0,0.0,0.0,7.0,7.0,,,general_interest,general,,,,,,,,,1.0,1.0,,
2.0,244.0,7.5,60.0,0.0,3.0,0.0,0.0,0.0,0.0,0.0,0.0,5.0,7.0,0.4666666666666667,0.0,0.0,0.0,0.0,0.0,0.0,0.0,0.0,0.0,0.0,15.0,0.0,15.0,15.0,1.0,1.0,fintech_interest,fintech,,,,,,,,,,,,
2.0,148.5,5.0,300.0,0.0,3.0,0.0,6.0,0.0,0.0,0.0,1.0,0.0,0.0,0.0,0.0,0.0,0.0,0.0,0.0,0.0,0.0,0.0,10.0,0.0,0.0,0.0,10.0,10.0,,,gaming_interest,gaming,,,,,,,,,,,1.0,1.0
2.0,340.5,7.5,90.0,0.0,2.0,2.0,5.0,0.0,6.0,0.0,0.0,0.0,0.0,0.0,15.0,2.0,0.0,0.0,0.0,0.0,0.0,0.0,0.0,0.0,0.0,0.0,15.0,15.0,,,fashion_interest,fashion,1.0,1.0,,,,,,,,,,
2.0,174.5,5.0,200.0,0.0,6.0,0.0,4.0,0.0,0.0,0.0,0.0,0.0,0.0,0.0,0.0,0.0,0.0,0.0,0.0,0.0,10.0,0.0,0.0,0.0,0.0,0.0,10.0,10.0,,,education_interest,education,,,,,,,1.0,1.0,,,,
2.0,361.0,8.0,90.0,0.0,3.0,7.0,2.0,0.0,4.0,0.0,0.0,0.0,0.0,0.0,16.0,7.0,0.0,0.0,0.0,0.0,0.0,0.0,0.0,0.0,0.0,0.0,16.0,16.0,,,fashion_interest,fashion,1.0,1.0,,,,,,,,,,
2.0,276.0,8.5,60.0,0.0,8.0,0.0,0.0,0.0,0.0,0.0,0.0,6.0,3.0,0.17647058823529413,0.0,0.0,0.0,0.0,0.0,0.0,0.0,0.0,0.0,0.0,17.0,0.0,17.0,17.0,1.0,1.0,fintech_interest,fintech,,,,,,,,,,,,
2.0,111.0,5.5,90.0,0.0,1.0,2.0,4.0,0.0,4.0,0.0,0.0,0.0,0.0,0.0,11.0,2.0,0.0,0.0,0.0,0.0,0.0,0.0,0.0,0.0,0.0,0.0,11.0,11.0,,,fashion_interest,fashion,1.0,1.0,,,,,,,,,,
1.0,180.0,5.0,0.0,0.0,1.0,0.0,0.0,0.0,0.0,0.0,0.0,0.0,0.0,0.0,0.0,0.0,0.0,0.0,0.0,0.0,0.0,0.0,0.0,0.0,0.0,0.0,5.0,5.0,,,general_interest,general,,,,,,,,,1.0,1.0,,
2.0,280.5,7.0,0.0,0.0,3.0,2.0,0.0,5.0,0.0,0.0,0.0,0.0,4.0,0.2857142857142857,0.0,0.0,14.0,2.0,0.0,0.0,0.0,0.0,0.0,0.0,0.0,0.0,14.0,14.0,,,crypto_interest,crypto,,,1.0,1.0,,,,,,,,
2.0,333.5,9.0,90.0,0.0,4.0,7.0,2.0,0.0,5.0,0.0,0.0,0.0,0.0,0.0,18.0,7.0,0.0,0.0,0.0,0.0,0.0,0.0,0.0,0.0,0.0,0.0,18.0,18.0,,,fashion_interest,fashion,1.0,1.0,,,,,,,,,,
2.0,390.0,8.5,120.0,0.0,8.0,3.0,0.0,4.0,0.0,0.0,0.0,0.0,2.0,0.11764705882352941,0.0,0.0,17.0,3.0,0.0,0.0,0.0,0.0,0.0,0.0,0.0,0.0,17.0,17.0,,,crypto_interest,crypto,,,1.0,1.0,,,,,,,,
2.0,306.5,7.5,200.0,0.0,8.0,0.0,7.0,0.0,0.0,0.0,0.0,0.0,0.0,0.0,0.0,0.0,0.0,0.0,0.0,0.0,15.0,0.0,0.0,0.0,0.0,0.0,15.0,15.0,,,education_interest,education,,,,,,,1.0,1.0,,,,
2.0,318.0,9.0,90.0,0.0,6.0,5.0,5.0,0.0,2.0,0.0,0.0,0.0,0.0,0.0,18.0,5.0,0.0,0.0,0.0,0.0,0.0,0.0,0.0,0.0,0.0,0.0,18.0,18.0,,,fashion_interest,fashion,1.0,1.0,,,,,,,,,,
2.0,165.0,6.5,60.0,0.0,8.0,0.0,0.0,0.0,0.0,0.0,0.0,2.0,3.0,0.23076923076923078,0.0,0.0,0.0,0.0,0.0,0.0,0.0,0.0,0.0,0.0,13.0,0.0,13.0,13.0,1.0,1.0,fintech_interest,fintech,,,,,,,,,,,,
2.0,340.0,8.5,60.0,0.0,3.0,0.0,0.0,0.0,0.0,0.0,0.0,7.0,7.0,0.4117647058823529,0.0,0.0,0.0,0.0,0.0,0.0,0.0,0.0,0.0,0.0,17.0,0.0,17.0,17.0,1.0,1.0,fintech_interest,fintech,,,,,,,,,,,,
2.0,306.0,7.0,300.0,0.0,4.0,0.0,7.0,0.0,0.0,0.0,3.0,0.0,0.0,0.0,0.0,0.0,0.0,0.0,0.0,0.0,0.0,0.0,14.0,0.0,0.0,0.0,14.0,14.0,,,gaming_interest,gaming,,,,,,,,,,,1.0,1.0
2.0,234.0,6.5,90.0,0.0,3.0,2.0,2.0,0.0,6.0,0.0,0.0,0.0,0.0,0.0,13.0,2.0,0.0,0.0,0.0,0.0,0.0,0.0,0.0,0.0,0.0,0.0,13.0,13.0,,,fashion_interest,fashion,1.0,1.0,,,,,,,,,,
2.0,163.5,7.0,120.0,0.0,4.0,5.0,0.0,2.0,0.0,0.0,0.0,0.0,3.0,0.21428571428571427,0.0,0.0,14.0,5.0,0.0,0.0,0.0,0.0,0.0,0.0,0.0,0.0,14.0,14.0,,,crypto_interest,crypto,,,1.0,1.0,,,,,,,,
2.0,128.5,6.0,90.0,0.0,1.0,2.0,4.0,0.0,5.0,0.0,0.0,0.0,0.0,0.0,12.0,2.0,0.0,0.0,0.0,0.0,0.0,0.0,0.0,0.0,0.0,0.0,12.0,12.0,,,fashion_interest,fashion,1.0,1.0,,,,,,,,,,
1.0,117.0,5.0,0.0,0.0,3.0,0.0,0.0,0.0,0.0,0.0,0.0,0.0,0.0,0.0,0.0,0.0,0.0,0.0,0.0,0.0,0.0,0.0,0.0,0.0,0.0,0.0,5.0,5.0,,,general_interest,general,,,,,,,,,1.0,1.0,,
2.0,202.5,7.0,200.0,0.0,10.0,0.0,4.0,0.0,0.0,0.0,0.0,0.0,0.0,0.0,0.0,0.0,0.0,0.0,0.0,0.0,14.0,0.0,0.0,0.0,0.0,0.0,14.0,14.0,,,education_interest,education,,,,,,,1.0,1.0,,,,
2.0,158.5,6.0,200.0,0.0,10.0,0.0,2.0,0.0,0.0,0.0,0.0,0.0,0.0,0.0,0.0,0.0,0.0,0.0,0.0,0.0,12.0,0.0,0.0,0.0,0.0,0.0,12.0,12.0,,,education_interest,education,,,,,,,1.0,1.0,,,,
2.0,285.0,7.5,300.0,0.0,4.0,0.0,4.0,0.0,0.0,0.0,7.0,0.0,0.0,0.0,0.0,0.0,0.0,0.0,0.0,0.0,0.0,0.0,15.0,0.0,0.0,0.0,15.0,15.0,,,gaming_interest,gaming,,,,,,,,,,,1.0,1.0
2.0,298.5,8.5,120.0,0.0,10.0,2.0,0.0,3.0,0.0,0.0,0.0,0.0,2.0,0.11764705882352941,0.0,0.0,17.0,2.0,0.0,0.0,0.0,0.0,0.0,0.0,0.0,0.0,17.0,17.0,,,crypto_interest,crypto,,,1.0,1.0,,,,,,,,
2.0,169.5,6.0,300.0,0.0,3.0,0.0,5.0,0.0,0.0,0.0,4.0,0.0,0.0,0.0,0.0,0.0,0.0,0.0,0.0,0.0,0.0,0.0,12.0,0.0,0.0,0.0,12.0,12.0,,,gaming_interest,gaming,,,,,,,,,,,1.0,1.0
2.0,200.0,8.5,90.0,0.0,3.0,4.0,5.0,0.0,5.0,0.0,0.0,0.0,0.0,0.0,17.0,4.0,0.0,0.0,0.0,0.0,0.0,0.0,0.0,0.0,0.0,0.0,17.0,17.0,,,fashion_interest,fashion,1.0,1.0,,,,,,,,,,
2.0,258.0,6.5,90.0,0.0,2.0,4.0,1.0,0.0,6.0,0.0,0.0,0.0,0.0,0.0,13.0,4.0,0.0,0.0,0.0,0.0,0.0,0.0,0.0,0.0,0.0,0.0,13.0,13.0,,,fashion_interest,fashion,1.0,1.0,,,,,,,,,,
2.0,205.0,6.0,200.0,0.0,6.0,0.0,6.0,0.0,0.0,0.0,0.0,0.0,0.0,0.0,0.0,0.0,0.0,0.0,0.0,0.0,12.0,0.0,0.0,0.0,0.0,0.0,12.0,12.0,,,education_interest,education,,,,,,,1.0,1.0,,,,
2.0,288.0,7.5,45.0,0.0,6.0,4.0,0.0,0.0,0.0,0.0,0.0,5.0,0.0,0.0,0.0,0.0,0.0,0.0,15.0,4.0,0.0,0.0,0.0,0.0,0.0,0.0,15.0,15.0,,,food_interest,food,,,,,1.0,1.0,,,,,,
2.0,288.0,8.5,90.0,0.0,3.0,5.0,3.0,0.0,6.0,0.0,0.0,0.0,0.0,0.0,17.0,5.0,0.0,0.0,0.0,0.0,0.0,0.0,0.0,0.0,0.0,0.0,17.0,17.0,,,fashion_interest,fashion,1.0,1.0,,,,,,,,,,
2.0,155.0,4.5,90.0,0.0,2.0,1.0,3.0,0.0,3.0,0.0,0.0,0.0,0.0,0.0,9.0,1.0,0.0,0.0,0.0,0.0,0.0,0.0,0.0,0.0,0.0,0.0,9.0,9.0,,,fashion_interest,fashion,1.0,1.0,,,,,,,,,,
2.0,420.5,9.5,45.0,0.0,4.0,8.0,0.0,0.0,0.0,0.0,0.0,7.0,0.0,0.0,0.0,0.0,0.0,0.0,19.0,8.0,0.0,0.0,0.0,0.0,0.0,0.0,19.0,19.0,,,food_interest,food,,,,,1.0,1.0,,,,,,
2.0,421.5,8.5,300.0,0.0,6.0,0.0,6.0,0.0,0.0,0.0,5.0,0.0,0.0,0.0,0.0,0.0,0.0,0.0,0.0,0.0,0.0,0.0,17.0,0.0,0.0,0.0,17.0,17.0,,,gaming_interest,gaming,,,,,,,,,,,1.0,1.0
2.0,238.5,5.5,200.0,0.0,9.0,0.0,2.0,0.0,0.0,0.0,0.0,0.0,0.0,0.0,0.0,0.0,0.0,0.0,0.0,0.0,11.0,0.0,0.0,0.0,0.0,0.0,11.0,11.0,,,education_interest,education,,,,,,,1.0,1.0,,,,
2.0,229.0,7.0,0.0,0.0,0.0,6.0,5.0,0.0,3.0,0.0,0.0,0.0,0.0,0.0,14.0,6.0,0.0,0.0,0.0,0.0,0.0,0.0,0.0,0.0,0.0,0.0,14.0,14.0,,,fashion_interest,fashion,1.0,1.0,,,,,,,,,,
2.0,204.0,7.0,300.0,0.0,2.0,0.0,8.0,0.0,0.0,0.0,4.0,0.0,0.0,0.0,0.0,0.0,0.0,0.0,0.0,0.0,0.0,0.0,14.0,0.0,0.0,0.0,14.0,14.0,,,gaming_interest,gaming,,,,,,,,,,,1.0,1.0
2.0,225.0,7.5,90.0,0.0,5.0,2.0,6.0,0.0,2.0,0.0,0.0,0.0,0.0,0.0,15.0,2.0,0.0,0.0,0.0,0.0,0.0,0.0,0.0,0.0,0.0,0.0,15.0,15.0,,,fashion_interest,fashion,1.0,1.0,,,,,,,,,,
2.0,322.0,8.0,120.0,0.0,6.0,2.0,0.0,4.0,0.0,0.0,0.0,0.0,4.0,0.25,0.0,0.0,16.0,2.0,0.0,0.0,0.0,0.0,0.0,0.0,0.0,0.0,16.0,16.0,,,crypto_interest,crypto,,,1.0,1.0,,,,,,,,
2.0,246.0,7.0,300.0,0.0,2.0,0.0,7.0,0.0,0.0,0.0,5.0,0.0,0.0,0.0,0.0,0.0,0.0,0.0,0.0,0.0,0.0,0.0,14.0,0.0,0.0,0.0,14.0,14.0,,,gaming_interest,gaming,,,,,,,,,,,1.0,1.0
2.0,298.0,7.5,45.0,0.0,7.0,3.0,0.0,0.0,0.0,0.0,0.0,5.0,0.0,0.0,0.0,0.0,0.0,0.0,15.0,3.0,0.0,0.0,0.0,0.0,0.0,0.0,15.0,15.0,,,food_interest,food,,,,,1.0,1.0,,,,,,
2.0,324.0,7.5,45.0,0.0,4.0,6.0,0.0,0.0,0.0,0.0,0.0,5.0,0.0,0.0,0.0,0.0,0.0,0.0,15.0,6.0,0.0,0.0,0.0,0.0,0.0,0.0,15.0,15.0,,,food_interest,food,,,,,1.0,1.0,,,,,,
2.0,156.0,7.0,0.0,0.0,0.0,8.0,3.0,0.0,3.0,0.0,0.0,0.0,0.0,0.0,14.0,8.0,0.0,0.0,0.0,0.0,0.0,0.0,0.0,0.0,0.0,0.0,14.0,14.0,,,fashion_interest,fashion,1.0,1.0,,,,,,,,,,
2.0,166.0,6.0,45.0,0.0,3.0,3.0,0.0,0.0,0.0,0.0,0.0,6.0,0.0,0.0,0.0,0.0,0.0,0.0,12.0,3.0,0.0,0.0,0.0,0.0,0.0,0.0,12.0,12.0,,,food_interest,food,,,,,1.0,1.0,,,,,,
2.0,228.0,5.5,200.0,0.0,7.0,0.0,4.0,0.0,0.0,0.0,0.0,0.0,0.0,0.0,0.0,0.0,0.0,0.0,0.0,0.0,11.0,0.0,0.0,0.0,0.0,0.0,11.0,11.0,,,education_interest,education,,,,,,,1.0,1.0,,,,
2.0,302.5,7.0,90.0,0.0,3.0,6.0,5.0,0.0,0.0,0.0,0.0,0.0,0.0,0.0,14.0,6.0,0.0,0.0,0.0,0.0,0.0,0.0,0.0,0.0,0.0,0.0,14.0,14.0,,,fashion_interest,fashion,1.0,1.0,,,,,,,,,,
2.0,388.0,8.5,300.0,0.0,7.0,0.0,6.0,0.0,0.0,0.0,4.0,0.0,0.0,0.0,0.0,0.0,0.0,0.0,0.0,0.0,0.0,0.0,17.0,0.0,0.0,0.0,17.0,17.0,,,gaming_interest,gaming,,,,,,,,,,,1.0,1.0
2.0,254.0,7.5,200.0,0.0,11.0,0.0,4.0,0.0,0.0,0.0,0.0,0.0,0.0,0.0,0.0,0.0,0.0,0.0,0.0,0.0,15.0,0.0,0.0,0.0,0.0,0.0,15.0,15.0,,,education_interest,education,,,,,,,1.0,1.0,,,,
2.0,332.0,8.0,45.0,0.0,6.0,6.0,0.0,0.0,0.0,0.0,0.0,4.0,0.0,0.0,0.0,0.0,0.0,0.0,16.0,6.0,0.0,0.0,0.0,0.0,0.0,0.0,16.0,16.0,,,food_interest,food,,,,,1.0,1.0,,,,,,
2.0,169.5,5.0,45.0,0.0,4.0,4.0,0.0,0.0,0.0,0.0,0.0,2.0,0.0,0.0,0.0,0.0,0.0,0.0,10.0,4.0,0.0,0.0,0.0,0.0,0.0,0.0,10.0,10.0,,,food_interest,food,,,,,1.0,1.0,,,,,,
2.0,146.0,4.5,200.0,0.0,7.0,0.0,2.0,0.0,0.0,0.0,0.0,0.0,0.0,0.0,0.0,0.0,0.0,0.0,0.0,0.0,9.0,0.0,0.0,0.0,0.0,0.0,9.0,9.0,,,education_interest,education,,,,,,,1.0,1.0,,,,
2.0,183.0,6.5,300.0,0.0,5.0,0.0,5.0,0.0,0.0,0.0,3.0,0.0,0.0,0.0,0.0,0.0,0.0,0.0,0.0,0.0,0.0,0.0,13.0,0.0,0.0,0.0,13.0,13.0,,,gaming_interest,gaming,,,,,,,,,,,1.0,1.0
2.0,179.0,5.0,120.0,0.0,2.0,4.0,0.0,1.0,0.0,0.0,0.0,0.0,3.0,0.3,0.0,0.0,10.0,4.0,0.0,0.0,0.0,0.0,0.0,0.0,0.0,0.0,10.0,10.0,,,crypto_interest,crypto,,,1.0,1.0,,,,,,,,
1.0,112.0,5.0,0.0,0.0,1.0,0.0,0.0,0.0,0.0,0.0,0.0,0.0,0.0,0.0,0.0,0.0,0.0,0.0,0.0,0.0,0.0,0.0,0.0,0.0,0.0,0.0,5.0,5.0,,,general_interest,general,,,,,,,,,1.0,1.0,,
1.0,132.0,5.0,0.0,0.0,4.0,0.0,0.0,0.0,0.0,0.0,0.0,0.0,0.0,0.0,0.0,0.0,0.0,0.0,0.0,0.0,0.0,0.0,0.0,0.0,0.0,0.0,5.0,5.0,,,general_interest,general,,,,,,,,,1.0,1.0,,
1.0,117.0,4.0,0.0,0.0,0.0,0.0,0.0,0.0,0.0,0.0,0.0,0.0,0.0,0.0,0.0,0.0,0.0,0.0,0.0,0.0,0.0,0.0,0.0,0.0,0.0,0.0,4.0,4.0,,,general_interest,general,,,,,,,,,1.0,1.0,,
2.0,434.0,9.5,200.0,0.0,14.0,0.0,5.0,0.0,0.0,0.0,0.0,0.0,0.0,0.0,0.0,0.0,0.0,0.0,0.0,0.0,19.0,0.0,0.0,0.0,0.0,0.0,19.0,19.0,,,education_interest,education,,,,,,,1.0,1.0,,,,
2.0,222.0,6.5,90.0,0.0,2.0,3.0,5.0,0.0,3.0,0.0,0.0,0.0,0.0,0.0,13.0,3.0,0.0,0.0,0.0,0.0,0.0,0.0,0.0,0.0,0.0,0.0,13.0,13.0,,,fashion_interest,fashion,1.0,1.0,,,,,,,,,,
2.0,353.0,10.0,60.0,0.0,6.0,0.0,0.0,0.0,0.0,0.0,0.0,6.0,8.0,0.4,0.0,0.0,0.0,0.0,0.0,0.0,0.0,0.0,0.0,0.0,20.0,0.0,20.0,20.0,1.0,1.0,fintech_interest,fintech,,,,,,,,,,,,
2.0,262.5,6.0,45.0,0.0,3.0,2.0,0.0,0.0,0.0,0.0,0.0,7.0,0.0,0.0,0.0,0.0,0.0,0.0,12.0,2.0,0.0,0.0,0.0,0.0,0.0,0.0,12.0,12.0,,,food_interest,food,,,,,1.0,1.0,,,,,,
2.0,249.0,6.5,45.0,0.0,4.0,4.0,0.0,0.0,0.0,0.0,0.0,5.0,0.0,0.0,0.0,0.0,0.0,0.0,13.0,4.0,0.0,0.0,0.0,0.0,0.0,0.0,13.0,13.0,,,food_interest,food,,,,,1.0,1.0,,,,,,
2.0,170.5,7.0,120.0,0.0,5.0,4.0,0.0,1.0,0.0,0.0,0.0,0.0,4.0,0.2857142857142857,0.0,0.0,14.0,4.0,0.0,0.0,0.0,0.0,0.0,0.0,0.0,0.0,14.0,14.0,,,crypto_interest,crypto,,,1.0,1.0,,,,,,,,
2.0,289.0,8.0,60.0,0.0,9.0,0.0,0.0,0.0,0.0,0.0,0.0,4.0,3.0,0.1875,0.0,0.0,0.0,0.0,0.0,0.0,0.0,0.0,0.0,0.0,16.0,0.0,16.0,16.0,1.0,1.0,fintech_interest,fintech,,,,,,,,,,,,
2.0,290.0,8.0,90.0,0.0,5.0,5.0,2.0,0.0,4.0,0.0,0.0,0.0,0.0,0.0,16.0,5.0,0.0,0.0,0.0,0.0,0.0,0.0,0.0,0.0,0.0,0.0,16.0,16.0,,,fashion_interest,fashion,1.0,1.0,,,,,,,,,,
2.0,127.5,4.5,300.0,0.0,1.0,0.0,6.0,0.0,0.0,0.0,2.0,0.0,0.0,0.0,0.0,0.0,0.0,0.0,0.0,0.0,0.0,0.0,9.0,0.0,0.0,0.0,9.0,9.0,,,gaming_interest,gaming,,,,,,,,,,,1.0,1.0
2.0,127.5,5.0,0.0,0.0,0.0,1.0,0.0,4.0,0.0,0.0,0.0,0.0,5.0,0.5,0.0,0.0,10.0,1.0,0.0,0.0,0.0,0.0,0.0,0.0,0.0,0.0,10.0,10.0,,,general_interest,crypto,,,1.0,1.0,,,,,,,,
2.0,306.0,9.0,300.0,0.0,6.0,0.0,6.0,0.0,0.0,0.0,6.0,0.0,0.0,0.0,0.0,0.0,0.0,0.0,0.0,0.0,0.0,0.0,18.0,0.0,0.0,0.0,18.0,18.0,,,gaming_interest,gaming,,,,,,,,,,,1.0,1.0
2.0,355.5,8.5,200.0,0.0,10.0,0.0,7.0,0.0,0.0,0.0,0.0,0.0,0.0,0.0,0.0,0.0,0.0,0.0,0.0,0.0,17.0,0.0,0.0,0.0,0.0,0.0,17.0,17.0,,,education_interest,education,,,,,,,1.0,1.0,,,,
2.0,149.5,6.0,45.0,0.0,1.0,6.0,0.0,0.0,0.0,0.0,0.0,5.0,0.0,0.0,0.0,0.0,0.0,0.0,12.0,6.0,0.0,0.0,0.0,0.0,0.0,0.0,12.0,12.0,,,food_interest,food,,,,,1.0,1.0,,,,,,
2.0,172.0,6.0,300.0,0.0,4.0,0.0,6.0,0.0,0.0,0.0,2.0,0.0,0.0,0.0,0.0,0.0,0.0,0.0,0.0,0.0,0.0,0.0,12.0,0.0,0.0,0.0,12.0,12.0,,,gaming_interest,gaming,,,,,,,,,,,1.0,1.0
2.0,271.5,7.0,45.0,0.0,4.0,5.0,0.0,0.0,0.0,0.0,0.0,5.0,0.0,0.0,0.0,0.0,0.0,0.0,14.0,5.0,0.0,0.0,0.0,0.0,0.0,0.0,14.0,14.0,,,food_interest,food,,,,,1.0,1.0,,,,,,
2.0,288.0,7.5,300.0,0.0,2.0,0.0,12.0,0.0,0.0,0.0,1.0,0.0,0.0,0.0,0.0,0.0,0.0,0.0,0.0,0.0,0.0,0.0,15.0,0.0,0.0,0.0,15.0,15.0,,,gaming_interest,gaming,,,,,,,,,,,1.0,1.0
2.0,263.5,8.0,300.0,0.0,2.0,0.0,8.0,0.0,0.0,0.0,6.0,0.0,0.0,0.0,0.0,0.0,0.0,0.0,0.0,0.0,0.0,0.0,16.0,0.0,0.0,0.0,16.0,16.0,,,gaming_interest,gaming,,,,,,,,,,,1.0,1.0
1.0,357.0,8.0,0.0,0.0,2.0,0.0,0.0,0.0,0.0,0.0,0.0,0.0,0.0,0.0,0.0,0.0,0.0,0.0,0.0,0.0,0.0,0.0,0.0,0.0,0.0,0.0,8.0,8.0,,,general_interest,general,,,,,,,,,1.0,1.0,,
2.0,155.5,7.0,90.0,0.0,3.0,2.0,2.0,0.0,7.0,0.0,0.0,0.0,0.0,0.0,14.0,2.0,0.0,0.0,0.0,0.0,0.0,0.0,0.0,0.0,0.0,0.0,14.0,14.0,,,fashion_interest,fashion,1.0,1.0,,,,,,,,,,
2.0,184.5,5.5,90.0,0.0,5.0,6.0,0.0,0.0,0.0,0.0,0.0,0.0,0.0,0.0,11.0,6.0,0.0,0.0,0.0,0.0,0.0,0.0,0.0,0.0,0.0,0.0,11.0,11.0,,,fashion_interest,fashion,1.0,1.0,,,,,,,,,,
2.0,331.5,8.5,90.0,0.0,3.0,3.0,9.0,0.0,2.0,0.0,0.0,0.0,0.0,0.0,17.0,3.0,0.0,0.0,0.0,0.0,0.0,0.0,0.0,0.0,0.0,0.0,17.0,17.0,,,fashion_interest,fashion,1.0,1.0,,,,,,,,,,
2.0,180.5,7.5,60.0,0.0,3.0,0.0,0.0,0.0,0.0,0.0,0.0,7.0,5.0,0.3333333333333333,0.0,0.0,0.0,0.0,0.0,0.0,0.0,0.0,0.0,0.0,15.0,0.0,15.0,15.0,1.0,1.0,fintech_interest,fintech,,,,,,,,,,,,
2.0,171.0,5.0,90.0,0.0,2.0,1.0,2.0,0.0,5.0,0.0,0.0,0.0,0.0,0.0,10.0,1.0,0.0,0.0,0.0,0.0,0.0,0.0,0.0,0.0,0.0,0.0,10.0,10.0,,,fashion_interest,fashion,1.0,1.0,,,,,,,,,,
2.0,248.5,7.5,60.0,0.0,7.0,0.0,0.0,0.0,0.0,0.0,0.0,6.0,2.0,0.13333333333333333,0.0,0.0,0.0,0.0,0.0,0.0,0.0,0.0,0.0,0.0,15.0,0.0,15.0,15.0,1.0,1.0,fintech_interest,fintech,,,,,,,,,,,,
2.0,220.5,7.0,45.0,0.0,5.0,6.0,0.0,0.0,0.0,0.0,0.0,3.0,0.0,0.0,0.0,0.0,0.0,0.0,14.0,6.0,0.0,0.0,0.0,0.0,0.0,0.0,14.0,14.0,,,food_interest,food,,,,,1.0,1.0,,,,,,
1.0,300.0,7.0,0.0,0.0,1.0,0.0,0.0,0.0,0.0,0.0,0.0,0.0,0.0,0.0,0.0,0.0,0.0,0.0,0.0,0.0,0.0,0.0,0.0,0.0,0.0,0.0,7.0,7.0,,,general_interest,general,,,,,,,,,1.0,1.0,,
2.0,279.0,9.0,90.0,0.0,4.0,4.0,3.0,0.0,7.0,0.0,0.0,0.0,0.0,0.0,18.0,4.0,0.0,0.0,0.0,0.0,0.0,0.0,0.0,0.0,0.0,0.0,18.0,18.0,,,fashion_interest,fashion,1.0,1.0,,,,,,,,,,
1.0,210.0,8.0,0.0,0.0,2.0,0.0,0.0,0.0,0.0,0.0,0.0,0.0,0.0,0.0,0.0,0.0,0.0,0.0,0.0,0.0,0.0,0.0,0.0,0.0,0.0,0.0,8.0,8.0,,,general_interest,general,,,,,,,,,1.0,1.0,,
2.0,168.0,7.0,120.0,0.0,6.0,3.0,0.0,3.0,0.0,0.0,0.0,0.0,2.0,0.14285714285714285,0.0,0.0,14.0,3.0,0.0,0.0,0.0,0.0,0.0,0.0,0.0,0.0,14.0,14.0,,,crypto_interest,crypto,,,1.0,1.0,,,,,,,,
2.0,309.0,8.0,45.0,0.0,7.0,4.0,0.0,0.0,0.0,0.0,0.0,5.0,0.0,0.0,0.0,0.0,0.0,0.0,16.0,4.0,0.0,0.0,0.0,0.0,0.0,0.0,16.0,16.0,,,food_interest,food,,,,,1.0,1.0,,,,,,
2.0,343.0,8.0,300.0,0.0,5.0,0.0,5.0,0.0,0.0,0.0,6.0,0.0,0.0,0.0,0.0,0.0,0.0,0.0,0.0,0.0,0.0,0.0,16.0,0.0,0.0,0.0,16.0,16.0,,,gaming_interest,gaming,,,,,,,,,,,1.0,1.0
2.0,249.5,6.0,45.0,0.0,4.0,6.0,0.0,0.0,0.0,0.0,0.0,2.0,0.0,0.0,0.0,0.0,0.0,0.0,12.0,6.0,0.0,0.0,0.0,0.0,0.0,0.0,12.0,12.0,,,food_interest,food,,,,,1.0,1.0,,,,,,
2.0,231.0,7.0,0.0,0.0,0.0,5.0,4.0,0.0,5.0,0.0,0.0,0.0,0.0,0.0,14.0,5.0,0.0,0.0,0.0,0.0,0.0,0.0,0.0,0.0,0.0,0.0,14.0,14.0,,,fashion_interest,fashion,1.0,1.0,,,,,,,,,,
2.0,156.0,5.0,200.0,0.0,5.0,0.0,5.0,0.0,0.0,0.0,0.0,0.0,0.0,0.0,0.0,0.0,0.0,0.0,0.0,0.0,10.0,0.0,0.0,0.0,0.0,0.0,10.0,10.0,,,education_interest,education,,,,,,,1.0,1.0,,,,
2.0,221.5,7.0,90.0,0.0,6.0,2.0,3.0,0.0,3.0,0.0,0.0,0.0,0.0,0.0,14.0,2.0,0.0,0.0,0.0,0.0,0.0,0.0,0.0,0.0,0.0,0.0,14.0,14.0,,,fashion_interest,fashion,1.0,1.0,,,,,,,,,,
2.0,197.0,5.5,60.0,0.0,3.0,0.0,0.0,0.0,0.0,0.0,0.0,4.0,4.0,0.36363636363636365,0.0,0.0,0.0,0.0,0.0,0.0,0.0,0.0,0.0,0.0,11.0,0.0,11.0,11.0,1.0,1.0,fintech_interest,fintech,,,,,,,,,,,,
2.0,191.5,6.0,200.0,0.0,9.0,0.0,3.0,0.0,0.0,0.0,0.0,0.0,0.0,0.0,0.0,0.0,0.0,0.0,0.0,0.0,12.0,0.0,0.0,0.0,0.0,0.0,12.0,12.0,,,education_interest,education,,,,,,,1.0,1.0,,,,
2.0,166.5,6.0,300.0,0.0,3.0,0.0,4.0,0.0,0.0,0.0,5.0,0.0,0.0,0.0,0.0,0.0,0.0,0.0,0.0,0.0,0.0,0.0,12.0,0.0,0.0,0.0,12.0,12.0,,,gaming_interest,gaming,,,,,,,,,,,1.0,1.0
2.0,450.0,10.0,45.0,0.0,6.0,10.0,0.0,0.0,0.0,0.0,0.0,4.0,0.0,0.0,0.0,0.0,0.0,0.0,20.0,10.0,0.0,0.0,0.0,0.0,0.0,0.0,20.0,20.0,,,food_interest,food,,,,,1.0,1.0,,,,,,
2.0,164.5,8.0,45.0,0.0,5.0,5.0,0.0,0.0,0.0,0.0,0.0,6.0,0.0,0.0,0.0,0.0,0.0,0.0,16.0,5.0,0.0,0.0,0.0,0.0,0.0,0.0,16.0,16.0,,,food_interest,food,,,,,1.0,1.0,,,,,,
2.0,215.0,6.0,90.0,0.0,8.0,2.0,1.0,0.0,1.0,0.0,0.0,0.0,0.0,0.0,12.0,2.0,0.0,0.0,0.0,0.0,0.0,0.0,0.0,0.0,0.0,0.0,12.0,12.0,,,fashion_interest,fashion,1.0,1.0,,,,,,,,,,
2.0,401.5,9.0,200.0,0.0,10.0,0.0,8.0,0.0,0.0,0.0,0.0,0.0,0.0,0.0,0.0,0.0,0.0,0.0,0.0,0.0,18.0,0.0,0.0,0.0,0.0,0.0,18.0,18.0,,,education_interest,education,,,,,,,1.0,1.0,,,,
2.0,154.0,6.5,120.0,0.0,6.0,4.0,0.0,1.0,0.0,0.0,0.0,0.0,2.0,0.15384615384615385,0.0,0.0,13.0,4.0,0.0,0.0,0.0,0.0,0.0,0.0,0.0,0.0,13.0,13.0,,,crypto_interest,crypto,,,1.0,1.0,,,,,,,,
2.0,234.0,6.0,200.0,0.0,6.0,0.0,6.0,0.0,0.0,0.0,0.0,0.0,0.0,0.0,0.0,0.0,0.0,0.0,0.0,0.0,12.0,0.0,0.0,0.0,0.0,0.0,12.0,12.0,,,education_interest,education,,,,,,,1.0,1.0,,,,
1.0,245.0,7.0,0.0,0.0,3.0,0.0,0.0,0.0,0.0,0.0,0.0,0.0,0.0,0.0,0.0,0.0,0.0,0.0,0.0,0.0,0.0,0.0,0.0,0.0,0.0,0.0,7.0,7.0,,,general_interest,general,,,,,,,,,1.0,1.0,,
2.0,249.0,6.5,200.0,0.0,10.0,0.0,3.0,0.0,0.0,0.0,0.0,0.0,0.0,0.0,0.0,0.0,0.0,0.0,0.0,0.0,13.0,0.0,0.0,0.0,0.0,0.0,13.0,13.0,,,education_interest,education,,,,,,,1.0,1.0,,,,
2.0,163.0,4.5,0.0,0.0,1.0,2.0,0.0,5.0,0.0,0.0,0.0,0.0,1.0,0.1111111111111111,0.0,0.0,9.0,2.0,0.0,0.0,0.0,0.0,0.0,0.0,0.0,0.0,9.0,9.0,,,crypto_interest,crypto,,,1.0,1.0,,,,,,,,
2.0,235.0,7.0,90.0,0.0,2.0,5.0,4.0,0.0,3.0,0.0,0.0,0.0,0.0,0.0,14.0,5.0,0.0,0.0,0.0,0.0,0.0,0.0,0.0,0.0,0.0,0.0,14.0,14.0,,,fashion_interest,fashion,1.0,1.0,,,,,,,,,,
2.0,196.0,5.5,60.0,0.0,3.0,0.0,0.0,0.0,0.0,0.0,0.0,1.0,7.0,0.6363636363636364,0.0,0.0,0.0,0.0,0.0,0.0,0.0,0.0,0.0,0.0,11.0,0.0,11.0,11.0,1.0,1.0,fintech_interest,fintech,,,,,,,,,,,,
2.0,249.5,8.5,45.0,0.0,8.0,4.0,0.0,0.0,0.0,0.0,0.0,5.0,0.0,0.0,0.0,0.0,0.0,0.0,17.0,4.0,0.0,0.0,0.0,0.0,0.0,0.0,17.0,17.0,,,food_interest,food,,,,,1.0,1.0,,,,,,
2.0,102.0,5.5,60.0,0.0,2.0,0.0,0.0,0.0,0.0,0.0,0.0,7.0,2.0,0.18181818181818182,0.0,0.0,0.0,0.0,0.0,0.0,0.0,0.0,0.0,0.0,11.0,0.0,11.0,11.0,1.0,1.0,fintech_interest,fintech,,,,,,,,,,,,
2.0,264.0,7.5,300.0,0.0,2.0,0.0,9.0,0.0,0.0,0.0,4.0,0.0,0.0,0.0,0.0,0.0,0.0,0.0,0.0,0.0,0.0,0.0,15.0,0.0,0.0,0.0,15.0,15.0,,,gaming_interest,gaming,,,,,,,,,,,1.0,1.0
2.0,240.0,6.5,90.0,0.0,5.0,3.0,2.0,0.0,3.0,0.0,0.0,0.0,0.0,0.0,13.0,3.0,0.0,0.0,0.0,0.0,0.0,0.0,0.0,0.0,0.0,0.0,13.0,13.0,,,fashion_interest,fashion,1.0,1.0,,,,,,,,,,
2.0,163.0,5.0,120.0,0.0,3.0,2.0,0.0,4.0,0.0,0.0,0.0,0.0,1.0,0.1,0.0,0.0,10.0,2.0,0.0,0.0,0.0,0.0,0.0,0.0,0.0,0.0,10.0,10.0,,,crypto_interest,crypto,,,1.0,1.0,,,,,,,,
2.0,257.5,6.5,90.0,0.0,2.0,3.0,6.0,0.0,2.0,0.0,0.0,0.0,0.0,0.0,13.0,3.0,0.0,0.0,0.0,0.0,0.0,0.0,0.0,0.0,0.0,0.0,13.0,13.0,,,fashion_interest,fashion,1.0,1.0,,,,,,,,,,
2.0,185.0,7.0,120.0,0.0,6.0,2.0,0.0,1.0,0.0,0.0,0.0,0.0,5.0,0.35714285714285715,0.0,0.0,14.0,2.0,0.0,0.0,0.0,0.0,0.0,0.0,0.0,0.0,14.0,14.0,,,crypto_interest,crypto,,,1.0,1.0,,,,,,,,
1.0,69.0,5.0,0.0,0.0,4.0,0.0,0.0,0.0,0.0,0.0,0.0,0.0,0.0,0.0,0.0,0.0,0.0,0.0,0.0,0.0,0.0,0.0,0.0,0.0,0.0,0.0,5.0,5.0,,,general_interest,general,,,,,,,,,1.0,1.0,,
2.0,255.0,6.5,200.0,0.0,8.0,0.0,5.0,0.0,0.0,0.0,0.0,0.0,0.0,0.0,0.0,0.0,0.0,0.0,0.0,0.0,13.0,0.0,0.0,0.0,0.0,0.0,13.0,13.0,,,education_interest,education,,,,,,,1.0,1.0,,,,
2.0,208.5,5.5,300.0,0.0,3.0,0.0,5.0,0.0,0.0,0.0,3.0,0.0,0.0,0.0,0.0,0.0,0.0,0.0,0.0,0.0,0.0,0.0,11.0,0.0,0.0,0.0,11.0,11.0,,,gaming_interest,gaming,,,,,,,,,,,1.0,1.0
2.0,320.0,10.0,120.0,0.0,10.0,5.0,0.0,2.0,0.0,0.0,0.0,0.0,3.0,0.15,0.0,0.0,20.0,5.0,0.0,0.0,0.0,0.0,0.0,0.0,0.0,0.0,20.0,20.0,,,crypto_interest,crypto,,,1.0,1.0,,,,,,,,
2.0,222.0,5.5,45.0,0.0,4.0,4.0,0.0,0.0,0.0,0.0,0.0,3.0,0.0,0.0,0.0,0.0,0.0,0.0,11.0,4.0,0.0,0.0,0.0,0.0,0.0,0.0,11.0,11.0,,,food_interest,food,,,,,1.0,1.0,,,,,,
2.0,363.0,9.0,45.0,0.0,7.0,5.0,0.0,0.0,0.0,0.0,0.0,6.0,0.0,0.0,0.0,0.0,0.0,0.0,18.0,5.0,0.0,0.0,0.0,0.0,0.0,0.0,18.0,18.0,,,food_interest,food,,,,,1.0,1.0,,,,,,
2.0,306.0,7.5,0.0,0.0,0.0,0.0,10.0,0.0,0.0,0.0,5.0,0.0,0.0,0.0,0.0,0.0,0.0,0.0,0.0,0.0,0.0,0.0,15.0,0.0,0.0,0.0,15.0,15.0,,,gaming_interest,gaming,,,,,,,,,,,1.0,1.0
1.0,246.0,8.0,0.0,0.0,1.0,0.0,0.0,0.0,0.0,0.0,0.0,0.0,0.0,0.0,0.0,0.0,0.0,0.0,0.0,0.0,0.0,0.0,0.0,0.0,0.0,0.0,8.0,8.0,,,general_interest,general,,,,,,,,,1.0,1.0,,
2.0,399.5,9.0,300.0,0.0,5.0,0.0,9.0,0.0,0.0,0.0,4.0,0.0,0.0,0.0,0.0,0.0,0.0,0.0,0.0,0.0,0.0,0.0,18.0,0.0,0.0,0.0,18.0,18.0,,,gaming_interest,gaming,,,,,,,,,,,1.0,1.0
2.0,117.0,5.0,90.0,0.0,4.0,2.0,2.0,0.0,2.0,0.0,0.0,0.0,0.0,0.0,10.0,2.0,0.0,0.0,0.0,0.0,0.0,0.0,0.0,0.0,0.0,0.0,10.0,10.0,,,fashion_interest,fashion,1.0,1.0,,,,,,,,,,
2.0,322.0,8.0,200.0,0.0,11.0,0.0,5.0,0.0,0.0,0.0,0.0,0.0,0.0,0.0,0.0,0.0,0.0,0.0,0.0,0.0,16.0,0.0,0.0,0.0,0.0,0.0,16.0,16.0,,,education_interest,education,,,,,,,1.0,1.0,,,,
2.0,83.5,4.0,120.0,0.0,4.0,0.0,0.0,2.0,0.0,0.0,0.0,0.0,2.0,0.25,0.0,0.0,8.0,0.0,0.0,0.0,0.0,0.0,0.0,0.0,0.0,0.0,8.0,8.0,,,general_interest,crypto,,,1.0,1.0,,,,,,,,
2.0,289.5,7.5,60.0,0.0,5.0,0.0,0.0,0.0,0.0,0.0,0.0,5.0,5.0,0.3333333333333333,0.0,0.0,0.0,0.0,0.0,0.0,0.0,0.0,0.0,0.0,15.0,0.0,15.0,15.0,1.0,1.0,fintech_interest,fintech,,,,,,,,,,,,
2.0,314.0,7.5,90.0,0.0,3.0,2.0,4.0,0.0,6.0,0.0,0.0,0.0,0.0,0.0,15.0,2.0,0.0,0.0,0.0,0.0,0.0,0.0,0.0,0.0,0.0,0.0,15.0,15.0,,,fashion_interest,fashion,1.0,1.0,,,,,,,,,,
2.0,110.0,5.0,300.0,0.0,2.0,0.0,5.0,0.0,0.0,0.0,3.0,0.0,0.0,0.0,0.0,0.0,0.0,0.0,0.0,0.0,0.0,0.0,10.0,0.0,0.0,0.0,10.0,10.0,,,gaming_interest,gaming,,,,,,,,,,,1.0,1.0
2.0,320.0,8.5,60.0,0.0,8.0,0.0,0.0,0.0,0.0,0.0,0.0,5.0,4.0,0.23529411764705882,0.0,0.0,0.0,0.0,0.0,0.0,0.0,0.0,0.0,0.0,17.0,0.0,17.0,17.0,1.0,1.0,fintech_interest,fintech,,,,,,,,,,,,
2.0,389.0,10.0,200.0,0.0,14.0,0.0,6.0,0.0,0.0,0.0,0.0,0.0,0.0,0.0,0.0,0.0,0.0,0.0,0.0,0.0,20.0,0.0,0.0,0.0,0.0,0.0,20.0,20.0,,,education_interest,education,,,,,,,1.0,1.0,,,,
1.0,208.0,6.0,0.0,0.0,2.0,0.0,0.0,0.0,0.0,0.0,0.0,0.0,0.0,0.0,0.0,0.0,0.0,0.0,0.0,0.0,0.0,0.0,0.0,0.0,0.0,0.0,6.0,6.0,,,general_interest,general,,,,,,,,,1.0,1.0,,
2.0,259.0,8.0,300.0,0.0,5.0,0.0,8.0,0.0,0.0,0.0,3.0,0.0,0.0,0.0,0.0,0.0,0.0,0.0,0.0,0.0,0.0,0.0,16.0,0.0,0.0,0.0,16.0,16.0,,,gaming_interest,gaming,,,,,,,,,,,1.0,1.0
2.0,182.0,6.5,60.0,0.0,3.0,0.0,0.0,0.0,0.0,0.0,0.0,5.0,5.0,0.38461538461538464,0.0,0.0,0.0,0.0,0.0,0.0,0.0,0.0,0.0,0.0,13.0,0.0,13.0,13.0,1.0,1.0,fintech_interest,fintech,,,,,,,,,,,,
2.0,217.0,6.0,0.0,0.0,0.0,0.0,9.0,0.0,0.0,0.0,3.0,0.0,0.0,0.0,0.0,0.0,0.0,0.0,0.0,0.0,0.0,0.0,12.0,0.0,0.0,0.0,12.0,12.0,,,gaming_interest,gaming,,,,,,,,,,,1.0,1.0
2.0,258.0,7.5,200.0,0.0,9.0,0.0,6.0,0.0,0.0,0.0,0.0,0.0,0.0,0.0,0.0,0.0,0.0,0.0,0.0,0.0,15.0,0.0,0.0,0.0,0.0,0.0,15.0,15.0,,,education_interest,education,,,,,,,1.0,1.0,,,,
2.0,147.0,6.0,200.0,0.0,9.0,0.0,3.0,0.0,0.0,0.0,0.0,0.0,0.0,0.0,0.0,0.0,0.0,0.0,0.0,0.0,12.0,0.0,0.0,0.0,0.0,0.0,12.0,12.0,,,education_interest,education,,,,,,,1.0,1.0,,,,
2.0,313.0,8.0,45.0,0.0,7.0,6.0,0.0,0.0,0.0,0.0,0.0,3.0,0.0,0.0,0.0,0.0,0.0,0.0,16.0,6.0,0.0,0.0,0.0,0.0,0.0,0.0,16.0,16.0,,,food_interest,food,,,,,1.0,1.0,,,,,,
2.0,151.0,5.0,120.0,0.0,2.0,4.0,0.0,3.0,0.0,0.0,0.0,0.0,1.0,0.1,0.0,0.0,10.0,4.0,0.0,0.0,0.0,0.0,0.0,0.0,0.0,0.0,10.0,10.0,,,crypto_interest,crypto,,,1.0,1.0,,,,,,,,
2.0,256.5,8.5,120.0,0.0,4.0,2.0,0.0,8.0,0.0,0.0,0.0,0.0,3.0,0.17647058823529413,0.0,0.0,17.0,2.0,0.0,0.0,0.0,0.0,0.0,0.0,0.0,0.0,17.0,17.0,,,crypto_interest,crypto,,,1.0,1.0,,,,,,,,
2.0,211.0,7.5,90.0,0.0,2.0,3.0,3.0,0.0,7.0,0.0,0.0,0.0,0.0,0.0,15.0,3.0,0.0,0.0,0.0,0.0,0.0,0.0,0.0,0.0,0.0,0.0,15.0,15.0,,,fashion_interest,fashion,1.0,1.0,,,,,,,,,,
2.0,213.5,5.0,45.0,0.0,5.0,1.0,0.0,0.0,0.0,0.0,0.0,4.0,0.0,0.0,0.0,0.0,0.0,0.0,10.0,1.0,0.0,0.0,0.0,0.0,0.0,0.0,10.0,10.0,,,food_interest,food,,,,,1.0,1.0,,,,,,
2.0,188.0,6.0,60.0,0.0,4.0,0.0,0.0,0.0,0.0,0.0,0.0,3.0,5.0,0.4166666666666667,0.0,0.0,0.0,0.0,0.0,0.0,0.0,0.0,0.0,0.0,12.0,0.0,12.0,12.0,1.0,1.0,fintech_interest,fintech,,,,,,,,,,,,
2.0,324.0,7.5,45.0,0.0,10.0,3.0,0.0,0.0,0.0,0.0,0.0,2.0,0.0,0.0,0.0,0.0,0.0,0.0,15.0,3.0,0.0,0.0,0.0,0.0,0.0,0.0,15.0,15.0,,,food_interest,food,,,,,1.0,1.0,,,,,,
1.0,42.0,4.0,0.0,0.0,2.0,0.0,0.0,0.0,0.0,0.0,0.0,0.0,0.0,0.0,0.0,0.0,0.0,0.0,0.0,0.0,0.0,0.0,0.0,0.0,0.0,0.0,4.0,4.0,,,general_interest,general,,,,,,,,,1.0,1.0,,
1.0,200.0,5.0,0.0,0.0,2.0,0.0,0.0,0.0,0.0,0.0,0.0,0.0,0.0,0.0,0.0,0.0,0.0,0.0,0.0,0.0,0.0,0.0,0.0,0.0,0.0,0.0,5.0,5.0,,,general_interest,general,,,,,,,,,1.0,1.0,,
2.0,381.0,8.0,120.0,0.0,3.0,1.0,0.0,7.0,0.0,0.0,0.0,0.0,5.0,0.3125,0.0,0.0,16.0,1.0,0.0,0.0,0.0,0.0,0.0,0.0,0.0,0.0,16.0,16.0,,,general_interest,crypto,,,1.0,1.0,,,,,,,,
2.0,164.0,5.5,200.0,0.0,8.0,0.0,3.0,0.0,0.0,0.0,0.0,0.0,0.0,0.0,0.0,0.0,0.0,0.0,0.0,0.0,11.0,0.0,0.0,0.0,0.0,0.0,11.0,11.0,,,education_interest,education,,,,,,,1.0,1.0,,,,
1.0,300.0,8.0,0.0,0.0,5.0,0.0,0.0,0.0,0.0,0.0,0.0,0.0,0.0,0.0,0.0,0.0,0.0,0.0,0.0,0.0,0.0,0.0,0.0,0.0,0.0,0.0,8.0,8.0,,,general_interest,general,,,,,,,,,1.0,1.0,,
2.0,163.0,7.5,90.0,0.0,2.0,5.0,3.0,0.0,5.0,0.0,0.0,0.0,0.0,0.0,15.0,5.0,0.0,0.0,0.0,0.0,0.0,0.0,0.0,0.0,0.0,0.0,15.0,15.0,,,fashion_interest,fashion,1.0,1.0,,,,,,,,,,
2.0,202.5,6.0,120.0,0.0,4.0,0.0,0.0,2.0,0.0,0.0,0.0,0.0,6.0,0.5,0.0,0.0,12.0,0.0,0.0,0.0,0.0,0.0,0.0,0.0,0.0,0.0,12.0,12.0,,,general_interest,crypto,,,1.0,1.0,,,,,,,,
2.0,247.5,6.5,120.0,0.0,5.0,5.0,0.0,2.0,0.0,0.0,0.0,0.0,1.0,0.07692307692307693,0.0,0.0,13.0,5.0,0.0,0.0,0.0,0.0,0.0,0.0,0.0,0.0,13.0,13.0,,,crypto_interest,crypto,,,1.0,1.0,,,,,,,,
2.0,304.5,7.5,300.0,0.0,4.0,0.0,7.0,0.0,0.0,0.0,4.0,0.0,0.0,0.0,0.0,0.0,0.0,0.0,0.0,0.0,0.0,0.0,15.0,0.0,0.0,0.0,15.0,15.0,,,gaming_interest,gaming,,,,,,,,,,,1.0,1.0
1.0,90.0,4.0,0.0,0.0,3.0,0.0,0.0,0.0,0.0,0.0,0.0,0.0,0.0,0.0,0.0,0.0,0.0,0.0,0.0,0.0,0.0,0.0,0.0,0.0,0.0,0.0,4.0,4.0,,,general_interest,general,,,,,,,,,1.0,1.0,,
2.0,257.5,8.5,120.0,0.0,7.0,4.0,0.0,5.0,0.0,0.0,0.0,0.0,1.0,0.058823529411764705,0.0,0.0,17.0,4.0,0.0,0.0,0.0,0.0,0.0,0.0,0.0,0.0,17.0,17.0,,,crypto_interest,crypto,,,1.0,1.0,,,,,,,,
2.0,109.0,6.0,200.0,0.0,9.0,0.0,3.0,0.0,0.0,0.0,0.0,0.0,0.0,0.0,0.0,0.0,0.0,0.0,0.0,0.0,12.0,0.0,0.0,0.0,0.0,0.0,12.0,12.0,,,education_interest,education,,,,,,,1.0,1.0,,,,
1.0,384.0,9.0,0.0,0.0,2.0,0.0,0.0,0.0,0.0,0.0,0.0,0.0,0.0,0.0,0.0,0.0,0.0,0.0,0.0,0.0,0.0,0.0,0.0,0.0,0.0,0.0,9.0,9.0,,,general_interest,general,,,,,,,,,1.0,1.0,,
2.0,278.5,8.0,60.0,0.0,7.0,0.0,0.0,0.0,0.0,0.0,0.0,5.0,4.0,0.25,0.0,0.0,0.0,0.0,0.0,0.0,0.0,0.0,0.0,0.0,16.0,0.0,16.0,16.0,1.0,1.0,fintech_interest,fintech,,,,,,,,,,,,
2.0,332.0,9.5,60.0,0.0,8.0,0.0,0.0,0.0,0.0,0.0,0.0,4.0,7.0,0.3684210526315789,0.0,0.0,0.0,0.0,0.0,0.0,0.0,0.0,0.0,0.0,19.0,0.0,19.0,19.0,1.0,1.0,fintech_interest,fintech,,,,,,,,,,,,
2.0,119.0,4.5,90.0,0.0,3.0,3.0,2.0,0.0,1.0,0.0,0.0,0.0,0.0,0.0,9.0,3.0,0.0,0.0,0.0,0.0,0.0,0.0,0.0,0.0,0.0,0.0,9.0,9.0,,,fashion_interest,fashion,1.0,1.0,,,,,,,,,,
2.0,169.0,6.0,90.0,0.0,1.0,4.0,3.0,0.0,4.0,0.0,0.0,0.0,0.0,0.0,12.0,4.0,0.0,0.0,0.0,0.0,0.0,0.0,0.0,0.0,0.0,0.0,12.0,12.0,,,fashion_interest,fashion,1.0,1.0,,,,,,,,,,
2.0,272.0,8.0,200.0,0.0,8.0,0.0,8.0,0.0,0.0,0.0,0.0,0.0,0.0,0.0,0.0,0.0,0.0,0.0,0.0,0.0,16.0,0.0,0.0,0.0,0.0,0.0,16.0,16.0,,,education_interest,education,,,,,,,1.0,1.0,,,,
2.0,114.5,5.0,300.0,0.0,2.0,0.0,5.0,0.0,0.0,0.0,3.0,0.0,0.0,0.0,0.0,0.0,0.0,0.0,0.0,0.0,0.0,0.0,10.0,0.0,0.0,0.0,10.0,10.0,,,gaming_interest,gaming,,,,,,,,,,,1.0,1.0
2.0,307.5,6.5,45.0,0.0,6.0,4.0,0.0,0.0,0.0,0.0,0.0,3.0,0.0,0.0,0.0,0.0,0.0,0.0,13.0,4.0,0.0,0.0,0.0,0.0,0.0,0.0,13.0,13.0,,,food_interest,food,,,,,1.0,1.0,,,,,,
1.0,357.0,9.0,0.0,0.0,1.0,0.0,0.0,0.0,0.0,0.0,0.0,0.0,0.0,0.0,0.0,0.0,0.0,0.0,0.0,0.0,0.0,0.0,0.0,0.0,0.0,0.0,9.0,9.0,,,general_interest,general,,,,,,,,,1.0,1.0,,
2.0,217.5,7.0,300.0,0.0,4.0,0.0,9.0,0.0,0.0,0.0,1.0,0.0,0.0,0.0,0.0,0.0,0.0,0.0,0.0,0.0,0.0,0.0,14.0,0.0,0.0,0.0,14.0,14.0,,,gaming_interest,gaming,,,,,,,,,,,1.0,1.0
2.0,360.0,10.0,90.0,0.0,8.0,6.0,3.0,0.0,3.0,0.0,0.0,0.0,0.0,0.0,20.0,6.0,0.0,0.0,0.0,0.0,0.0,0.0,0.0,0.0,0.0,0.0,20.0,20.0,,,fashion_interest,fashion,1.0,1.0,,,,,,,,,,
2.0,345.5,8.5,45.0,0.0,3.0,8.0,0.0,0.0,0.0,0.0,0.0,6.0,0.0,0.0,0.0,0.0,0.0,0.0,17.0,8.0,0.0,0.0,0.0,0.0,0.0,0.0,17.0,17.0,,,food_interest,food,,,,,1.0,1.0,,,,,,
2.0,356.5,8.0,60.0,0.0,5.0,0.0,0.0,0.0,0.0,0.0,0.0,7.0,4.0,0.25,0.0,0.0,0.0,0.0,0.0,0.0,0.0,0.0,0.0,0.0,16.0,0.0,16.0,16.0,1.0,1.0,fintech_interest,fintech,,,,,,,,,,,,
2.0,279.0,8.0,200.0,0.0,13.0,0.0,3.0,0.0,0.0,0.0,0.0,0.0,0.0,0.0,0.0,0.0,0.0,0.0,0.0,0.0,16.0,0.0,0.0,0.0,0.0,0.0,16.0,16.0,,,education_interest,education,,,,,,,1.0,1.0,,,,
1.0,54.0,4.0,0.0,0.0,2.0,0.0,0.0,0.0,0.0,0.0,0.0,0.0,0.0,0.0,0.0,0.0,0.0,0.0,0.0,0.0,0.0,0.0,0.0,0.0,0.0,0.0,4.0,4.0,,,general_interest,general,,,,,,,,,1.0,1.0,,
2.0,87.5,6.0,300.0,0.0,5.0,0.0,6.0,0.0,0.0,0.0,1.0,0.0,0.0,0.0,0.0,0.0,0.0,0.0,0.0,0.0,0.0,0.0,12.0,0.0,0.0,0.0,12.0,12.0,,,gaming_interest,gaming,,,,,,,,,,,1.0,1.0
2.0,252.0,7.5,200.0,0.0,11.0,0.0,4.0,0.0,0.0,0.0,0.0,0.0,0.0,0.0,0.0,0.0,0.0,0.0,0.0,0.0,15.0,0.0,0.0,0.0,0.0,0.0,15.0,15.0,,,education_interest,education,,,,,,,1.0,1.0,,,,
2.0,367.5,8.5,300.0,0.0,3.0,0.0,9.0,0.0,0.0,0.0,5.0,0.0,0.0,0.0,0.0,0.0,0.0,0.0,0.0,0.0,0.0,0.0,17.0,0.0,0.0,0.0,17.0,17.0,,,gaming_interest,gaming,,,,,,,,,,,1.0,1.0
2.0,87.0,4.5,90.0,0.0,5.0,0.0,3.0,0.0,1.0,0.0,0.0,0.0,0.0,0.0,9.0,0.0,0.0,0.0,0.0,0.0,0.0,0.0,0.0,0.0,0.0,0.0,9.0,9.0,,,fashion_interest,fashion,1.0,1.0,,,,,,,,,,
2.0,232.5,7.0,90.0,0.0,1.0,3.0,6.0,0.0,4.0,0.0,0.0,0.0,0.0,0.0,14.0,3.0,0.0,0.0,0.0,0.0,0.0,0.0,0.0,0.0,0.0,0.0,14.0,14.0,,,fashion_interest,fashion,1.0,1.0,,,,,,,,,,
1.0,324.0,10.0,0.0,0.0,2.0,0.0,0.0,0.0,0.0,0.0,0.0,0.0,0.0,0.0,0.0,0.0,0.0,0.0,0.0,0.0,0.0,0.0,0.0,0.0,0.0,0.0,10.0,10.0,,,general_interest,general,,,,,,,,,1.0,1.0,,
2.0,211.0,6.5,45.0,0.0,4.0,7.0,0.0,0.0,0.0,0.0,0.0,2.0,0.0,0.0,0.0,0.0,0.0,0.0,13.0,7.0,0.0,0.0,0.0,0.0,0.0,0.0,13.0,13.0,,,food_interest,food,,,,,1.0,1.0,,,,,,
2.0,291.5,9.0,45.0,0.0,3.0,5.0,0.0,0.0,0.0,0.0,0.0,10.0,0.0,0.0,0.0,0.0,0.0,0.0,18.0,5.0,0.0,0.0,0.0,0.0,0.0,0.0,18.0,18.0,,,food_interest,food,,,,,1.0,1.0,,,,,,
2.0,255.5,7.5,120.0,0.0,6.0,4.0,0.0,4.0,0.0,0.0,0.0,0.0,1.0,0.06666666666666667,0.0,0.0,15.0,4.0,0.0,0.0,0.0,0.0,0.0,0.0,0.0,0.0,15.0,15.0,,,crypto_interest,crypto,,,1.0,1.0,,,,,,,,
2.0,251.0,8.0,90.0,0.0,6.0,2.0,3.0,0.0,5.0,0.0,0.0,0.0,0.0,0.0,16.0,2.0,0.0,0.0,0.0,0.0,0.0,0.0,0.0,0.0,0.0,0.0,16.0,16.0,,,fashion_interest,fashion,1.0,1.0,,,,,,,,,,
2.0,205.0,6.0,120.0,0.0,4.0,3.0,0.0,3.0,0.0,0.0,0.0,0.0,2.0,0.16666666666666666,0.0,0.0,12.0,3.0,0.0,0.0,0.0,0.0,0.0,0.0,0.0,0.0,12.0,12.0,,,crypto_interest,crypto,,,1.0,1.0,,,,,,,,
2.0,187.0,6.5,300.0,0.0,3.0,0.0,8.0,0.0,0.0,0.0,2.0,0.0,0.0,0.0,0.0,0.0,0.0,0.0,0.0,0.0,0.0,0.0,13.0,0.0,0.0,0.0,13.0,13.0,,,gaming_interest,gaming,,,,,,,,,,,1.0,1.0
2.0,121.0,5.0,200.0,0.0,8.0,0.0,2.0,0.0,0.0,0.0,0.0,0.0,0.0,0.0,0.0,0.0,0.0,0.0,0.0,0.0,10.0,0.0,0.0,0.0,0.0,0.0,10.0,10.0,,,education_interest,education,,,,,,,1.0,1.0,,,,
2.0,307.0,8.0,120.0,0.0,3.0,4.0,0.0,5.0,0.0,0.0,0.0,0.0,4.0,0.25,0.0,0.0,16.0,4.0,0.0,0.0,0.0,0.0,0.0,0.0,0.0,0.0,16.0,16.0,,,crypto_interest,crypto,,,1.0,1.0,,,,,,,,
2.0,332.0,7.0,45.0,0.0,4.0,3.0,0.0,0.0,0.0,0.0,0.0,7.0,0.0,0.0,0.0,0.0,0.0,0.0,14.0,3.0,0.0,0.0,0.0,0.0,0.0,0.0,14.0,14.0,,,food_interest,food,,,,,1.0,1.0,,,,,,
1.0,156.0,5.0,0.0,0.0,0.0,0.0,0.0,0.0,0.0,0.0,0.0,0.0,0.0,0.0,0.0,0.0,0.0,0.0,0.0,0.0,0.0,0.0,0.0,0.0,0.0,0.0,5.0,5.0,,,general_interest,general,,,,,,,,,1.0,1.0,,
2.0,156.0,5.0,120.0,0.0,5.0,2.0,0.0,1.0,0.0,0.0,0.0,0.0,2.0,0.2,0.0,0.0,10.0,2.0,0.0,0.0,0.0,0.0,0.0,0.0,0.0,0.0,10.0,10.0,,,crypto_interest,crypto,,,1.0,1.0,,,,,,,,
2.0,241.5,6.0,90.0,0.0,6.0,4.0,2.0,0.0,0.0,0.0,0.0,0.0,0.0,0.0,12.0,4.0,0.0,0.0,0.0,0.0,0.0,0.0,0.0,0.0,0.0,0.0,12.0,12.0,,,fashion_interest,fashion,1.0,1.0,,,,,,,,,,
1.0,104.0,4.0,0.0,0.0,1.0,0.0,0.0,0.0,0.0,0.0,0.0,0.0,0.0,0.0,0.0,0.0,0.0,0.0,0.0,0.0,0.0,0.0,0.0,0.0,0.0,0.0,4.0,4.0,,,general_interest,general,,,,,,,,,1.0,1.0,,
2.0,151.5,5.0,60.0,0.0,1.0,0.0,0.0,0.0,0.0,0.0,0.0,5.0,4.0,0.4,0.0,0.0,0.0,0.0,0.0,0.0,0.0,0.0,0.0,0.0,10.0,0.0,10.0,10.0,1.0,1.0,fintech_interest,fintech,,,,,,,,,,,,
2.0,309.5,9.5,300.0,0.0,6.0,0.0,8.0,0.0,0.0,0.0,5.0,0.0,0.0,0.0,0.0,0.0,0.0,0.0,0.0,0.0,0.0,0.0,19.0,0.0,0.0,0.0,19.0,19.0,,,gaming_interest,gaming,,,,,,,,,,,1.0,1.0
2.0,175.5,5.5,120.0,0.0,4.0,1.0,0.0,3.0,0.0,0.0,0.0,0.0,3.0,0.2727272727272727,0.0,0.0,11.0,1.0,0.0,0.0,0.0,0.0,0.0,0.0,0.0,0.0,11.0,11.0,,,general_interest,crypto,,,1.0,1.0,,,,,,,,
2.0,302.5,7.5,300.0,0.0,5.0,0.0,8.0,0.0,0.0,0.0,2.0,0.0,0.0,0.0,0.0,0.0,0.0,0.0,0.0,0.0,0.0,0.0,15.0,0.0,0.0,0.0,15.0,15.0,,,gaming_interest,gaming,,,,,,,,,,,1.0,1.0
2.0,204.0,5.5,120.0,0.0,4.0,3.0,0.0,1.0,0.0,0.0,0.0,0.0,3.0,0.2727272727272727,0.0,0.0,11.0,3.0,0.0,0.0,0.0,0.0,0.0,0.0,0.0,0.0,11.0,11.0,,,crypto_interest,crypto,,,1.0,1.0,,,,,,,,
2.0,138.0,7.0,45.0,0.0,4.0,5.0,0.0,0.0,0.0,0.0,0.0,5.0,0.0,0.0,0.0,0.0,0.0,0.0,14.0,5.0,0.0,0.0,0.0,0.0,0.0,0.0,14.0,14.0,,,food_interest,food,,,,,1.0,1.0,,,,,,
2.0,192.0,5.5,200.0,0.0,7.0,0.0,4.0,0.0,0.0,0.0,0.0,0.0,0.0,0.0,0.0,0.0,0.0,0.0,0.0,0.0,11.0,0.0,0.0,0.0,0.0,0.0,11.0,11.0,,,education_interest,education,,,,,,,1.0,1.0,,,,
2.0,320.0,7.0,60.0,0.0,3.0,0.0,0.0,0.0,0.0,0.0,0.0,6.0,5.0,0.35714285714285715,0.0,0.0,0.0,0.0,0.0,0.0,0.0,0.0,0.0,0.0,14.0,0.0,14.0,14.0,1.0,1.0,fintech_interest,fintech,,,,,,,,,,,,
2.0,292.0,8.0,90.0,0.0,8.0,1.0,3.0,0.0,4.0,0.0,0.0,0.0,0.0,0.0,16.0,1.0,0.0,0.0,0.0,0.0,0.0,0.0,0.0,0.0,0.0,0.0,16.0,16.0,,,fashion_interest,fashion,1.0,1.0,,,,,,,,,,
2.0,374.5,9.5,300.0,0.0,7.0,0.0,8.0,0.0,0.0,0.0,4.0,0.0,0.0,0.0,0.0,0.0,0.0,0.0,0.0,0.0,0.0,0.0,19.0,0.0,0.0,0.0,19.0,19.0,,,gaming_interest,gaming,,,,,,,,,,,1.0,1.0
2.0,264.0,7.5,120.0,0.0,5.0,5.0,0.0,1.0,0.0,0.0,0.0,0.0,4.0,0.26666666666666666,0.0,0.0,15.0,5.0,0.0,0.0,0.0,0.0,0.0,0.0,0.0,0.0,15.0,15.0,,,crypto_interest,crypto,,,1.0,1.0,,,,,,,,
2.0,293.5,8.5,45.0,0.0,5.0,4.0,0.0,0.0,0.0,0.0,0.0,8.0,0.0,0.0,0.0,0.0,0.0,0.0,17.0,4.0,0.0,0.0,0.0,0.0,0.0,0.0,17.0,17.0,,,food_interest,food,,,,,1.0,1.0,,,,,,
2.0,326.0,8.0,90.0,0.0,4.0,1.0,7.0,0.0,4.0,0.0,0.0,0.0,0.0,0.0,16.0,1.0,0.0,0.0,0.0,0.0,0.0,0.0,0.0,0.0,0.0,0.0,16.0,16.0,,,fashion_interest,fashion,1.0,1.0,,,,,,,,,,
2.0,360.5,8.5,90.0,0.0,7.0,4.0,4.0,0.0,2.0,0.0,0.0,0.0,0.0,0.0,17.0,4.0,0.0,0.0,0.0,0.0,0.0,0.0,0.0,0.0,0.0,0.0,17.0,17.0,,,fashion_interest,fashion,1.0,1.0,,,,,,,,,,
2.0,339.5,8.5,45.0,0.0,2.0,4.0,0.0,0.0,0.0,0.0,0.0,11.0,0.0,0.0,0.0,0.0,0.0,0.0,17.0,4.0,0.0,0.0,0.0,0.0,0.0,0.0,17.0,17.0,,,food_interest,food,,,,,1.0,1.0,,,,,,
2.0,275.0,7.0,300.0,0.0,4.0,0.0,8.0,0.0,0.0,0.0,2.0,0.0,0.0,0.0,0.0,0.0,0.0,0.0,0.0,0.0,0.0,0.0,14.0,0.0,0.0,0.0,14.0,14.0,,,gaming_interest,gaming,,,,,,,,,,,1.0,1.0
2.0,190.0,5.0,200.0,0.0,5.0,0.0,5.0,0.0,0.0,0.0,0.0,0.0,0.0,0.0,0.0,0.0,0.0,0.0,0.0,0.0,10.0,0.0,0.0,0.0,0.0,0.0,10.0,10.0,,,education_interest,education,,,,,,,1.0,1.0,,,,
2.0,261.0,7.5,45.0,0.0,4.0,4.0,0.0,0.0,0.0,0.0,0.0,7.0,0.0,0.0,0.0,0.0,0.0,0.0,15.0,4.0,0.0,0.0,0.0,0.0,0.0,0.0,15.0,15.0,,,food_interest,food,,,,,1.0,1.0,,,,,,
2.0,199.0,4.5,45.0,0.0,2.0,4.0,0.0,0.0,0.0,0.0,0.0,3.0,0.0,0.0,0.0,0.0,0.0,0.0,9.0,4.0,0.0,0.0,0.0,0.0,0.0,0.0,9.0,9.0,,,food_interest,food,,,,,1.0,1.0,,,,,,
2.0,182.5,5.0,300.0,0.0,2.0,0.0,7.0,0.0,0.0,0.0,1.0,0.0,0.0,0.0,0.0,0.0,0.0,0.0,0.0,0.0,0.0,0.0,10.0,0.0,0.0,0.0,10.0,10.0,,,gaming_interest,gaming,,,,,,,,,,,1.0,1.0
2.0,181.5,5.5,200.0,0.0,8.0,0.0,3.0,0.0,0.0,0.0,0.0,0.0,0.0,0.0,0.0,0.0,0.0,0.0,0.0,0.0,11.0,0.0,0.0,0.0,0.0,0.0,11.0,11.0,,,education_interest,education,,,,,,,1.0,1.0,,,,
2.0,180.0,6.0,300.0,0.0,2.0,0.0,7.0,0.0,0.0,0.0,3.0,0.0,0.0,0.0,0.0,0.0,0.0,0.0,0.0,0.0,0.0,0.0,12.0,0.0,0.0,0.0,12.0,12.0,,,gaming_interest,gaming,,,,,,,,,,,1.0,1.0
2.0,270.0,8.0,60.0,0.0,7.0,0.0,0.0,0.0,0.0,0.0,0.0,3.0,6.0,0.375,0.0,0.0,0.0,0.0,0.0,0.0,0.0,0.0,0.0,0.0,16.0,0.0,16.0,16.0,1.0,1.0,fintech_interest,fintech,,,,,,,,,,,,
2.0,233.5,8.5,90.0,0.0,6.0,4.0,4.0,0.0,3.0,0.0,0.0,0.0,0.0,0.0,17.0,4.0,0.0,0.0,0.0,0.0,0.0,0.0,0.0,0.0,0.0,0.0,17.0,17.0,,,fashion_interest,fashion,1.0,1.0,,,,,,,,,,
2.0,206.0,7.5,120.0,0.0,9.0,1.0,0.0,3.0,0.0,0.0,0.0,0.0,2.0,0.13333333333333333,0.0,0.0,15.0,1.0,0.0,0.0,0.0,0.0,0.0,0.0,0.0,0.0,15.0,15.0,,,general_interest,crypto,,,1.0,1.0,,,,,,,,
2.0,332.0,8.0,200.0,0.0,10.0,0.0,6.0,0.0,0.0,0.0,0.0,0.0,0.0,0.0,0.0,0.0,0.0,0.0,0.0,0.0,16.0,0.0,0.0,0.0,0.0,0.0,16.0,16.0,,,education_interest,education,,,,,,,1.0,1.0,,,,
1.0,104.0,5.0,0.0,0.0,1.0,0.0,0.0,0.0,0.0,0.0,0.0,0.0,0.0,0.0,0.0,0.0,0.0,0.0,0.0,0.0,0.0,0.0,0.0,0.0,0.0,0.0,5.0,5.0,,,general_interest,general,,,,,,,,,1.0,1.0,,
2.0,385.5,9.0,90.0,0.0,4.0,4.0,5.0,0.0,5.0,0.0,0.0,0.0,0.0,0.0,18.0,4.0,0.0,0.0,0.0,0.0,0.0,0.0,0.0,0.0,0.0,0.0,18.0,18.0,,,fashion_interest,fashion,1.0,1.0,,,,,,,,,,
2.0,165.0,4.5,200.0,0.0,5.0,0.0,4.0,0.0,0.0,0.0,0.0,0.0,0.0,0.0,0.0,0.0,0.0,0.0,0.0,0.0,9.0,0.0,0.0,0.0,0.0,0.0,9.0,9.0,,,education_interest,education,,,,,,,1.0,1.0,,,,
2.0,319.0,7.5,300.0,0.0,4.0,0.0,9.0,0.0,0.0,0.0,2.0,0.0,0.0,0.0,0.0,0.0,0.0,0.0,0.0,0.0,0.0,0.0,15.0,0.0,0.0,0.0,15.0,15.0,,,gaming_interest,gaming,,,,,,,,,,,1.0,1.0
1.0,87.0,4.0,0.0,0.0,1.0,0.0,0.0,0.0,0.0,0.0,0.0,0.0,0.0,0.0,0.0,0.0,0.0,0.0,0.0,0.0,0.0,0.0,0.0,0.0,0.0,0.0,4.0,4.0,,,general_interest,general,,,,,,,,,1.0,1.0,,
2.0,176.5,4.5,200.0,0.0,7.0,0.0,2.0,0.0,0.0,0.0,0.0,0.0,0.0,0.0,0.0,0.0,0.0,0.0,0.0,0.0,9.0,0.0,0.0,0.0,0.0,0.0,9.0,9.0,,,education_interest,education,,,,,,,1.0,1.0,,,,
2.0,324.0,8.5,300.0,0.0,4.0,0.0,10.0,0.0,0.0,0.0,3.0,0.0,0.0,0.0,0.0,0.0,0.0,0.0,0.0,0.0,0.0,0.0,17.0,0.0,0.0,0.0,17.0,17.0,,,gaming_interest,gaming,,,,,,,,,,,1.0,1.0
2.0,425.0,10.0,90.0,0.0,1.0,8.0,6.0,0.0,5.0,0.0,0.0,0.0,0.0,0.0,20.0,8.0,0.0,0.0,0.0,0.0,0.0,0.0,0.0,0.0,0.0,0.0,20.0,20.0,,,fashion_interest,fashion,1.0,1.0,,,,,,,,,,
2.0,202.5,5.5,300.0,0.0,1.0,0.0,7.0,0.0,0.0,0.0,3.0,0.0,0.0,0.0,0.0,0.0,0.0,0.0,0.0,0.0,0.0,0.0,11.0,0.0,0.0,0.0,11.0,11.0,,,gaming_interest,gaming,,,,,,,,,,,1.0,1.0
2.0,250.5,7.5,45.0,0.0,4.0,5.0,0.0,0.0,0.0,0.0,0.0,6.0,0.0,0.0,0.0,0.0,0.0,0.0,15.0,5.0,0.0,0.0,0.0,0.0,0.0,0.0,15.0,15.0,,,food_interest,food,,,,,1.0,1.0,,,,,,
2.0,233.0,8.0,120.0,0.0,8.0,3.0,0.0,3.0,0.0,0.0,0.0,0.0,2.0,0.125,0.0,0.0,16.0,3.0,0.0,0.0,0.0,0.0,0.0,0.0,0.0,0.0,16.0,16.0,,,crypto_interest,crypto,,,1.0,1.0,,,,,,,,
1.0,215.0,6.0,0.0,0.0,2.0,0.0,0.0,0.0,0.0,0.0,0.0,0.0,0.0,0.0,0.0,0.0,0.0,0.0,0.0,0.0,0.0,0.0,0.0,0.0,0.0,0.0,6.0,6.0,,,general_interest,general,,,,,,,,,1.0,1.0,,
2.0,342.5,10.0,60.0,0.0,4.0,0.0,0.0,0.0,0.0,0.0,0.0,4.0,12.0,0.6,0.0,0.0,0.0,0.0,0.0,0.0,0.0,0.0,0.0,0.0,20.0,0.0,20.0,20.0,1.0,1.0,fintech_interest,fintech,,,,,,,,,,,,
2.0,311.0,7.5,45.0,0.0,6.0,3.0,0.0,0.0,0.0,0.0,0.0,6.0,0.0,0.0,0.0,0.0,0.0,0.0,15.0,3.0,0.0,0.0,0.0,0.0,0.0,0.0,15.0,15.0,,,food_interest,food,,,,,1.0,1.0,,,,,,
2.0,156.0,4.5,90.0,0.0,1.0,3.0,3.0,0.0,2.0,0.0,0.0,0.0,0.0,0.0,9.0,3.0,0.0,0.0,0.0,0.0,0.0,0.0,0.0,0.0,0.0,0.0,9.0,9.0,,,fashion_interest,fashion,1.0,1.0,,,,,,,,,,
2.0,256.0,6.5,120.0,0.0,4.0,0.0,0.0,5.0,0.0,0.0,0.0,0.0,4.0,0.3076923076923077,0.0,0.0,13.0,0.0,0.0,0.0,0.0,0.0,0.0,0.0,0.0,0.0,13.0,13.0,,,general_interest,crypto,,,1.0,1.0,,,,,,,,
2.0,228.0,7.5,60.0,0.0,8.0,0.0,0.0,0.0,0.0,0.0,0.0,6.0,1.0,0.06666666666666667,0.0,0.0,0.0,0.0,0.0,0.0,0.0,0.0,0.0,0.0,15.0,0.0,15.0,15.0,1.0,1.0,fintech_interest,fintech,,,,,,,,,,,,
2.0,209.0,6.0,0.0,0.0,2.0,3.0,0.0,4.0,0.0,0.0,0.0,0.0,3.0,0.25,0.0,0.0,12.0,3.0,0.0,0.0,0.0,0.0,0.0,0.0,0.0,0.0,12.0,12.0,,,crypto_interest,crypto,,,1.0,1.0,,,,,,,,
2.0,153.0,7.0,60.0,0.0,1.0,0.0,0.0,0.0,0.0,0.0,0.0,7.0,6.0,0.42857142857142855,0.0,0.0,0.0,0.0,0.0,0.0,0.0,0.0,0.0,0.0,14.0,0.0,14.0,14.0,1.0,1.0,fintech_interest,fintech,,,,,,,,,,,,
2.0,139.0,4.0,0.0,0.0,0.0,0.0,6.0,0.0,2.0,0.0,0.0,0.0,0.0,0.0,8.0,0.0,0.0,0.0,0.0,0.0,0.0,0.0,0.0,0.0,0.0,0.0,8.0,8.0,,,fashion_interest,fashion,1.0,1.0,,,,,,,,,,
2.0,404.0,8.5,0.0,0.0,5.0,4.0,0.0,5.0,0.0,0.0,0.0,0.0,3.0,0.17647058823529413,0.0,0.0,17.0,4.0,0.0,0.0,0.0,0.0,0.0,0.0,0.0,0.0,17.0,17.0,,,crypto_interest,crypto,,,1.0,1.0,,,,,,,,
2.0,197.0,5.5,90.0,0.0,4.0,2.0,2.0,0.0,3.0,0.0,0.0,0.0,0.0,0.0,11.0,2.0,0.0,0.0,0.0,0.0,0.0,0.0,0.0,0.0,0.0,0.0,11.0,11.0,,,fashion_interest,fashion,1.0,1.0,,,,,,,,,,
2.0,308.0,7.0,120.0,0.0,6.0,3.0,0.0,1.0,0.0,0.0,0.0,0.0,4.0,0.2857142857142857,0.0,0.0,14.0,3.0,0.0,0.0,0.0,0.0,0.0,0.0,0.0,0.0,14.0,14.0,,,crypto_interest,crypto,,,1.0,1.0,,,,,,,,
2.0,206.0,7.0,300.0,0.0,3.0,0.0,8.0,0.0,0.0,0.0,3.0,0.0,0.0,0.0,0.0,0.0,0.0,0.0,0.0,0.0,0.0,0.0,14.0,0.0,0.0,0.0,14.0,14.0,,,gaming_interest,gaming,,,,,,,,,,,1.0,1.0
1.0,368.0,9.0,0.0,0.0,1.0,0.0,0.0,0.0,0.0,0.0,0.0,0.0,0.0,0.0,0.0,0.0,0.0,0.0,0.0,0.0,0.0,0.0,0.0,0.0,0.0,0.0,9.0,9.0,,,general_interest,general,,,,,,,,,1.0,1.0,,
1.0,301.0,9.0,0.0,0.0,1.0,0.0,0.0,0.0,0.0,0.0,0.0,0.0,0.0,0.0,0.0,0.0,0.0,0.0,0.0,0.0,0.0,0.0,0.0,0.0,0.0,0.0,9.0,9.0,,,general_interest,general,,,,,,,,,1.0,1.0,,
2.0,169.5,5.5,200.0,0.0,6.0,0.0,5.0,0.0,0.0,0.0,0.0,0.0,0.0,0.0,0.0,0.0,0.0,0.0,0.0,0.0,11.0,0.0,0.0,0.0,0.0,0.0,11.0,11.0,,,education_interest,education,,,,,,,1.0,1.0,,,,
2.0,145.0,6.5,200.0,0.0,9.0,0.0,4.0,0.0,0.0,0.0,0.0,0.0,0.0,0.0,0.0,0.0,0.0,0.0,0.0,0.0,13.0,0.0,0.0,0.0,0.0,0.0,13.0,13.0,,,education_interest,education,,,,,,,1.0,1.0,,,,
2.0,360.0,9.0,90.0,0.0,4.0,6.0,6.0,0.0,2.0,0.0,0.0,0.0,0.0,0.0,18.0,6.0,0.0,0.0,0.0,0.0,0.0,0.0,0.0,0.0,0.0,0.0,18.0,18.0,,,fashion_interest,fashion,1.0,1.0,,,,,,,,,,
2.0,242.0,7.0,60.0,0.0,8.0,0.0,0.0,0.0,0.0,0.0,0.0,1.0,5.0,0.35714285714285715,0.0,0.0,0.0,0.0,0.0,0.0,0.0,0.0,0.0,0.0,14.0,0.0,14.0,14.0,1.0,1.0,fintech_interest,fintech,,,,,,,,,,,,
1.0,76.0,5.0,0.0,0.0,1.0,0.0,0.0,0.0,0.0,0.0,0.0,0.0,0.0,0.0,0.0,0.0,0.0,0.0,0.0,0.0,0.0,0.0,0.0,0.0,0.0,0.0,5.0,5.0,,,general_interest,general,,,,,,,,,1.0,1.0,,
2.0,237.0,6.5,300.0,0.0,6.0,0.0,6.0,0.0,0.0,0.0,1.0,0.0,0.0,0.0,0.0,0.0,0.0,0.0,0.0,0.0,0.0,0.0,13.0,0.0,0.0,0.0,13.0,13.0,,,gaming_interest,gaming,,,,,,,,,,,1.0,1.0
2.0,170.0,5.0,0.0,0.0,4.0,1.0,0.0,3.0,0.0,0.0,0.0,0.0,2.0,0.2,0.0,0.0,10.0,1.0,0.0,0.0,0.0,0.0,0.0,0.0,0.0,0.0,10.0,10.0,,,general_interest,crypto,,,1.0,1.0,,,,,,,,
1.0,24.0,4.0,0.0,0.0,2.0,0.0,0.0,0.0,0.0,0.0,0.0,0.0,0.0,0.0,0.0,0.0,0.0,0.0,0.0,0.0,0.0,0.0,0.0,0.0,0.0,0.0,4.0,4.0,,,general_interest,general,,,,,,,,,1.0,1.0,,
1.0,120.0,4.0,0.0,0.0,1.0,0.0,0.0,0.0,0.0,0.0,0.0,0.0,0.0,0.0,0.0,0.0,0.0,0.0,0.0,0.0,0.0,0.0,0.0,0.0,0.0,0.0,4.0,4.0,,,general_interest,general,,,,,,,,,1.0,1.0,,
2.0,148.5,4.0,90.0,0.0,5.0,1.0,1.0,0.0,1.0,0.0,0.0,0.0,0.0,0.0,8.0,1.0,0.0,0.0,0.0,0.0,0.0,0.0,0.0,0.0,0.0,0.0,8.0,8.0,,,fashion_interest,fashion,1.0,1.0,,,,,,,,,,
2.0,118.5,5.5,60.0,0.0,5.0,0.0,0.0,0.0,0.0,0.0,0.0,2.0,4.0,0.36363636363636365,0.0,0.0,0.0,0.0,0.0,0.0,0.0,0.0,0.0,0.0,11.0,0.0,11.0,11.0,1.0,1.0,fintech_interest,fintech,,,,,,,,,,,,
2.0,193.5,7.0,90.0,0.0,3.0,3.0,4.0,0.0,4.0,0.0,0.0,0.0,0.0,0.0,14.0,3.0,0.0,0.0,0.0,0.0,0.0,0.0,0.0,0.0,0.0,0.0,14.0,14.0,,,fashion_interest,fashion,1.0,1.0,,,,,,,,,,
1.0,348.0,10.0,0.0,0.0,5.0,0.0,0.0,0.0,0.0,0.0,0.0,0.0,0.0,0.0,0.0,0.0,0.0,0.0,0.0,0.0,0.0,0.0,0.0,0.0,0.0,0.0,10.0,10.0,,,general_interest,general,,,,,,,,,1.0,1.0,,
2.0,249.0,7.0,45.0,0.0,6.0,4.0,0.0,0.0,0.0,0.0,0.0,4.0,0.0,0.0,0.0,0.0,0.0,0.0,14.0,4.0,0.0,0.0,0.0,0.0,0.0,0.0,14.0,14.0,,,food_interest,food,,,,,1.0,1.0,,,,,,
1.0,392.0,9.0,0.0,0.0,2.0,0.0,0.0,0.0,0.0,0.0,0.0,0.0,0.0,0.0,0.0,0.0,0.0,0.0,0.0,0.0,0.0,0.0,0.0,0.0,0.0,0.0,9.0,9.0,,,general_interest,general,,,,,,,,,1.0,1.0,,
2.0,411.5,9.5,60.0,0.0,8.0,0.0,0.0,0.0,0.0,0.0,0.0,2.0,9.0,0.47368421052631576,0.0,0.0,0.0,0.0,0.0,0.0,0.0,0.0,0.0,0.0,19.0,0.0,19.0,19.0,1.0,1.0,fintech_interest,fintech,,,,,,,,,,,,
2.0,227.0,5.5,45.0,0.0,2.0,3.0,0.0,0.0,0.0,0.0,0.0,6.0,0.0,0.0,0.0,0.0,0.0,0.0,11.0,3.0,0.0,0.0,0.0,0.0,0.0,0.0,11.0,11.0,,,food_interest,food,,,,,1.0,1.0,,,,,,
2.0,118.0,4.5,120.0,0.0,5.0,1.0,0.0,1.0,0.0,0.0,0.0,0.0,2.0,0.2222222222222222,0.0,0.0,9.0,1.0,0.0,0.0,0.0,0.0,0.0,0.0,0.0,0.0,9.0,9.0,,,general_interest,crypto,,,1.0,1.0,,,,,,,,
2.0,320.5,9.5,45.0,0.0,6.0,5.0,0.0,0.0,0.0,0.0,0.0,8.0,0.0,0.0,0.0,0.0,0.0,0.0,19.0,5.0,0.0,0.0,0.0,0.0,0.0,0.0,19.0,19.0,,,food_interest,food,,,,,1.0,1.0,,,,,,
2.0,294.0,8.0,120.0,0.0,6.0,3.0,0.0,3.0,0.0,0.0,0.0,0.0,4.0,0.25,0.0,0.0,16.0,3.0,0.0,0.0,0.0,0.0,0.0,0.0,0.0,0.0,16.0,16.0,,,crypto_interest,crypto,,,1.0,1.0,,,,,,,,
2.0,246.5,6.5,200.0,0.0,8.0,0.0,5.0,0.0,0.0,0.0,0.0,0.0,0.0,0.0,0.0,0.0,0.0,0.0,0.0,0.0,13.0,0.0,0.0,0.0,0.0,0.0,13.0,13.0,,,education_interest,education,,,,,,,1.0,1.0,,,,
2.0,233.0,8.5,45.0,0.0,3.0,8.0,0.0,0.0,0.0,0.0,0.0,6.0,0.0,0.0,0.0,0.0,0.0,0.0,17.0,8.0,0.0,0.0,0.0,0.0,0.0,0.0,17.0,17.0,,,food_interest,food,,,,,1.0,1.0,,,,,,
2.0,354.5,7.5,300.0,0.0,3.0,0.0,9.0,0.0,0.0,0.0,3.0,0.0,0.0,0.0,0.0,0.0,0.0,0.0,0.0,0.0,0.0,0.0,15.0,0.0,0.0,0.0,15.0,15.0,,,gaming_interest,gaming,,,,,,,,,,,1.0,1.0
2.0,387.0,8.5,300.0,0.0,4.0,0.0,9.0,0.0,0.0,0.0,4.0,0.0,0.0,0.0,0.0,0.0,0.0,0.0,0.0,0.0,0.0,0.0,17.0,0.0,0.0,0.0,17.0,17.0,,,gaming_interest,gaming,,,,,,,,,,,1.0,1.0
2.0,192.5,6.0,45.0,0.0,3.0,4.0,0.0,0.0,0.0,0.0,0.0,5.0,0.0,0.0,0.0,0.0,0.0,0.0,12.0,4.0,0.0,0.0,0.0,0.0,0.0,0.0,12.0,12.0,,,food_interest,food,,,,,1.0,1.0,,,,,,
1.0,360.0,8.0,0.0,0.0,1.0,0.0,0.0,0.0,0.0,0.0,0.0,0.0,0.0,0.0,0.0,0.0,0.0,0.0,0.0,0.0,0.0,0.0,0.0,0.0,0.0,0.0,8.0,8.0,,,general_interest,general,,,,,,,,,1.0,1.0,,
1.0,290.0,8.0,0.0,0.0,2.0,0.0,0.0,0.0,0.0,0.0,0.0,0.0,0.0,0.0,0.0,0.0,0.0,0.0,0.0,0.0,0.0,0.0,0.0,0.0,0.0,0.0,8.0,8.0,,,general_interest,general,,,,,,,,,1.0,1.0,,
2.0,173.0,6.5,60.0,0.0,2.0,0.0,0.0,0.0,0.0,0.0,0.0,7.0,4.0,0.3076923076923077,0.0,0.0,0.0,0.0,0.0,0.0,0.0,0.0,0.0,0.0,13.0,0.0,13.0,13.0,1.0,1.0,fintech_interest,fintech,,,,,,,,,,,,
2.0,213.5,5.5,120.0,0.0,4.0,2.0,0.0,2.0,0.0,0.0,0.0,0.0,3.0,0.2727272727272727,0.0,0.0,11.0,2.0,0.0,0.0,0.0,0.0,0.0,0.0,0.0,0.0,11.0,11.0,,,crypto_interest,crypto,,,1.0,1.0,,,,,,,,
2.0,161.0,6.5,200.0,0.0,7.0,0.0,6.0,0.0,0.0,0.0,0.0,0.0,0.0,0.0,0.0,0.0,0.0,0.0,0.0,0.0,13.0,0.0,0.0,0.0,0.0,0.0,13.0,13.0,,,education_interest,education,,,,,,,1.0,1.0,,,,
2.0,278.5,8.0,120.0,0.0,8.0,0.0,0.0,5.0,0.0,0.0,0.0,0.0,3.0,0.1875,0.0,0.0,16.0,0.0,0.0,0.0,0.0,0.0,0.0,0.0,0.0,0.0,16.0,16.0,,,general_interest,crypto,,,1.0,1.0,,,,,,,,
2.0,365.0,9.0,90.0,0.0,3.0,4.0,6.0,0.0,5.0,0.0,0.0,0.0,0.0,0.0,18.0,4.0,0.0,0.0,0.0,0.0,0.0,0.0,0.0,0.0,0.0,0.0,18.0,18.0,,,fashion_interest,fashion,1.0,1.0,,,,,,,,,,
2.0,212.5,6.5,60.0,0.0,6.0,0.0,0.0,0.0,0.0,0.0,0.0,2.0,5.0,0.38461538461538464,0.0,0.0,0.0,0.0,0.0,0.0,0.0,0.0,0.0,0.0,13.0,0.0,13.0,13.0,1.0,1.0,fintech_interest,fintech,,,,,,,,,,,,
2.0,253.0,7.5,300.0,0.0,4.0,0.0,7.0,0.0,0.0,0.0,4.0,0.0,0.0,0.0,0.0,0.0,0.0,0.0,0.0,0.0,0.0,0.0,15.0,0.0,0.0,0.0,15.0,15.0,,,gaming_interest,gaming,,,,,,,,,,,1.0,1.0
2.0,212.0,8.0,90.0,0.0,2.0,7.0,4.0,0.0,3.0,0.0,0.0,0.0,0.0,0.0,16.0,7.0,0.0,0.0,0.0,0.0,0.0,0.0,0.0,0.0,0.0,0.0,16.0,16.0,,,fashion_interest,fashion,1.0,1.0,,,,,,,,,,
2.0,296.0,7.5,60.0,0.0,6.0,0.0,0.0,0.0,0.0,0.0,0.0,6.0,3.0,0.2,0.0,0.0,0.0,0.0,0.0,0.0,0.0,0.0,0.0,0.0,15.0,0.0,15.0,15.0,1.0,1.0,fintech_interest,fintech,,,,,,,,,,,,
2.0,106.5,4.0,90.0,0.0,4.0,1.0,1.0,0.0,2.0,0.0,0.0,0.0,0.0,0.0,8.0,1.0,0.0,0.0,0.0,0.0,0.0,0.0,0.0,0.0,0.0,0.0,8.0,8.0,,,fashion_interest,fashion,1.0,1.0,,,,,,,,,,
2.0,281.5,6.5,45.0,0.0,6.0,1.0,0.0,0.0,0.0,0.0,0.0,6.0,0.0,0.0,0.0,0.0,0.0,0.0,13.0,1.0,0.0,0.0,0.0,0.0,0.0,0.0,13.0,13.0,,,food_interest,food,,,,,1.0,1.0,,,,,,
1.0,168.0,7.0,0.0,0.0,4.0,0.0,0.0,0.0,0.0,0.0,0.0,0.0,0.0,0.0,0.0,0.0,0.0,0.0,0.0,0.0,0.0,0.0,0.0,0.0,0.0,0.0,7.0,7.0,,,general_interest,general,,,,,,,,,1.0,1.0,,
2.0,193.5,6.5,45.0,0.0,3.0,2.0,0.0,0.0,0.0,0.0,0.0,8.0,0.0,0.0,0.0,0.0,0.0,0.0,13.0,2.0,0.0,0.0,0.0,0.0,0.0,0.0,13.0,13.0,,,food_interest,food,,,,,1.0,1.0,,,,,,
2.0,324.0,7.0,300.0,0.0,3.0,0.0,6.0,0.0,0.0,0.0,5.0,0.0,0.0,0.0,0.0,0.0,0.0,0.0,0.0,0.0,0.0,0.0,14.0,0.0,0.0,0.0,14.0,14.0,,,gaming_interest,gaming,,,,,,,,,,,1.0,1.0
2.0,124.0,5.0,45.0,0.0,5.0,1.0,0.0,0.0,0.0,0.0,0.0,4.0,0.0,0.0,0.0,0.0,0.0,0.0,10.0,1.0,0.0,0.0,0.0,0.0,0.0,0.0,10.0,10.0,,,food_interest,food,,,,,1.0,1.0,,,,,,
2.0,129.0,5.0,90.0,0.0,5.0,0.0,3.0,0.0,2.0,0.0,0.0,0.0,0.0,0.0,10.0,0.0,0.0,0.0,0.0,0.0,0.0,0.0,0.0,0.0,0.0,0.0,10.0,10.0,,,fashion_interest,fashion,1.0,1.0,,,,,,,,,,
2.0,288.5,6.5,120.0,0.0,9.0,1.0,0.0,2.0,0.0,0.0,0.0,0.0,1.0,0.07692307692307693,0.0,0.0,13.0,1.0,0.0,0.0,0.0,0.0,0.0,0.0,0.0,0.0,13.0,13.0,,,general_interest,crypto,,,1.0,1.0,,,,,,,,
2.0,171.5,5.0,200.0,0.0,6.0,0.0,4.0,0.0,0.0,0.0,0.0,0.0,0.0,0.0,0.0,0.0,0.0,0.0,0.0,0.0,10.0,0.0,0.0,0.0,0.0,0.0,10.0,10.0,,,education_interest,education,,,,,,,1.0,1.0,,,,
2.0,248.0,6.5,120.0,0.0,9.0,0.0,0.0,3.0,0.0,0.0,0.0,0.0,1.0,0.07692307692307693,0.0,0.0,13.0,0.0,0.0,0.0,0.0,0.0,0.0,0.0,0.0,0.0,13.0,13.0,,,general_interest,crypto,,,1.0,1.0,,,,,,,,
1.0,132.0,5.0,0.0,0.0,3.0,0.0,0.0,0.0,0.0,0.0,0.0,0.0,0.0,0.0,0.0,0.0,0.0,0.0,0.0,0.0,0.0,0.0,0.0,0.0,0.0,0.0,5.0,5.0,,,general_interest,general,,,,,,,,,1.0,1.0,,
1.0,200.0,8.0,0.0,0.0,2.0,0.0,0.0,0.0,0.0,0.0,0.0,0.0,0.0,0.0,0.0,0.0,0.0,0.0,0.0,0.0,0.0,0.0,0.0,0.0,0.0,0.0,8.0,8.0,,,general_interest,general,,,,,,,,,1.0,1.0,,
2.0,270.5,8.0,200.0,0.0,11.0,0.0,5.0,0.0,0.0,0.0,0.0,0.0,0.0,0.0,0.0,0.0,0.0,0.0,0.0,0.0,16.0,0.0,0.0,0.0,0.0,0.0,16.0,16.0,,,education_interest,education,,,,,,,1.0,1.0,,,,
2.0,324.5,9.5,120.0,0.0,8.0,4.0,0.0,4.0,0.0,0.0,0.0,0.0,3.0,0.15789473684210525,0.0,0.0,19.0,4.0,0.0,0.0,0.0,0.0,0.0,0.0,0.0,0.0,19.0,19.0,,,crypto_interest,crypto,,,1.0,1.0,,,,,,,,
2.0,146.0,5.0,300.0,0.0,4.0,0.0,3.0,0.0,0.0,0.0,3.0,0.0,0.0,0.0,0.0,0.0,0.0,0.0,0.0,0.0,0.0,0.0,10.0,0.0,0.0,0.0,10.0,10.0,,,gaming_interest,gaming,,,,,,,,,,,1.0,1.0
2.0,292.5,7.0,60.0,0.0,6.0,0.0,0.0,0.0,0.0,0.0,0.0,5.0,3.0,0.21428571428571427,0.0,0.0,0.0,0.0,0.0,0.0,0.0,0.0,0.0,0.0,14.0,0.0,14.0,14.0,1.0,1.0,fintech_interest,fintech,,,,,,,,,,,,
2.0,204.5,6.5,200.0,0.0,10.0,0.0,3.0,0.0,0.0,0.0,0.0,0.0,0.0,0.0,0.0,0.0,0.0,0.0,0.0,0.0,13.0,0.0,0.0,0.0,0.0,0.0,13.0,13.0,,,education_interest,education,,,,,,,1.0,1.0,,,,
2.0,338.5,9.5,45.0,0.0,8.0,6.0,0.0,0.0,0.0,0.0,0.0,5.0,0.0,0.0,0.0,0.0,0.0,0.0,19.0,6.0,0.0,0.0,0.0,0.0,0.0,0.0,19.0,19.0,,,food_interest,food,,,,,1.0,1.0,,,,,,
2.0,192.0,6.0,60.0,0.0,4.0,0.0,0.0,0.0,0.0,0.0,0.0,4.0,4.0,0.3333333333333333,0.0,0.0,0.0,0.0,0.0,0.0,0.0,0.0,0.0,0.0,12.0,0.0,12.0,12.0,1.0,1.0,fintech_interest,fintech,,,,,,,,,,,,
2.0,150.0,5.5,60.0,0.0,1.0,0.0,0.0,0.0,0.0,0.0,0.0,7.0,3.0,0.2727272727272727,0.0,0.0,0.0,0.0,0.0,0.0,0.0,0.0,0.0,0.0,11.0,0.0,11.0,11.0,1.0,1.0,fintech_interest,fintech,,,,,,,,,,,,
2.0,271.5,8.0,90.0,0.0,5.0,7.0,2.0,0.0,2.0,0.0,0.0,0.0,0.0,0.0,16.0,7.0,0.0,0.0,0.0,0.0,0.0,0.0,0.0,0.0,0.0,0.0,16.0,16.0,,,fashion_interest,fashion,1.0,1.0,,,,,,,,,,
2.0,246.0,8.5,60.0,0.0,4.0,0.0,0.0,0.0,0.0,0.0,0.0,6.0,7.0,0.4117647058823529,0.0,0.0,0.0,0.0,0.0,0.0,0.0,0.0,0.0,0.0,17.0,0.0,17.0,17.0,1.0,1.0,fintech_interest,fintech,,,,,,,,,,,,
2.0,259.5,7.0,200.0,0.0,10.0,0.0,4.0,0.0,0.0,0.0,0.0,0.0,0.0,0.0,0.0,0.0,0.0,0.0,0.0,0.0,14.0,0.0,0.0,0.0,0.0,0.0,14.0,14.0,,,education_interest,education,,,,,,,1.0,1.0,,,,
2.0,206.5,5.0,120.0,0.0,5.0,2.0,0.0,1.0,0.0,0.0,0.0,0.0,2.0,0.2,0.0,0.0,10.0,2.0,0.0,0.0,0.0,0.0,0.0,0.0,0.0,0.0,10.0,10.0,,,crypto_interest,crypto,,,1.0,1.0,,,,,,,,
2.0,225.0,7.5,120.0,0.0,6.0,3.0,0.0,3.0,0.0,0.0,0.0,0.0,3.0,0.2,0.0,0.0,15.0,3.0,0.0,0.0,0.0,0.0,0.0,0.0,0.0,0.0,15.0,15.0,,,crypto_interest,crypto,,,1.0,1.0,,,,,,,,
1.0,288.0,7.0,0.0,0.0,1.0,0.0,0.0,0.0,0.0,0.0,0.0,0.0,0.0,0.0,0.0,0.0,0.0,0.0,0.0,0.0,0.0,0.0,0.0,0.0,0.0,0.0,7.0,7.0,,,general_interest,general,,,,,,,,,1.0,1.0,,
2.0,237.5,6.5,45.0,0.0,5.0,4.0,0.0,0.0,0.0,0.0,0.0,4.0,0.0,0.0,0.0,0.0,0.0,0.0,13.0,4.0,0.0,0.0,0.0,0.0,0.0,0.0,13.0,13.0,,,food_interest,food,,,,,1.0,1.0,,,,,,
2.0,299.5,8.0,60.0,0.0,7.0,0.0,0.0,0.0,0.0,0.0,0.0,6.0,3.0,0.1875,0.0,0.0,0.0,0.0,0.0,0.0,0.0,0.0,0.0,0.0,16.0,0.0,16.0,16.0,1.0,1.0,fintech_interest,fintech,,,,,,,,,,,,
2.0,299.5,8.0,120.0,0.0,5.0,4.0,0.0,4.0,0.0,0.0,0.0,0.0,3.0,0.1875,0.0,0.0,16.0,4.0,0.0,0.0,0.0,0.0,0.0,0.0,0.0,0.0,16.0,16.0,,,crypto_interest,crypto,,,1.0,1.0,,,,,,,,
1.0,174.0,10.0,0.0,0.0,7.0,0.0,0.0,0.0,0.0,0.0,0.0,0.0,0.0,0.0,0.0,0.0,0.0,0.0,0.0,0.0,0.0,0.0,0.0,0.0,0.0,0.0,10.0,10.0,,,general_interest,general,,,,,,,,,1.0,1.0,,
2.0,207.0,6.0,200.0,0.0,8.0,0.0,4.0,0.0,0.0,0.0,0.0,0.0,0.0,0.0,0.0,0.0,0.0,0.0,0.0,0.0,12.0,0.0,0.0,0.0,0.0,0.0,12.0,12.0,,,education_interest,education,,,,,,,1.0,1.0,,,,
2.0,354.0,9.0,120.0,0.0,3.0,6.0,0.0,3.0,0.0,0.0,0.0,0.0,6.0,0.3333333333333333,0.0,0.0,18.0,6.0,0.0,0.0,0.0,0.0,0.0,0.0,0.0,0.0,18.0,18.0,,,crypto_interest,crypto,,,1.0,1.0,,,,,,,,
2.0,189.5,6.5,90.0,0.0,2.0,2.0,7.0,0.0,2.0,0.0,0.0,0.0,0.0,0.0,13.0,2.0,0.0,0.0,0.0,0.0,0.0,0.0,0.0,0.0,0.0,0.0,13.0,13.0,,,fashion_interest,fashion,1.0,1.0,,,,,,,,,,
2.0,360.5,9.5,60.0,0.0,6.0,0.0,0.0,0.0,0.0,0.0,0.0,10.0,3.0,0.15789473684210525,0.0,0.0,0.0,0.0,0.0,0.0,0.0,0.0,0.0,0.0,19.0,0.0,19.0,19.0,1.0,1.0,fintech_interest,fintech,,,,,,,,,,,,
2.0,301.0,9.0,45.0,0.0,7.0,5.0,0.0,0.0,0.0,0.0,0.0,6.0,0.0,0.0,0.0,0.0,0.0,0.0,18.0,5.0,0.0,0.0,0.0,0.0,0.0,0.0,18.0,18.0,,,food_interest,food,,,,,1.0,1.0,,,,,,
2.0,223.0,8.0,60.0,0.0,8.0,0.0,0.0,0.0,0.0,0.0,0.0,6.0,2.0,0.125,0.0,0.0,0.0,0.0,0.0,0.0,0.0,0.0,0.0,0.0,16.0,0.0,16.0,16.0,1.0,1.0,fintech_interest,fintech,,,,,,,,,,,,
2.0,218.0,8.5,300.0,0.0,5.0,0.0,10.0,0.0,0.0,0.0,2.0,0.0,0.0,0.0,0.0,0.0,0.0,0.0,0.0,0.0,0.0,0.0,17.0,0.0,0.0,0.0,17.0,17.0,,,gaming_interest,gaming,,,,,,,,,,,1.0,1.0
2.0,197.0,6.0,200.0,0.0,8.0,0.0,4.0,0.0,0.0,0.0,0.0,0.0,0.0,0.0,0.0,0.0,0.0,0.0,0.0,0.0,12.0,0.0,0.0,0.0,0.0,0.0,12.0,12.0,,,education_interest,education,,,,,,,1.0,1.0,,,,
2.0,249.5,6.0,120.0,0.0,4.0,2.0,0.0,3.0,0.0,0.0,0.0,0.0,3.0,0.25,0.0,0.0,12.0,2.0,0.0,0.0,0.0,0.0,0.0,0.0,0.0,0.0,12.0,12.0,,,crypto_interest,crypto,,,1.0,1.0,,,,,,,,
1.0,232.0,5.0,0.0,0.0,3.0,0.0,0.0,0.0,0.0,0.0,0.0,0.0,0.0,0.0,0.0,0.0,0.0,0.0,0.0,0.0,0.0,0.0,0.0,0.0,0.0,0.0,5.0,5.0,,,general_interest,general,,,,,,,,,1.0,1.0,,
2.0,436.5,10.0,200.0,0.0,18.0,0.0,2.0,0.0,0.0,0.0,0.0,0.0,0.0,0.0,0.0,0.0,0.0,0.0,0.0,0.0,20.0,0.0,0.0,0.0,0.0,0.0,20.0,20.0,,,education_interest,education,,,,,,,1.0,1.0,,,,
2.0,152.0,5.5,200.0,0.0,8.0,0.0,3.0,0.0,0.0,0.0,0.0,0.0,0.0,0.0,0.0,0.0,0.0,0.0,0.0,0.0,11.0,0.0,0.0,0.0,0.0,0.0,11.0,11.0,,,education_interest,education,,,,,,,1.0,1.0,,,,
2.0,164.0,6.5,90.0,0.0,4.0,3.0,3.0,0.0,3.0,0.0,0.0,0.0,0.0,0.0,13.0,3.0,0.0,0.0,0.0,0.0,0.0,0.0,0.0,0.0,0.0,0.0,13.0,13.0,,,fashion_interest,fashion,1.0,1.0,,,,,,,,,,
2.0,304.0,7.5,300.0,0.0,3.0,0.0,8.0,0.0,0.0,0.0,4.0,0.0,0.0,0.0,0.0,0.0,0.0,0.0,0.0,0.0,0.0,0.0,15.0,0.0,0.0,0.0,15.0,15.0,,,gaming_interest,gaming,,,,,,,,,,,1.0,1.0
2.0,205.5,6.5,45.0,0.0,5.0,5.0,0.0,0.0,0.0,0.0,0.0,3.0,0.0,0.0,0.0,0.0,0.0,0.0,13.0,5.0,0.0,0.0,0.0,0.0,0.0,0.0,13.0,13.0,,,food_interest,food,,,,,1.0,1.0,,,,,,
1.0,354.0,8.0,0.0,0.0,6.0,0.0,0.0,0.0,0.0,0.0,0.0,0.0,0.0,0.0,0.0,0.0,0.0,0.0,0.0,0.0,0.0,0.0,0.0,0.0,0.0,0.0,8.0,8.0,,,general_interest,general,,,,,,,,,1.0,1.0,,
2.0,360.0,10.0,120.0,0.0,10.0,4.0,0.0,3.0,0.0,0.0,0.0,0.0,3.0,0.15,0.0,0.0,20.0,4.0,0.0,0.0,0.0,0.0,0.0,0.0,0.0,0.0,20.0,20.0,,,crypto_interest,crypto,,,1.0,1.0,,,,,,,,
2.0,300.0,7.0,300.0,0.0,2.0,0.0,8.0,0.0,0.0,0.0,4.0,0.0,0.0,0.0,0.0,0.0,0.0,0.0,0.0,0.0,0.0,0.0,14.0,0.0,0.0,0.0,14.0,14.0,,,gaming_interest,gaming,,,,,,,,,,,1.0,1.0
2.0,138.0,7.0,90.0,0.0,2.0,3.0,3.0,0.0,6.0,0.0,0.0,0.0,0.0,0.0,14.0,3.0,0.0,0.0,0.0,0.0,0.0,0.0,0.0,0.0,0.0,0.0,14.0,14.0,,,fashion_interest,fashion,1.0,1.0,,,,,,,,,,
2.0,142.0,5.5,45.0,0.0,5.0,2.0,0.0,0.0,0.0,0.0,0.0,4.0,0.0,0.0,0.0,0.0,0.0,0.0,11.0,2.0,0.0,0.0,0.0,0.0,0.0,0.0,11.0,11.0,,,food_interest,food,,,,,1.0,1.0,,,,,,
2.0,456.5,10.0,60.0,0.0,10.0,0.0,0.0,0.0,0.0,0.0,0.0,5.0,5.0,0.25,0.0,0.0,0.0,0.0,0.0,0.0,0.0,0.0,0.0,0.0,20.0,0.0,20.0,20.0,1.0,1.0,fintech_interest,fintech,,,,,,,,,,,,
1.0,258.0,9.0,0.0,0.0,2.0,0.0,0.0,0.0,0.0,0.0,0.0,0.0,0.0,0.0,0.0,0.0,0.0,0.0,0.0,0.0,0.0,0.0,0.0,0.0,0.0,0.0,9.0,9.0,,,general_interest,general,,,,,,,,,1.0,1.0,,
1.0,150.0,7.0,0.0,0.0,4.0,0.0,0.0,0.0,0.0,0.0,0.0,0.0,0.0,0.0,0.0,0.0,0.0,0.0,0.0,0.0,0.0,0.0,0.0,0.0,0.0,0.0,7.0,7.0,,,general_interest,general,,,,,,,,,1.0,1.0,,
2.0,183.0,5.5,300.0,0.0,3.0,0.0,6.0,0.0,0.0,0.0,2.0,0.0,0.0,0.0,0.0,0.0,0.0,0.0,0.0,0.0,0.0,0.0,11.0,0.0,0.0,0.0,11.0,11.0,,,gaming_interest,gaming,,,,,,,,,,,1.0,1.0
2.0,276.0,7.5,120.0,0.0,7.0,4.0,0.0,3.0,0.0,0.0,0.0,0.0,1.0,0.06666666666666667,0.0,0.0,15.0,4.0,0.0,0.0,0.0,0.0,0.0,0.0,0.0,0.0,15.0,15.0,,,crypto_interest,crypto,,,1.0,1.0,,,,,,,,
2.0,277.0,8.5,60.0,0.0,3.0,0.0,0.0,0.0,0.0,0.0,0.0,11.0,3.0,0.17647058823529413,0.0,0.0,0.0,0.0,0.0,0.0,0.0,0.0,0.0,0.0,17.0,0.0,17.0,17.0,1.0,1.0,fintech_interest,fintech,,,,,,,,,,,,
2.0,166.0,5.5,200.0,0.0,8.0,0.0,3.0,0.0,0.0,0.0,0.0,0.0,0.0,0.0,0.0,0.0,0.0,0.0,0.0,0.0,11.0,0.0,0.0,0.0,0.0,0.0,11.0,11.0,,,education_interest,education,,,,,,,1.0,1.0,,,,
1.0,275.0,6.0,0.0,0.0,3.0,0.0,0.0,0.0,0.0,0.0,0.0,0.0,0.0,0.0,0.0,0.0,0.0,0.0,0.0,0.0,0.0,0.0,0.0,0.0,0.0,0.0,6.0,6.0,,,general_interest,general,,,,,,,,,1.0,1.0,,
2.0,109.0,5.0,200.0,0.0,7.0,0.0,3.0,0.0,0.0,0.0,0.0,0.0,0.0,0.0,0.0,0.0,0.0,0.0,0.0,0.0,10.0,0.0,0.0,0.0,0.0,0.0,10.0,10.0,,,education_interest,education,,,,,,,1.0,1.0,,,,
2.0,327.0,8.0,300.0,0.0,3.0,0.0,9.0,0.0,0.0,0.0,4.0,0.0,0.0,0.0,0.0,0.0,0.0,0.0,0.0,0.0,0.0,0.0,16.0,0.0,0.0,0.0,16.0,16.0,,,gaming_interest,gaming,,,,,,,,,,,1.0,1.0
2.0,243.0,7.0,60.0,0.0,6.0,0.0,0.0,0.0,0.0,0.0,0.0,3.0,5.0,0.35714285714285715,0.0,0.0,0.0,0.0,0.0,0.0,0.0,0.0,0.0,0.0,14.0,0.0,14.0,14.0,1.0,1.0,fintech_interest,fintech,,,,,,,,,,,,
2.0,202.5,7.0,300.0,0.0,4.0,0.0,7.0,0.0,0.0,0.0,3.0,0.0,0.0,0.0,0.0,0.0,0.0,0.0,0.0,0.0,0.0,0.0,14.0,0.0,0.0,0.0,14.0,14.0,,,gaming_interest,gaming,,,,,,,,,,,1.0,1.0
1.0,102.0,4.0,0.0,0.0,3.0,0.0,0.0,0.0,0.0,0.0,0.0,0.0,0.0,0.0,0.0,0.0,0.0,0.0,0.0,0.0,0.0,0.0,0.0,0.0,0.0,0.0,4.0,4.0,,,general_interest,general,,,,,,,,,1.0,1.0,,
1.0,195.0,6.0,0.0,0.0,2.0,0.0,0.0,0.0,0.0,0.0,0.0,0.0,0.0,0.0,0.0,0.0,0.0,0.0,0.0,0.0,0.0,0.0,0.0,0.0,0.0,0.0,6.0,6.0,,,general_interest,general,,,,,,,,,1.0,1.0,,
2.0,271.0,7.0,60.0,0.0,5.0,0.0,0.0,0.0,0.0,0.0,0.0,1.0,8.0,0.5714285714285714,0.0,0.0,0.0,0.0,0.0,0.0,0.0,0.0,0.0,0.0,14.0,0.0,14.0,14.0,1.0,1.0,fintech_interest,fintech,,,,,,,,,,,,
2.0,292.0,7.5,300.0,0.0,4.0,0.0,7.0,0.0,0.0,0.0,4.0,0.0,0.0,0.0,0.0,0.0,0.0,0.0,0.0,0.0,0.0,0.0,15.0,0.0,0.0,0.0,15.0,15.0,,,gaming_interest,gaming,,,,,,,,,,,1.0,1.0
2.0,236.0,5.5,0.0,0.0,0.0,8.0,0.0,0.0,0.0,0.0,0.0,3.0,0.0,0.0,0.0,0.0,0.0,0.0,11.0,8.0,0.0,0.0,0.0,0.0,0.0,0.0,11.0,11.0,,,food_interest,food,,,,,1.0,1.0,,,,,,
2.0,294.5,7.0,90.0,0.0,2.0,6.0,4.0,0.0,2.0,0.0,0.0,0.0,0.0,0.0,14.0,6.0,0.0,0.0,0.0,0.0,0.0,0.0,0.0,0.0,0.0,0.0,14.0,14.0,,,fashion_interest,fashion,1.0,1.0,,,,,,,,,,
2.0,277.0,7.0,90.0,0.0,3.0,4.0,4.0,0.0,3.0,0.0,0.0,0.0,0.0,0.0,14.0,4.0,0.0,0.0,0.0,0.0,0.0,0.0,0.0,0.0,0.0,0.0,14.0,14.0,,,fashion_interest,fashion,1.0,1.0,,,,,,,,,,
2.0,209.5,6.5,90.0,0.0,4.0,4.0,1.0,0.0,4.0,0.0,0.0,0.0,0.0,0.0,13.0,4.0,0.0,0.0,0.0,0.0,0.0,0.0,0.0,0.0,0.0,0.0,13.0,13.0,,,fashion_interest,fashion,1.0,1.0,,,,,,,,,,
2.0,164.0,6.5,45.0,0.0,4.0,2.0,0.0,0.0,0.0,0.0,0.0,7.0,0.0,0.0,0.0,0.0,0.0,0.0,13.0,2.0,0.0,0.0,0.0,0.0,0.0,0.0,13.0,13.0,,,food_interest,food,,,,,1.0,1.0,,,,,,
2.0,170.0,4.5,45.0,0.0,3.0,5.0,0.0,0.0,0.0,0.0,0.0,1.0,0.0,0.0,0.0,0.0,0.0,0.0,9.0,5.0,0.0,0.0,0.0,0.0,0.0,0.0,9.0,9.0,,,food_interest,food,,,,,1.0,1.0,,,,,,
2.0,274.0,6.5,120.0,0.0,4.0,3.0,0.0,1.0,0.0,0.0,0.0,0.0,5.0,0.38461538461538464,0.0,0.0,13.0,3.0,0.0,0.0,0.0,0.0,0.0,0.0,0.0,0.0,13.0,13.0,,,crypto_interest,crypto,,,1.0,1.0,,,,,,,,
2.0,318.0,8.5,60.0,0.0,7.0,0.0,0.0,0.0,0.0,0.0,0.0,3.0,7.0,0.4117647058823529,0.0,0.0,0.0,0.0,0.0,0.0,0.0,0.0,0.0,0.0,17.0,0.0,17.0,17.0,1.0,1.0,fintech_interest,fintech,,,,,,,,,,,,
2.0,413.5,9.5,300.0,0.0,6.0,0.0,8.0,0.0,0.0,0.0,5.0,0.0,0.0,0.0,0.0,0.0,0.0,0.0,0.0,0.0,0.0,0.0,19.0,0.0,0.0,0.0,19.0,19.0,,,gaming_interest,gaming,,,,,,,,,,,1.0,1.0
2.0,153.5,5.0,45.0,0.0,5.0,3.0,0.0,0.0,0.0,0.0,0.0,2.0,0.0,0.0,0.0,0.0,0.0,0.0,10.0,3.0,0.0,0.0,0.0,0.0,0.0,0.0,10.0,10.0,,,food_interest,food,,,,,1.0,1.0,,,,,,
2.0,472.0,9.5,120.0,0.0,10.0,3.0,0.0,2.0,0.0,0.0,0.0,0.0,4.0,0.21052631578947367,0.0,0.0,19.0,3.0,0.0,0.0,0.0,0.0,0.0,0.0,0.0,0.0,19.0,19.0,,,crypto_interest,crypto,,,1.0,1.0,,,,,,,,
2.0,285.0,7.5,200.0,0.0,8.0,0.0,7.0,0.0,0.0,0.0,0.0,0.0,0.0,0.0,0.0,0.0,0.0,0.0,0.0,0.0,15.0,0.0,0.0,0.0,0.0,0.0,15.0,15.0,,,education_interest,education,,,,,,,1.0,1.0,,,,
2.0,205.0,6.5,90.0,0.0,8.0,0.0,2.0,0.0,3.0,0.0,0.0,0.0,0.0,0.0,13.0,0.0,0.0,0.0,0.0,0.0,0.0,0.0,0.0,0.0,0.0,0.0,13.0,13.0,,,fashion_interest,fashion,1.0,1.0,,,,,,,,,,
2.0,284.0,7.5,300.0,0.0,2.0,0.0,10.0,0.0,0.0,0.0,3.0,0.0,0.0,0.0,0.0,0.0,0.0,0.0,0.0,0.0,0.0,0.0,15.0,0.0,0.0,0.0,15.0,15.0,,,gaming_interest,gaming,,,,,,,,,,,1.0,1.0
1.0,171.0,6.0,0.0,0.0,1.0,0.0,0.0,0.0,0.0,0.0,0.0,0.0,0.0,0.0,0.0,0.0,0.0,0.0,0.0,0.0,0.0,0.0,0.0,0.0,0.0,0.0,6.0,6.0,,,general_interest,general,,,,,,,,,1.0,1.0,,
2.0,240.0,8.5,45.0,0.0,3.0,6.0,0.0,0.0,0.0,0.0,0.0,8.0,0.0,0.0,0.0,0.0,0.0,0.0,17.0,6.0,0.0,0.0,0.0,0.0,0.0,0.0,17.0,17.0,,,food_interest,food,,,,,1.0,1.0,,,,,,
2.0,246.0,8.0,200.0,0.0,12.0,0.0,4.0,0.0,0.0,0.0,0.0,0.0,0.0,0.0,0.0,0.0,0.0,0.0,0.0,0.0,16.0,0.0,0.0,0.0,0.0,0.0,16.0,16.0,,,education_interest,education,,,,,,,1.0,1.0,,,,
2.0,302.5,8.5,90.0,0.0,4.0,5.0,2.0,0.0,6.0,0.0,0.0,0.0,0.0,0.0,17.0,5.0,0.0,0.0,0.0,0.0,0.0,0.0,0.0,0.0,0.0,0.0,17.0,17.0,,,fashion_interest,fashion,1.0,1.0,,,,,,,,,,
2.0,313.5,7.0,60.0,0.0,7.0,0.0,0.0,0.0,0.0,0.0,0.0,6.0,1.0,0.07142857142857142,0.0,0.0,0.0,0.0,0.0,0.0,0.0,0.0,0.0,0.0,14.0,0.0,14.0,14.0,1.0,1.0,fintech_interest,fintech,,,,,,,,,,,,
2.0,255.5,8.0,45.0,0.0,3.0,9.0,0.0,0.0,0.0,0.0,0.0,4.0,0.0,0.0,0.0,0.0,0.0,0.0,16.0,9.0,0.0,0.0,0.0,0.0,0.0,0.0,16.0,16.0,,,food_interest,food,,,,,1.0,1.0,,,,,,
2.0,357.0,8.5,60.0,0.0,6.0,0.0,0.0,0.0,0.0,0.0,0.0,5.0,6.0,0.35294117647058826,0.0,0.0,0.0,0.0,0.0,0.0,0.0,0.0,0.0,0.0,17.0,0.0,17.0,17.0,1.0,1.0,fintech_interest,fintech,,,,,,,,,,,,
2.0,142.5,4.0,90.0,0.0,2.0,2.0,1.0,0.0,3.0,0.0,0.0,0.0,0.0,0.0,8.0,2.0,0.0,0.0,0.0,0.0,0.0,0.0,0.0,0.0,0.0,0.0,8.0,8.0,,,fashion_interest,fashion,1.0,1.0,,,,,,,,,,
1.0,364.0,10.0,0.0,0.0,1.0,0.0,0.0,0.0,0.0,0.0,0.0,0.0,0.0,0.0,0.0,0.0,0.0,0.0,0.0,0.0,0.0,0.0,0.0,0.0,0.0,0.0,10.0,10.0,,,general_interest,general,,,,,,,,,1.0,1.0,,
2.0,197.5,6.5,200.0,0.0,11.0,0.0,2.0,0.0,0.0,0.0,0.0,0.0,0.0,0.0,0.0,0.0,0.0,0.0,0.0,0.0,13.0,0.0,0.0,0.0,0.0,0.0,13.0,13.0,,,education_interest,education,,,,,,,1.0,1.0,,,,
2.0,316.5,9.0,90.0,0.0,4.0,1.0,5.0,0.0,8.0,0.0,0.0,0.0,0.0,0.0,18.0,1.0,0.0,0.0,0.0,0.0,0.0,0.0,0.0,0.0,0.0,0.0,18.0,18.0,,,fashion_interest,fashion,1.0,1.0,,,,,,,,,,
2.0,212.0,5.0,120.0,0.0,3.0,2.0,0.0,0.0,0.0,0.0,0.0,0.0,5.0,0.5,0.0,0.0,10.0,2.0,0.0,0.0,0.0,0.0,0.0,0.0,0.0,0.0,10.0,10.0,,,crypto_interest,crypto,,,1.0,1.0,,,,,,,,
2.0,208.0,7.5,90.0,0.0,5.0,2.0,2.0,0.0,6.0,0.0,0.0,0.0,0.0,0.0,15.0,2.0,0.0,0.0,0.0,0.0,0.0,0.0,0.0,0.0,0.0,0.0,15.0,15.0,,,fashion_interest,fashion,1.0,1.0,,,,,,,,,,
2.0,398.5,9.5,300.0,0.0,2.0,0.0,12.0,0.0,0.0,0.0,5.0,0.0,0.0,0.0,0.0,0.0,0.0,0.0,0.0,0.0,0.0,0.0,19.0,0.0,0.0,0.0,19.0,19.0,,,gaming_interest,gaming,,,,,,,,,,,1.0,1.0
2.0,253.0,6.5,60.0,0.0,2.0,0.0,0.0,0.0,0.0,0.0,0.0,6.0,5.0,0.38461538461538464,0.0,0.0,0.0,0.0,0.0,0.0,0.0,0.0,0.0,0.0,13.0,0.0,13.0,13.0,1.0,1.0,fintech_interest,fintech,,,,,,,,,,,,
2.0,220.0,6.0,300.0,0.0,1.0,0.0,7.0,0.0,0.0,0.0,4.0,0.0,0.0,0.0,0.0,0.0,0.0,0.0,0.0,0.0,0.0,0.0,12.0,0.0,0.0,0.0,12.0,12.0,,,gaming_interest,gaming,,,,,,,,,,,1.0,1.0
2.0,280.0,7.5,300.0,0.0,4.0,0.0,8.0,0.0,0.0,0.0,3.0,0.0,0.0,0.0,0.0,0.0,0.0,0.0,0.0,0.0,0.0,0.0,15.0,0.0,0.0,0.0,15.0,15.0,,,gaming_interest,gaming,,,,,,,,,,,1.0,1.0
2.0,206.0,6.5,300.0,0.0,3.0,0.0,7.0,0.0,0.0,0.0,3.0,0.0,0.0,0.0,0.0,0.0,0.0,0.0,0.0,0.0,0.0,0.0,13.0,0.0,0.0,0.0,13.0,13.0,,,gaming_interest,gaming,,,,,,,,,,,1.0,1.0
2.0,300.0,7.5,60.0,0.0,5.0,0.0,0.0,0.0,0.0,0.0,0.0,4.0,6.0,0.4,0.0,0.0,0.0,0.0,0.0,0.0,0.0,0.0,0.0,0.0,15.0,0.0,15.0,15.0,1.0,1.0,fintech_interest,fintech,,,,,,,,,,,,
2.0,162.5,4.5,200.0,0.0,7.0,0.0,2.0,0.0,0.0,0.0,0.0,0.0,0.0,0.0,0.0,0.0,0.0,0.0,0.0,0.0,9.0,0.0,0.0,0.0,0.0,0.0,9.0,9.0,,,education_interest,education,,,,,,,1.0,1.0,,,,
2.0,84.0,6.5,0.0,0.0,5.0,3.0,0.0,3.0,0.0,0.0,0.0,0.0,2.0,0.15384615384615385,0.0,0.0,13.0,3.0,0.0,0.0,0.0,0.0,0.0,0.0,0.0,0.0,13.0,13.0,,,crypto_interest,crypto,,,1.0,1.0,,,,,,,,
2.0,153.0,5.5,300.0,0.0,1.0,0.0,8.0,0.0,0.0,0.0,2.0,0.0,0.0,0.0,0.0,0.0,0.0,0.0,0.0,0.0,0.0,0.0,11.0,0.0,0.0,0.0,11.0,11.0,,,gaming_interest,gaming,,,,,,,,,,,1.0,1.0
2.0,206.0,7.5,90.0,0.0,4.0,3.0,4.0,0.0,4.0,0.0,0.0,0.0,0.0,0.0,15.0,3.0,0.0,0.0,0.0,0.0,0.0,0.0,0.0,0.0,0.0,0.0,15.0,15.0,,,fashion_interest,fashion,1.0,1.0,,,,,,,,,,
2.0,271.5,7.0,45.0,0.0,3.0,6.0,0.0,0.0,0.0,0.0,0.0,5.0,0.0,0.0,0.0,0.0,0.0,0.0,14.0,6.0,0.0,0.0,0.0,0.0,0.0,0.0,14.0,14.0,,,food_interest,food,,,,,1.0,1.0,,,,,,
2.0,371.0,9.0,0.0,0.0,9.0,3.0,0.0,2.0,0.0,0.0,0.0,0.0,4.0,0.2222222222222222,0.0,0.0,18.0,3.0,0.0,0.0,0.0,0.0,0.0,0.0,0.0,0.0,18.0,18.0,,,crypto_interest,crypto,,,1.0,1.0,,,,,,,,
2.0,342.5,8.0,120.0,0.0,4.0,5.0,0.0,2.0,0.0,0.0,0.0,0.0,5.0,0.3125,0.0,0.0,16.0,5.0,0.0,0.0,0.0,0.0,0.0,0.0,0.0,0.0,16.0,16.0,,,crypto_interest,crypto,,,1.0,1.0,,,,,,,,
2.0,145.0,5.5,90.0,0.0,3.0,1.0,3.0,0.0,4.0,0.0,0.0,0.0,0.0,0.0,11.0,1.0,0.0,0.0,0.0,0.0,0.0,0.0,0.0,0.0,0.0,0.0,11.0,11.0,,,fashion_interest,fashion,1.0,1.0,,,,,,,,,,
2.0,155.0,5.0,45.0,0.0,1.0,5.0,0.0,0.0,0.0,0.0,0.0,4.0,0.0,0.0,0.0,0.0,0.0,0.0,10.0,5.0,0.0,0.0,0.0,0.0,0.0,0.0,10.0,10.0,,,food_interest,food,,,,,1.0,1.0,,,,,,
2.0,218.0,7.0,200.0,0.0,9.0,0.0,5.0,0.0,0.0,0.0,0.0,0.0,0.0,0.0,0.0,0.0,0.0,0.0,0.0,0.0,14.0,0.0,0.0,0.0,0.0,0.0,14.0,14.0,,,education_interest,education,,,,,,,1.0,1.0,,,,
2.0,221.0,6.0,300.0,0.0,1.0,0.0,9.0,0.0,0.0,0.0,2.0,0.0,0.0,0.0,0.0,0.0,0.0,0.0,0.0,0.0,0.0,0.0,12.0,0.0,0.0,0.0,12.0,12.0,,,gaming_interest,gaming,,,,,,,,,,,1.0,1.0
2.0,165.0,4.5,300.0,0.0,1.0,0.0,4.0,0.0,0.0,0.0,4.0,0.0,0.0,0.0,0.0,0.0,0.0,0.0,0.0,0.0,0.0,0.0,9.0,0.0,0.0,0.0,9.0,9.0,,,gaming_interest,gaming,,,,,,,,,,,1.0,1.0
2.0,253.5,8.0,45.0,0.0,8.0,5.0,0.0,0.0,0.0,0.0,0.0,3.0,0.0,0.0,0.0,0.0,0.0,0.0,16.0,5.0,0.0,0.0,0.0,0.0,0.0,0.0,16.0,16.0,,,food_interest,food,,,,,1.0,1.0,,,,,,
2.0,172.0,5.0,300.0,0.0,3.0,0.0,4.0,0.0,0.0,0.0,3.0,0.0,0.0,0.0,0.0,0.0,0.0,0.0,0.0,0.0,0.0,0.0,10.0,0.0,0.0,0.0,10.0,10.0,,,gaming_interest,gaming,,,,,,,,,,,1.0,1.0
2.0,206.5,7.0,120.0,0.0,4.0,1.0,0.0,2.0,0.0,0.0,0.0,0.0,7.0,0.5,0.0,0.0,14.0,1.0,0.0,0.0,0.0,0.0,0.0,0.0,0.0,0.0,14.0,14.0,,,general_interest,crypto,,,1.0,1.0,,,,,,,,
2.0,287.0,8.5,120.0,0.0,6.0,4.0,0.0,3.0,0.0,0.0,0.0,0.0,4.0,0.23529411764705882,0.0,0.0,17.0,4.0,0.0,0.0,0.0,0.0,0.0,0.0,0.0,0.0,17.0,17.0,,,crypto_interest,crypto,,,1.0,1.0,,,,,,,,
2.0,141.5,6.5,60.0,0.0,2.0,0.0,0.0,0.0,0.0,0.0,0.0,3.0,8.0,0.6153846153846154,0.0,0.0,0.0,0.0,0.0,0.0,0.0,0.0,0.0,0.0,13.0,0.0,13.0,13.0,1.0,1.0,fintech_interest,fintech,,,,,,,,,,,,
2.0,166.5,5.5,90.0,0.0,1.0,1.0,5.0,0.0,4.0,0.0,0.0,0.0,0.0,0.0,11.0,1.0,0.0,0.0,0.0,0.0,0.0,0.0,0.0,0.0,0.0,0.0,11.0,11.0,,,fashion_interest,fashion,1.0,1.0,,,,,,,,,,
2.0,211.5,7.0,120.0,0.0,7.0,2.0,0.0,3.0,0.0,0.0,0.0,0.0,2.0,0.14285714285714285,0.0,0.0,14.0,2.0,0.0,0.0,0.0,0.0,0.0,0.0,0.0,0.0,14.0,14.0,,,crypto_interest,crypto,,,1.0,1.0,,,,,,,,
2.0,316.0,6.5,200.0,0.0,6.0,0.0,7.0,0.0,0.0,0.0,0.0,0.0,0.0,0.0,0.0,0.0,0.0,0.0,0.0,0.0,13.0,0.0,0.0,0.0,0.0,0.0,13.0,13.0,,,education_interest,education,,,,,,,1.0,1.0,,,,
2.0,363.0,9.5,300.0,0.0,5.0,0.0,10.0,0.0,0.0,0.0,4.0,0.0,0.0,0.0,0.0,0.0,0.0,0.0,0.0,0.0,0.0,0.0,19.0,0.0,0.0,0.0,19.0,19.0,,,gaming_interest,gaming,,,,,,,,,,,1.0,1.0
2.0,159.5,6.0,300.0,0.0,5.0,0.0,3.0,0.0,0.0,0.0,4.0,0.0,0.0,0.0,0.0,0.0,0.0,0.0,0.0,0.0,0.0,0.0,12.0,0.0,0.0,0.0,12.0,12.0,,,gaming_interest,gaming,,,,,,,,,,,1.0,1.0
2.0,302.5,8.0,90.0,0.0,3.0,5.0,6.0,0.0,2.0,0.0,0.0,0.0,0.0,0.0,16.0,5.0,0.0,0.0,0.0,0.0,0.0,0.0,0.0,0.0,0.0,0.0,16.0,16.0,,,fashion_interest,fashion,1.0,1.0,,,,,,,,,,
2.0,170.0,5.5,45.0,0.0,3.0,1.0,0.0,0.0,0.0,0.0,0.0,7.0,0.0,0.0,0.0,0.0,0.0,0.0,11.0,1.0,0.0,0.0,0.0,0.0,0.0,0.0,11.0,11.0,,,food_interest,food,,,,,1.0,1.0,,,,,,
2.0,155.0,6.0,200.0,0.0,10.0,0.0,2.0,0.0,0.0,0.0,0.0,0.0,0.0,0.0,0.0,0.0,0.0,0.0,0.0,0.0,12.0,0.0,0.0,0.0,0.0,0.0,12.0,12.0,,,education_interest,education,,,,,,,1.0,1.0,,,,
2.0,285.5,7.5,300.0,0.0,4.0,0.0,6.0,0.0,0.0,0.0,5.0,0.0,0.0,0.0,0.0,0.0,0.0,0.0,0.0,0.0,0.0,0.0,15.0,0.0,0.0,0.0,15.0,15.0,,,gaming_interest,gaming,,,,,,,,,,,1.0,1.0
2.0,125.0,4.0,45.0,0.0,5.0,2.0,0.0,0.0,0.0,0.0,0.0,1.0,0.0,0.0,0.0,0.0,0.0,0.0,8.0,2.0,0.0,0.0,0.0,0.0,0.0,0.0,8.0,8.0,,,food_interest,food,,,,,1.0,1.0,,,,,,
2.0,134.0,4.5,200.0,0.0,8.0,0.0,1.0,0.0,0.0,0.0,0.0,0.0,0.0,0.0,0.0,0.0,0.0,0.0,0.0,0.0,9.0,0.0,0.0,0.0,0.0,0.0,9.0,9.0,,,education_interest,education,,,,,,,1.0,1.0,,,,
1.0,217.0,9.0,0.0,0.0,1.0,0.0,0.0,0.0,0.0,0.0,0.0,0.0,0.0,0.0,0.0,0.0,0.0,0.0,0.0,0.0,0.0,0.0,0.0,0.0,0.0,0.0,9.0,9.0,,,general_interest,general,,,,,,,,,1.0,1.0,,
1.0,138.0,5.0,0.0,0.0,3.0,0.0,0.0,0.0,0.0,0.0,0.0,0.0,0.0,0.0,0.0,0.0,0.0,0.0,0.0,0.0,0.0,0.0,0.0,0.0,0.0,0.0,5.0,5.0,,,general_interest,general,,,,,,,,,1.0,1.0,,
2.0,356.0,8.0,90.0,0.0,5.0,4.0,4.0,0.0,3.0,0.0,0.0,0.0,0.0,0.0,16.0,4.0,0.0,0.0,0.0,0.0,0.0,0.0,0.0,0.0,0.0,0.0,16.0,16.0,,,fashion_interest,fashion,1.0,1.0,,,,,,,,,,
2.0,247.0,7.0,90.0,0.0,2.0,3.0,2.0,0.0,7.0,0.0,0.0,0.0,0.0,0.0,14.0,3.0,0.0,0.0,0.0,0.0,0.0,0.0,0.0,0.0,0.0,0.0,14.0,14.0,,,fashion_interest,fashion,1.0,1.0,,,,,,,,,,
2.0,147.0,5.5,90.0,0.0,5.0,2.0,2.0,0.0,2.0,0.0,0.0,0.0,0.0,0.0,11.0,2.0,0.0,0.0,0.0,0.0,0.0,0.0,0.0,0.0,0.0,0.0,11.0,11.0,,,fashion_interest,fashion,1.0,1.0,,,,,,,,,,
2.0,288.0,7.5,200.0,0.0,10.0,0.0,5.0,0.0,0.0,0.0,0.0,0.0,0.0,0.0,0.0,0.0,0.0,0.0,0.0,0.0,15.0,0.0,0.0,0.0,0.0,0.0,15.0,15.0,,,education_interest,education,,,,,,,1.0,1.0,,,,
2.0,164.0,5.0,120.0,0.0,5.0,2.0,0.0,2.0,0.0,0.0,0.0,0.0,1.0,0.1,0.0,0.0,10.0,2.0,0.0,0.0,0.0,0.0,0.0,0.0,0.0,0.0,10.0,10.0,,,crypto_interest,crypto,,,1.0,1.0,,,,,,,,
2.0,187.5,5.5,60.0,0.0,6.0,0.0,0.0,0.0,0.0,0.0,0.0,5.0,0.0,0.0,0.0,0.0,0.0,0.0,0.0,0.0,0.0,0.0,0.0,0.0,11.0,0.0,11.0,11.0,1.0,1.0,fintech_interest,fintech,,,,,,,,,,,,
2.0,270.5,6.5,60.0,0.0,4.0,0.0,0.0,0.0,0.0,0.0,0.0,7.0,2.0,0.15384615384615385,0.0,0.0,0.0,0.0,0.0,0.0,0.0,0.0,0.0,0.0,13.0,0.0,13.0,13.0,1.0,1.0,fintech_interest,fintech,,,,,,,,,,,,
1.0,240.0,8.0,0.0,0.0,4.0,0.0,0.0,0.0,0.0,0.0,0.0,0.0,0.0,0.0,0.0,0.0,0.0,0.0,0.0,0.0,0.0,0.0,0.0,0.0,0.0,0.0,8.0,8.0,,,general_interest,general,,,,,,,,,1.0,1.0,,
2.0,330.0,7.5,120.0,0.0,10.0,1.0,0.0,1.0,0.0,0.0,0.0,0.0,3.0,0.2,0.0,0.0,15.0,1.0,0.0,0.0,0.0,0.0,0.0,0.0,0.0,0.0,15.0,15.0,,,general_interest,crypto,,,1.0,1.0,,,,,,,,
2.0,275.0,7.0,200.0,0.0,8.0,0.0,6.0,0.0,0.0,0.0,0.0,0.0,0.0,0.0,0.0,0.0,0.0,0.0,0.0,0.0,14.0,0.0,0.0,0.0,0.0,0.0,14.0,14.0,,,education_interest,education,,,,,,,1.0,1.0,,,,
2.0,162.0,7.5,60.0,0.0,8.0,0.0,0.0,0.0,0.0,0.0,0.0,3.0,4.0,0.26666666666666666,0.0,0.0,0.0,0.0,0.0,0.0,0.0,0.0,0.0,0.0,15.0,0.0,15.0,15.0,1.0,1.0,fintech_interest,fintech,,,,,,,,,,,,
2.0,264.0,6.0,200.0,0.0,8.0,0.0,4.0,0.0,0.0,0.0,0.0,0.0,0.0,0.0,0.0,0.0,0.0,0.0,0.0,0.0,12.0,0.0,0.0,0.0,0.0,0.0,12.0,12.0,,,education_interest,education,,,,,,,1.0,1.0,,,,
2.0,175.5,5.5,200.0,0.0,9.0,0.0,2.0,0.0,0.0,0.0,0.0,0.0,0.0,0.0,0.0,0.0,0.0,0.0,0.0,0.0,11.0,0.0,0.0,0.0,0.0,0.0,11.0,11.0,,,education_interest,education,,,,,,,1.0,1.0,,,,
2.0,151.5,6.0,90.0,0.0,4.0,4.0,1.0,0.0,3.0,0.0,0.0,0.0,0.0,0.0,12.0,4.0,0.0,0.0,0.0,0.0,0.0,0.0,0.0,0.0,0.0,0.0,12.0,12.0,,,fashion_interest,fashion,1.0,1.0,,,,,,,,,,
2.0,221.5,8.5,90.0,0.0,3.0,3.0,7.0,0.0,4.0,0.0,0.0,0.0,0.0,0.0,17.0,3.0,0.0,0.0,0.0,0.0,0.0,0.0,0.0,0.0,0.0,0.0,17.0,17.0,,,fashion_interest,fashion,1.0,1.0,,,,,,,,,,
2.0,294.5,7.5,300.0,0.0,4.0,0.0,5.0,0.0,0.0,0.0,6.0,0.0,0.0,0.0,0.0,0.0,0.0,0.0,0.0,0.0,0.0,0.0,15.0,0.0,0.0,0.0,15.0,15.0,,,gaming_interest,gaming,,,,,,,,,,,1.0,1.0
2.0,194.5,6.0,300.0,0.0,1.0,0.0,8.0,0.0,0.0,0.0,3.0,0.0,0.0,0.0,0.0,0.0,0.0,0.0,0.0,0.0,0.0,0.0,12.0,0.0,0.0,0.0,12.0,12.0,,,gaming_interest,gaming,,,,,,,,,,,1.0,1.0
2.0,276.0,7.5,45.0,0.0,7.0,3.0,0.0,0.0,0.0,0.0,0.0,5.0,0.0,0.0,0.0,0.0,0.0,0.0,15.0,3.0,0.0,0.0,0.0,0.0,0.0,0.0,15.0,15.0,,,food_interest,food,,,,,1.0,1.0,,,,,,
1.0,224.0,6.0,0.0,0.0,1.0,0.0,0.0,0.0,0.0,0.0,0.0,0.0,0.0,0.0,0.0,0.0,0.0,0.0,0.0,0.0,0.0,0.0,0.0,0.0,0.0,0.0,6.0,6.0,,,general_interest,general,,,,,,,,,1.0,1.0,,
2.0,230.5,6.0,120.0,0.0,8.0,3.0,0.0,1.0,0.0,0.0,0.0,0.0,0.0,0.0,0.0,0.0,12.0,3.0,0.0,0.0,0.0,0.0,0.0,0.0,0.0,0.0,12.0,12.0,,,crypto_interest,crypto,,,1.0,1.0,,,,,,,,
2.0,164.0,6.0,60.0,0.0,6.0,0.0,0.0,0.0,0.0,0.0,0.0,5.0,1.0,0.08333333333333333,0.0,0.0,0.0,0.0,0.0,0.0,0.0,0.0,0.0,0.0,12.0,0.0,12.0,12.0,1.0,1.0,fintech_interest,fintech,,,,,,,,,,,,
2.0,138.0,4.0,120.0,0.0,4.0,1.0,0.0,2.0,0.0,0.0,0.0,0.0,1.0,0.125,0.0,0.0,8.0,1.0,0.0,0.0,0.0,0.0,0.0,0.0,0.0,0.0,8.0,8.0,,,general_interest,crypto,,,1.0,1.0,,,,,,,,
2.0,167.5,6.0,60.0,0.0,4.0,0.0,0.0,0.0,0.0,0.0,0.0,5.0,3.0,0.25,0.0,0.0,0.0,0.0,0.0,0.0,0.0,0.0,0.0,0.0,12.0,0.0,12.0,12.0,1.0,1.0,fintech_interest,fintech,,,,,,,,,,,,
2.0,280.0,6.5,90.0,0.0,6.0,0.0,4.0,0.0,3.0,0.0,0.0,0.0,0.0,0.0,13.0,0.0,0.0,0.0,0.0,0.0,0.0,0.0,0.0,0.0,0.0,0.0,13.0,13.0,,,fashion_interest,fashion,1.0,1.0,,,,,,,,,,
2.0,341.5,7.5,90.0,0.0,4.0,5.0,4.0,0.0,2.0,0.0,0.0,0.0,0.0,0.0,15.0,5.0,0.0,0.0,0.0,0.0,0.0,0.0,0.0,0.0,0.0,0.0,15.0,15.0,,,fashion_interest,fashion,1.0,1.0,,,,,,,,,,
1.0,215.0,6.0,0.0,0.0,2.0,0.0,0.0,0.0,0.0,0.0,0.0,0.0,0.0,0.0,0.0,0.0,0.0,0.0,0.0,0.0,0.0,0.0,0.0,0.0,0.0,0.0,6.0,6.0,,,general_interest,general,,,,,,,,,1.0,1.0,,
2.0,268.5,9.0,60.0,0.0,5.0,0.0,0.0,0.0,0.0,0.0,0.0,5.0,8.0,0.4444444444444444,0.0,0.0,0.0,0.0,0.0,0.0,0.0,0.0,0.0,0.0,18.0,0.0,18.0,18.0,1.0,1.0,fintech_interest,fintech,,,,,,,,,,,,
2.0,259.0,6.5,90.0,0.0,6.0,3.0,3.0,0.0,1.0,0.0,0.0,0.0,0.0,0.0,13.0,3.0,0.0,0.0,0.0,0.0,0.0,0.0,0.0,0.0,0.0,0.0,13.0,13.0,,,fashion_interest,fashion,1.0,1.0,,,,,,,,,,
1.0,160.0,5.0,0.0,0.0,2.0,0.0,0.0,0.0,0.0,0.0,0.0,0.0,0.0,0.0,0.0,0.0,0.0,0.0,0.0,0.0,0.0,0.0,0.0,0.0,0.0,0.0,5.0,5.0,,,general_interest,general,,,,,,,,,1.0,1.0,,
2.0,313.5,6.5,200.0,0.0,10.0,0.0,3.0,0.0,0.0,0.0,0.0,0.0,0.0,0.0,0.0,0.0,0.0,0.0,0.0,0.0,13.0,0.0,0.0,0.0,0.0,0.0,13.0,13.0,,,education_interest,education,,,,,,,1.0,1.0,,,,
1.0,270.0,8.0,0.0,0.0,3.0,0.0,0.0,0.0,0.0,0.0,0.0,0.0,0.0,0.0,0.0,0.0,0.0,0.0,0.0,0.0,0.0,0.0,0.0,0.0,0.0,0.0,8.0,8.0,,,general_interest,general,,,,,,,,,1.0,1.0,,
1.0,72.0,4.0,0.0,0.0,1.0,0.0,0.0,0.0,0.0,0.0,0.0,0.0,0.0,0.0,0.0,0.0,0.0,0.0,0.0,0.0,0.0,0.0,0.0,0.0,0.0,0.0,4.0,4.0,,,general_interest,general,,,,,,,,,1.0,1.0,,
2.0,153.5,5.0,45.0,0.0,2.0,3.0,0.0,0.0,0.0,0.0,0.0,5.0,0.0,0.0,0.0,0.0,0.0,0.0,10.0,3.0,0.0,0.0,0.0,0.0,0.0,0.0,10.0,10.0,,,food_interest,food,,,,,1.0,1.0,,,,,,
2.0,211.5,5.5,45.0,0.0,4.0,4.0,0.0,0.0,0.0,0.0,0.0,3.0,0.0,0.0,0.0,0.0,0.0,0.0,11.0,4.0,0.0,0.0,0.0,0.0,0.0,0.0,11.0,11.0,,,food_interest,food,,,,,1.0,1.0,,,,,,
1.0,152.0,5.0,0.0,0.0,1.0,0.0,0.0,0.0,0.0,0.0,0.0,0.0,0.0,0.0,0.0,0.0,0.0,0.0,0.0,0.0,0.0,0.0,0.0,0.0,0.0,0.0,5.0,5.0,,,general_interest,general,,,,,,,,,1.0,1.0,,
2.0,377.0,9.0,120.0,0.0,6.0,4.0,0.0,6.0,0.0,0.0,0.0,0.0,2.0,0.1111111111111111,0.0,0.0,18.0,4.0,0.0,0.0,0.0,0.0,0.0,0.0,0.0,0.0,18.0,18.0,,,crypto_interest,crypto,,,1.0,1.0,,,,,,,,
2.0,245.0,7.0,200.0,0.0,9.0,0.0,5.0,0.0,0.0,0.0,0.0,0.0,0.0,0.0,0.0,0.0,0.0,0.0,0.0,0.0,14.0,0.0,0.0,0.0,0.0,0.0,14.0,14.0,,,education_interest,education,,,,,,,1.0,1.0,,,,
2.0,429.0,9.0,120.0,0.0,8.0,3.0,0.0,3.0,0.0,0.0,0.0,0.0,4.0,0.2222222222222222,0.0,0.0,18.0,3.0,0.0,0.0,0.0,0.0,0.0,0.0,0.0,0.0,18.0,18.0,,,crypto_interest,crypto,,,1.0,1.0,,,,,,,,
2.0,336.5,9.0,60.0,0.0,8.0,0.0,0.0,0.0,0.0,0.0,0.0,3.0,7.0,0.3888888888888889,0.0,0.0,0.0,0.0,0.0,0.0,0.0,0.0,0.0,0.0,18.0,0.0,18.0,18.0,1.0,1.0,fintech_interest,fintech,,,,,,,,,,,,
2.0,213.5,5.5,60.0,0.0,5.0,0.0,0.0,0.0,0.0,0.0,0.0,2.0,4.0,0.36363636363636365,0.0,0.0,0.0,0.0,0.0,0.0,0.0,0.0,0.0,0.0,11.0,0.0,11.0,11.0,1.0,1.0,fintech_interest,fintech,,,,,,,,,,,,
2.0,128.5,5.0,45.0,0.0,5.0,2.0,0.0,0.0,0.0,0.0,0.0,3.0,0.0,0.0,0.0,0.0,0.0,0.0,10.0,2.0,0.0,0.0,0.0,0.0,0.0,0.0,10.0,10.0,,,food_interest,food,,,,,1.0,1.0,,,,,,
2.0,229.5,5.5,60.0,0.0,6.0,0.0,0.0,0.0,0.0,0.0,0.0,1.0,4.0,0.36363636363636365,0.0,0.0,0.0,0.0,0.0,0.0,0.0,0.0,0.0,0.0,11.0,0.0,11.0,11.0,1.0,1.0,fintech_interest,fintech,,,,,,,,,,,,
1.0,48.0,4.0,0.0,0.0,0.0,0.0,0.0,0.0,0.0,0.0,0.0,0.0,0.0,0.0,0.0,0.0,0.0,0.0,0.0,0.0,0.0,0.0,0.0,0.0,0.0,0.0,4.0,4.0,,,general_interest,general,,,,,,,,,1.0,1.0,,
2.0,250.5,7.0,200.0,0.0,11.0,0.0,3.0,0.0,0.0,0.0,0.0,0.0,0.0,0.0,0.0,0.0,0.0,0.0,0.0,0.0,14.0,0.0,0.0,0.0,0.0,0.0,14.0,14.0,,,education_interest,education,,,,,,,1.0,1.0,,,,
1.0,420.0,8.0,0.0,0.0,2.0,0.0,0.0,0.0,0.0,0.0,0.0,0.0,0.0,0.0,0.0,0.0,0.0,0.0,0.0,0.0,0.0,0.0,0.0,0.0,0.0,0.0,8.0,8.0,,,general_interest,general,,,,,,,,,1.0,1.0,,
2.0,165.5,5.0,120.0,0.0,3.0,2.0,0.0,4.0,0.0,0.0,0.0,0.0,1.0,0.1,0.0,0.0,10.0,2.0,0.0,0.0,0.0,0.0,0.0,0.0,0.0,0.0,10.0,10.0,,,crypto_interest,crypto,,,1.0,1.0,,,,,,,,
2.0,181.5,5.0,60.0,0.0,2.0,0.0,0.0,0.0,0.0,0.0,0.0,4.0,4.0,0.4,0.0,0.0,0.0,0.0,0.0,0.0,0.0,0.0,0.0,0.0,10.0,0.0,10.0,10.0,1.0,1.0,fintech_interest,fintech,,,,,,,,,,,,
2.0,310.5,7.5,45.0,0.0,10.0,2.0,0.0,0.0,0.0,0.0,0.0,3.0,0.0,0.0,0.0,0.0,0.0,0.0,15.0,2.0,0.0,0.0,0.0,0.0,0.0,0.0,15.0,15.0,,,food_interest,food,,,,,1.0,1.0,,,,,,
2.0,304.0,7.5,90.0,0.0,3.0,5.0,6.0,0.0,1.0,0.0,0.0,0.0,0.0,0.0,15.0,5.0,0.0,0.0,0.0,0.0,0.0,0.0,0.0,0.0,0.0,0.0,15.0,15.0,,,fashion_interest,fashion,1.0,1.0,,,,,,,,,,
2.0,302.5,8.0,90.0,0.0,5.0,2.0,5.0,0.0,4.0,0.0,0.0,0.0,0.0,0.0,16.0,2.0,0.0,0.0,0.0,0.0,0.0,0.0,0.0,0.0,0.0,0.0,16.0,16.0,,,fashion_interest,fashion,1.0,1.0,,,,,,,,,,
2.0,200.5,5.5,200.0,0.0,10.0,0.0,1.0,0.0,0.0,0.0,0.0,0.0,0.0,0.0,0.0,0.0,0.0,0.0,0.0,0.0,11.0,0.0,0.0,0.0,0.0,0.0,11.0,11.0,,,education_interest,education,,,,,,,1.0,1.0,,,,
2.0,199.0,5.0,90.0,0.0,1.0,2.0,1.0,0.0,6.0,0.0,0.0,0.0,0.0,0.0,10.0,2.0,0.0,0.0,0.0,0.0,0.0,0.0,0.0,0.0,0.0,0.0,10.0,10.0,,,fashion_interest,fashion,1.0,1.0,,,,,,,,,,
1.0,240.0,5.0,0.0,0.0,1.0,0.0,0.0,0.0,0.0,0.0,0.0,0.0,0.0,0.0,0.0,0.0,0.0,0.0,0.0,0.0,0.0,0.0,0.0,0.0,0.0,0.0,5.0,5.0,,,general_interest,general,,,,,,,,,1.0,1.0,,
2.0,160.5,5.0,90.0,0.0,3.0,2.0,5.0,0.0,0.0,0.0,0.0,0.0,0.0,0.0,10.0,2.0,0.0,0.0,0.0,0.0,0.0,0.0,0.0,0.0,0.0,0.0,10.0,10.0,,,fashion_interest,fashion,1.0,1.0,,,,,,,,,,
1.0,102.0,4.0,0.0,0.0,2.0,0.0,0.0,0.0,0.0,0.0,0.0,0.0,0.0,0.0,0.0,0.0,0.0,0.0,0.0,0.0,0.0,0.0,0.0,0.0,0.0,0.0,4.0,4.0,,,general_interest,general,,,,,,,,,1.0,1.0,,
2.0,302.0,7.5,300.0,0.0,4.0,0.0,8.0,0.0,0.0,0.0,3.0,0.0,0.0,0.0,0.0,0.0,0.0,0.0,0.0,0.0,0.0,0.0,15.0,0.0,0.0,0.0,15.0,15.0,,,gaming_interest,gaming,,,,,,,,,,,1.0,1.0
2.0,319.5,8.0,300.0,0.0,1.0,0.0,12.0,0.0,0.0,0.0,3.0,0.0,0.0,0.0,0.0,0.0,0.0,0.0,0.0,0.0,0.0,0.0,16.0,0.0,0.0,0.0,16.0,16.0,,,gaming_interest,gaming,,,,,,,,,,,1.0,1.0
2.0,243.0,7.5,200.0,0.0,12.0,0.0,3.0,0.0,0.0,0.0,0.0,0.0,0.0,0.0,0.0,0.0,0.0,0.0,0.0,0.0,15.0,0.0,0.0,0.0,0.0,0.0,15.0,15.0,,,education_interest,education,,,,,,,1.0,1.0,,,,
2.0,197.0,6.0,90.0,0.0,1.0,3.0,6.0,0.0,2.0,0.0,0.0,0.0,0.0,0.0,12.0,3.0,0.0,0.0,0.0,0.0,0.0,0.0,0.0,0.0,0.0,0.0,12.0,12.0,,,fashion_interest,fashion,1.0,1.0,,,,,,,,,,
2.0,51.0,4.0,200.0,0.0,6.0,0.0,2.0,0.0,0.0,0.0,0.0,0.0,0.0,0.0,0.0,0.0,0.0,0.0,0.0,0.0,8.0,0.0,0.0,0.0,0.0,0.0,8.0,8.0,,,education_interest,education,,,,,,,1.0,1.0,,,,
2.0,417.0,9.5,120.0,0.0,6.0,5.0,0.0,6.0,0.0,0.0,0.0,0.0,2.0,0.10526315789473684,0.0,0.0,19.0,5.0,0.0,0.0,0.0,0.0,0.0,0.0,0.0,0.0,19.0,19.0,,,crypto_interest,crypto,,,1.0,1.0,,,,,,,,
2.0,170.0,7.0,90.0,0.0,3.0,3.0,5.0,0.0,3.0,0.0,0.0,0.0,0.0,0.0,14.0,3.0,0.0,0.0,0.0,0.0,0.0,0.0,0.0,0.0,0.0,0.0,14.0,14.0,,,fashion_interest,fashion,1.0,1.0,,,,,,,,,,
2.0,226.5,7.0,60.0,0.0,6.0,0.0,0.0,0.0,0.0,0.0,0.0,1.0,7.0,0.5,0.0,0.0,0.0,0.0,0.0,0.0,0.0,0.0,0.0,0.0,14.0,0.0,14.0,14.0,1.0,1.0,fintech_interest,fintech,,,,,,,,,,,,
2.0,178.0,6.0,45.0,0.0,5.0,5.0,0.0,0.0,0.0,0.0,0.0,2.0,0.0,0.0,0.0,0.0,0.0,0.0,12.0,5.0,0.0,0.0,0.0,0.0,0.0,0.0,12.0,12.0,,,food_interest,food,,,,,1.0,1.0,,,,,,
2.0,220.0,7.5,300.0,0.0,2.0,0.0,11.0,0.0,0.0,0.0,2.0,0.0,0.0,0.0,0.0,0.0,0.0,0.0,0.0,0.0,0.0,0.0,15.0,0.0,0.0,0.0,15.0,15.0,,,gaming_interest,gaming,,,,,,,,,,,1.0,1.0
2.0,314.0,8.5,60.0,0.0,9.0,0.0,0.0,0.0,0.0,0.0,0.0,5.0,3.0,0.17647058823529413,0.0,0.0,0.0,0.0,0.0,0.0,0.0,0.0,0.0,0.0,17.0,0.0,17.0,17.0,1.0,1.0,fintech_interest,fintech,,,,,,,,,,,,
2.0,168.0,4.5,300.0,0.0,2.0,0.0,3.0,0.0,0.0,0.0,4.0,0.0,0.0,0.0,0.0,0.0,0.0,0.0,0.0,0.0,0.0,0.0,9.0,0.0,0.0,0.0,9.0,9.0,,,gaming_interest,gaming,,,,,,,,,,,1.0,1.0
2.0,293.0,10.0,60.0,0.0,4.0,0.0,0.0,0.0,0.0,0.0,0.0,11.0,5.0,0.25,0.0,0.0,0.0,0.0,0.0,0.0,0.0,0.0,0.0,0.0,20.0,0.0,20.0,20.0,1.0,1.0,fintech_interest,fintech,,,,,,,,,,,,
2.0,200.5,7.0,60.0,0.0,4.0,0.0,0.0,0.0,0.0,0.0,0.0,1.0,9.0,0.6428571428571429,0.0,0.0,0.0,0.0,0.0,0.0,0.0,0.0,0.0,0.0,14.0,0.0,14.0,14.0,1.0,1.0,fintech_interest,fintech,,,,,,,,,,,,
2.0,339.5,9.0,60.0,0.0,6.0,0.0,0.0,0.0,0.0,0.0,0.0,6.0,6.0,0.3333333333333333,0.0,0.0,0.0,0.0,0.0,0.0,0.0,0.0,0.0,0.0,18.0,0.0,18.0,18.0,1.0,1.0,fintech_interest,fintech,,,,,,,,,,,,
2.0,339.0,7.5,45.0,0.0,4.0,4.0,0.0,0.0,0.0,0.0,0.0,7.0,0.0,0.0,0.0,0.0,0.0,0.0,15.0,4.0,0.0,0.0,0.0,0.0,0.0,0.0,15.0,15.0,,,food_interest,food,,,,,1.0,1.0,,,,,,
2.0,385.0,8.0,120.0,0.0,4.0,3.0,0.0,4.0,0.0,0.0,0.0,0.0,5.0,0.3125,0.0,0.0,16.0,3.0,0.0,0.0,0.0,0.0,0.0,0.0,0.0,0.0,16.0,16.0,,,crypto_interest,crypto,,,1.0,1.0,,,,,,,,
2.0,297.0,9.5,90.0,0.0,5.0,6.0,2.0,0.0,6.0,0.0,0.0,0.0,0.0,0.0,19.0,6.0,0.0,0.0,0.0,0.0,0.0,0.0,0.0,0.0,0.0,0.0,19.0,19.0,,,fashion_interest,fashion,1.0,1.0,,,,,,,,,,
2.0,375.0,9.0,45.0,0.0,6.0,4.0,0.0,0.0,0.0,0.0,0.0,8.0,0.0,0.0,0.0,0.0,0.0,0.0,18.0,4.0,0.0,0.0,0.0,0.0,0.0,0.0,18.0,18.0,,,food_interest,food,,,,,1.0,1.0,,,,,,
2.0,268.0,8.0,300.0,0.0,6.0,0.0,6.0,0.0,0.0,0.0,4.0,0.0,0.0,0.0,0.0,0.0,0.0,0.0,0.0,0.0,0.0,0.0,16.0,0.0,0.0,0.0,16.0,16.0,,,gaming_interest,gaming,,,,,,,,,,,1.0,1.0
2.0,261.5,6.5,90.0,0.0,5.0,5.0,2.0,0.0,1.0,0.0,0.0,0.0,0.0,0.0,13.0,5.0,0.0,0.0,0.0,0.0,0.0,0.0,0.0,0.0,0.0,0.0,13.0,13.0,,,fashion_interest,fashion,1.0,1.0,,,,,,,,,,
2.0,201.0,6.5,120.0,0.0,4.0,4.0,0.0,2.0,0.0,0.0,0.0,0.0,3.0,0.23076923076923078,0.0,0.0,13.0,4.0,0.0,0.0,0.0,0.0,0.0,0.0,0.0,0.0,13.0,13.0,,,crypto_interest,crypto,,,1.0,1.0,,,,,,,,
2.0,180.5,5.5,45.0,0.0,5.0,3.0,0.0,0.0,0.0,0.0,0.0,3.0,0.0,0.0,0.0,0.0,0.0,0.0,11.0,3.0,0.0,0.0,0.0,0.0,0.0,0.0,11.0,11.0,,,food_interest,food,,,,,1.0,1.0,,,,,,
2.0,213.0,6.0,90.0,0.0,1.0,4.0,4.0,0.0,3.0,0.0,0.0,0.0,0.0,0.0,12.0,4.0,0.0,0.0,0.0,0.0,0.0,0.0,0.0,0.0,0.0,0.0,12.0,12.0,,,fashion_interest,fashion,1.0,1.0,,,,,,,,,,
1.0,240.0,7.0,0.0,0.0,3.0,0.0,0.0,0.0,0.0,0.0,0.0,0.0,0.0,0.0,0.0,0.0,0.0,0.0,0.0,0.0,0.0,0.0,0.0,0.0,0.0,0.0,7.0,7.0,,,general_interest,general,,,,,,,,,1.0,1.0,,
1.0,190.0,7.0,0.0,0.0,3.0,0.0,0.0,0.0,0.0,0.0,0.0,0.0,0.0,0.0,0.0,0.0,0.0,0.0,0.0,0.0,0.0,0.0,0.0,0.0,0.0,0.0,7.0,7.0,,,general_interest,general,,,,,,,,,1.0,1.0,,
2.0,245.5,7.5,60.0,0.0,6.0,0.0,0.0,0.0,0.0,0.0,0.0,4.0,5.0,0.3333333333333333,0.0,0.0,0.0,0.0,0.0,0.0,0.0,0.0,0.0,0.0,15.0,0.0,15.0,15.0,1.0,1.0,fintech_interest,fintech,,,,,,,,,,,,
2.0,182.0,7.0,0.0,0.0,0.0,0.0,6.0,0.0,0.0,0.0,8.0,0.0,0.0,0.0,0.0,0.0,0.0,0.0,0.0,0.0,0.0,0.0,14.0,0.0,0.0,0.0,14.0,14.0,,,gaming_interest,gaming,,,,,,,,,,,1.0,1.0
1.0,172.0,7.0,0.0,0.0,3.0,0.0,0.0,0.0,0.0,0.0,0.0,0.0,0.0,0.0,0.0,0.0,0.0,0.0,0.0,0.0,0.0,0.0,0.0,0.0,0.0,0.0,7.0,7.0,,,general_interest,general,,,,,,,,,1.0,1.0,,
2.0,290.5,8.0,300.0,0.0,7.0,0.0,7.0,0.0,0.0,0.0,2.0,0.0,0.0,0.0,0.0,0.0,0.0,0.0,0.0,0.0,0.0,0.0,16.0,0.0,0.0,0.0,16.0,16.0,,,gaming_interest,gaming,,,,,,,,,,,1.0,1.0
2.0,291.0,8.5,90.0,0.0,4.0,2.0,5.0,0.0,6.0,0.0,0.0,0.0,0.0,0.0,17.0,2.0,0.0,0.0,0.0,0.0,0.0,0.0,0.0,0.0,0.0,0.0,17.0,17.0,,,fashion_interest,fashion,1.0,1.0,,,,,,,,,,
1.0,220.0,6.0,0.0,0.0,3.0,0.0,0.0,0.0,0.0,0.0,0.0,0.0,0.0,0.0,0.0,0.0,0.0,0.0,0.0,0.0,0.0,0.0,0.0,0.0,0.0,0.0,6.0,6.0,,,general_interest,general,,,,,,,,,1.0,1.0,,
2.0,181.5,6.0,200.0,0.0,7.0,0.0,5.0,0.0,0.0,0.0,0.0,0.0,0.0,0.0,0.0,0.0,0.0,0.0,0.0,0.0,12.0,0.0,0.0,0.0,0.0,0.0,12.0,12.0,,,education_interest,education,,,,,,,1.0,1.0,,,,
2.0,317.0,8.5,200.0,0.0,10.0,0.0,7.0,0.0,0.0,0.0,0.0,0.0,0.0,0.0,0.0,0.0,0.0,0.0,0.0,0.0,17.0,0.0,0.0,0.0,0.0,0.0,17.0,17.0,,,education_interest,education,,,,,,,1.0,1.0,,,,
2.0,320.0,7.0,200.0,0.0,11.0,0.0,3.0,0.0,0.0,0.0,0.0,0.0,0.0,0.0,0.0,0.0,0.0,0.0,0.0,0.0,14.0,0.0,0.0,0.0,0.0,0.0,14.0,14.0,,,education_interest,education,,,,,,,1.0,1.0,,,,
2.0,174.0,6.0,200.0,0.0,9.0,0.0,3.0,0.0,0.0,0.0,0.0,0.0,0.0,0.0,0.0,0.0,0.0,0.0,0.0,0.0,12.0,0.0,0.0,0.0,0.0,0.0,12.0,12.0,,,education_interest,education,,,,,,,1.0,1.0,,,,
2.0,251.5,7.0,300.0,0.0,6.0,0.0,5.0,0.0,0.0,0.0,3.0,0.0,0.0,0.0,0.0,0.0,0.0,0.0,0.0,0.0,0.0,0.0,14.0,0.0,0.0,0.0,14.0,14.0,,,gaming_interest,gaming,,,,,,,,,,,1.0,1.0
1.0,129.0,4.0,0.0,0.0,2.0,0.0,0.0,0.0,0.0,0.0,0.0,0.0,0.0,0.0,0.0,0.0,0.0,0.0,0.0,0.0,0.0,0.0,0.0,0.0,0.0,0.0,4.0,4.0,,,general_interest,general,,,,,,,,,1.0,1.0,,
1.0,357.0,9.0,0.0,0.0,1.0,0.0,0.0,0.0,0.0,0.0,0.0,0.0,0.0,0.0,0.0,0.0,0.0,0.0,0.0,0.0,0.0,0.0,0.0,0.0,0.0,0.0,9.0,9.0,,,general_interest,general,,,,,,,,,1.0,1.0,,
2.0,164.5,5.5,300.0,0.0,3.0,0.0,4.0,0.0,0.0,0.0,4.0,0.0,0.0,0.0,0.0,0.0,0.0,0.0,0.0,0.0,0.0,0.0,11.0,0.0,0.0,0.0,11.0,11.0,,,gaming_interest,gaming,,,,,,,,,,,1.0,1.0
2.0,356.5,8.0,90.0,0.0,6.0,2.0,4.0,0.0,4.0,0.0,0.0,0.0,0.0,0.0,16.0,2.0,0.0,0.0,0.0,0.0,0.0,0.0,0.0,0.0,0.0,0.0,16.0,16.0,,,fashion_interest,fashion,1.0,1.0,,,,,,,,,,
2.0,214.5,7.0,120.0,0.0,5.0,3.0,0.0,2.0,0.0,0.0,0.0,0.0,4.0,0.2857142857142857,0.0,0.0,14.0,3.0,0.0,0.0,0.0,0.0,0.0,0.0,0.0,0.0,14.0,14.0,,,crypto_interest,crypto,,,1.0,1.0,,,,,,,,
2.0,220.5,5.5,200.0,0.0,6.0,0.0,5.0,0.0,0.0,0.0,0.0,0.0,0.0,0.0,0.0,0.0,0.0,0.0,0.0,0.0,11.0,0.0,0.0,0.0,0.0,0.0,11.0,11.0,,,education_interest,education,,,,,,,1.0,1.0,,,,
2.0,244.0,6.5,45.0,0.0,4.0,5.0,0.0,0.0,0.0,0.0,0.0,4.0,0.0,0.0,0.0,0.0,0.0,0.0,13.0,5.0,0.0,0.0,0.0,0.0,0.0,0.0,13.0,13.0,,,food_interest,food,,,,,1.0,1.0,,,,,,
2.0,127.0,5.5,45.0,0.0,6.0,4.0,0.0,0.0,0.0,0.0,0.0,1.0,0.0,0.0,0.0,0.0,0.0,0.0,11.0,4.0,0.0,0.0,0.0,0.0,0.0,0.0,11.0,11.0,,,food_interest,food,,,,,1.0,1.0,,,,,,
2.0,157.5,6.0,60.0,0.0,7.0,0.0,0.0,0.0,0.0,0.0,0.0,4.0,1.0,0.08333333333333333,0.0,0.0,0.0,0.0,0.0,0.0,0.0,0.0,0.0,0.0,12.0,0.0,12.0,12.0,1.0,1.0,fintech_interest,fintech,,,,,,,,,,,,
2.0,157.0,4.5,45.0,0.0,2.0,5.0,0.0,0.0,0.0,0.0,0.0,2.0,0.0,0.0,0.0,0.0,0.0,0.0,9.0,5.0,0.0,0.0,0.0,0.0,0.0,0.0,9.0,9.0,,,food_interest,food,,,,,1.0,1.0,,,,,,
2.0,298.5,9.0,90.0,0.0,2.0,9.0,4.0,0.0,3.0,0.0,0.0,0.0,0.0,0.0,18.0,9.0,0.0,0.0,0.0,0.0,0.0,0.0,0.0,0.0,0.0,0.0,18.0,18.0,,,fashion_interest,fashion,1.0,1.0,,,,,,,,,,
1.0,406.0,9.0,0.0,0.0,6.0,0.0,0.0,0.0,0.0,0.0,0.0,0.0,0.0,0.0,0.0,0.0,0.0,0.0,0.0,0.0,0.0,0.0,0.0,0.0,0.0,0.0,9.0,9.0,,,general_interest,general,,,,,,,,,1.0,1.0,,
2.0,224.0,7.5,300.0,0.0,6.0,0.0,4.0,0.0,0.0,0.0,5.0,0.0,0.0,0.0,0.0,0.0,0.0,0.0,0.0,0.0,0.0,0.0,15.0,0.0,0.0,0.0,15.0,15.0,,,gaming_interest,gaming,,,,,,,,,,,1.0,1.0
2.0,183.0,6.0,45.0,0.0,3.0,4.0,0.0,0.0,0.0,0.0,0.0,5.0,0.0,0.0,0.0,0.0,0.0,0.0,12.0,4.0,0.0,0.0,0.0,0.0,0.0,0.0,12.0,12.0,,,food_interest,food,,,,,1.0,1.0,,,,,,
2.0,315.5,7.5,45.0,0.0,2.0,5.0,0.0,0.0,0.0,0.0,0.0,8.0,0.0,0.0,0.0,0.0,0.0,0.0,15.0,5.0,0.0,0.0,0.0,0.0,0.0,0.0,15.0,15.0,,,food_interest,food,,,,,1.0,1.0,,,,,,
2.0,206.5,6.5,200.0,0.0,7.0,0.0,6.0,0.0,0.0,0.0,0.0,0.0,0.0,0.0,0.0,0.0,0.0,0.0,0.0,0.0,13.0,0.0,0.0,0.0,0.0,0.0,13.0,13.0,,,education_interest,education,,,,,,,1.0,1.0,,,,
2.0,169.5,6.0,0.0,0.0,0.0,0.0,7.0,0.0,0.0,0.0,5.0,0.0,0.0,0.0,0.0,0.0,0.0,0.0,0.0,0.0,0.0,0.0,12.0,0.0,0.0,0.0,12.0,12.0,,,gaming_interest,gaming,,,,,,,,,,,1.0,1.0
2.0,221.0,8.5,300.0,0.0,3.0,0.0,13.0,0.0,0.0,0.0,1.0,0.0,0.0,0.0,0.0,0.0,0.0,0.0,0.0,0.0,0.0,0.0,17.0,0.0,0.0,0.0,17.0,17.0,,,gaming_interest,gaming,,,,,,,,,,,1.0,1.0
2.0,311.0,9.0,120.0,0.0,9.0,3.0,0.0,5.0,0.0,0.0,0.0,0.0,1.0,0.05555555555555555,0.0,0.0,18.0,3.0,0.0,0.0,0.0,0.0,0.0,0.0,0.0,0.0,18.0,18.0,,,crypto_interest,crypto,,,1.0,1.0,,,,,,,,
2.0,189.0,5.5,200.0,0.0,8.0,0.0,3.0,0.0,0.0,0.0,0.0,0.0,0.0,0.0,0.0,0.0,0.0,0.0,0.0,0.0,11.0,0.0,0.0,0.0,0.0,0.0,11.0,11.0,,,education_interest,education,,,,,,,1.0,1.0,,,,
2.0,235.5,7.5,120.0,0.0,6.0,3.0,0.0,4.0,0.0,0.0,0.0,0.0,2.0,0.13333333333333333,0.0,0.0,15.0,3.0,0.0,0.0,0.0,0.0,0.0,0.0,0.0,0.0,15.0,15.0,,,crypto_interest,crypto,,,1.0,1.0,,,,,,,,
1.0,330.0,7.0,0.0,0.0,2.0,0.0,0.0,0.0,0.0,0.0,0.0,0.0,0.0,0.0,0.0,0.0,0.0,0.0,0.0,0.0,0.0,0.0,0.0,0.0,0.0,0.0,7.0,7.0,,,general_interest,general,,,,,,,,,1.0,1.0,,
2.0,302.0,8.0,45.0,0.0,4.0,5.0,0.0,0.0,0.0,0.0,0.0,7.0,0.0,0.0,0.0,0.0,0.0,0.0,16.0,5.0,0.0,0.0,0.0,0.0,0.0,0.0,16.0,16.0,,,food_interest,food,,,,,1.0,1.0,,,,,,
2.0,320.0,8.0,45.0,0.0,7.0,3.0,0.0,0.0,0.0,0.0,0.0,6.0,0.0,0.0,0.0,0.0,0.0,0.0,16.0,3.0,0.0,0.0,0.0,0.0,0.0,0.0,16.0,16.0,,,food_interest,food,,,,,1.0,1.0,,,,,,
2.0,425.0,10.0,60.0,0.0,5.0,0.0,0.0,0.0,0.0,0.0,0.0,8.0,7.0,0.35,0.0,0.0,0.0,0.0,0.0,0.0,0.0,0.0,0.0,0.0,20.0,0.0,20.0,20.0,1.0,1.0,fintech_interest,fintech,,,,,,,,,,,,
2.0,258.0,6.5,300.0,0.0,3.0,0.0,7.0,0.0,0.0,0.0,3.0,0.0,0.0,0.0,0.0,0.0,0.0,0.0,0.0,0.0,0.0,0.0,13.0,0.0,0.0,0.0,13.0,13.0,,,gaming_interest,gaming,,,,,,,,,,,1.0,1.0
2.0,295.5,9.5,200.0,0.0,13.0,0.0,6.0,0.0,0.0,0.0,0.0,0.0,0.0,0.0,0.0,0.0,0.0,0.0,0.0,0.0,19.0,0.0,0.0,0.0,0.0,0.0,19.0,19.0,,,education_interest,education,,,,,,,1.0,1.0,,,,
2.0,164.0,5.5,45.0,0.0,1.0,9.0,0.0,0.0,0.0,0.0,0.0,1.0,0.0,0.0,0.0,0.0,0.0,0.0,11.0,9.0,0.0,0.0,0.0,0.0,0.0,0.0,11.0,11.0,,,food_interest,food,,,,,1.0,1.0,,,,,,
2.0,303.0,7.0,300.0,0.0,4.0,0.0,6.0,0.0,0.0,0.0,4.0,0.0,0.0,0.0,0.0,0.0,0.0,0.0,0.0,0.0,0.0,0.0,14.0,0.0,0.0,0.0,14.0,14.0,,,gaming_interest,gaming,,,,,,,,,,,1.0,1.0
2.0,179.0,7.0,45.0,0.0,7.0,3.0,0.0,0.0,0.0,0.0,0.0,4.0,0.0,0.0,0.0,0.0,0.0,0.0,14.0,3.0,0.0,0.0,0.0,0.0,0.0,0.0,14.0,14.0,,,food_interest,food,,,,,1.0,1.0,,,,,,
2.0,225.0,8.0,300.0,0.0,4.0,0.0,6.0,0.0,0.0,0.0,6.0,0.0,0.0,0.0,0.0,0.0,0.0,0.0,0.0,0.0,0.0,0.0,16.0,0.0,0.0,0.0,16.0,16.0,,,gaming_interest,gaming,,,,,,,,,,,1.0,1.0
2.0,406.5,9.0,45.0,0.0,7.0,5.0,0.0,0.0,0.0,0.0,0.0,6.0,0.0,0.0,0.0,0.0,0.0,0.0,18.0,5.0,0.0,0.0,0.0,0.0,0.0,0.0,18.0,18.0,,,food_interest,food,,,,,1.0,1.0,,,,,,
2.0,275.0,8.5,45.0,0.0,5.0,6.0,0.0,0.0,0.0,0.0,0.0,6.0,0.0,0.0,0.0,0.0,0.0,0.0,17.0,6.0,0.0,0.0,0.0,0.0,0.0,0.0,17.0,17.0,,,food_interest,food,,,,,1.0,1.0,,,,,,
2.0,280.0,7.5,60.0,0.0,3.0,0.0,0.0,0.0,0.0,0.0,0.0,9.0,3.0,0.2,0.0,0.0,0.0,0.0,0.0,0.0,0.0,0.0,0.0,0.0,15.0,0.0,15.0,15.0,1.0,1.0,fintech_interest,fintech,,,,,,,,,,,,
2.0,202.0,6.5,60.0,0.0,3.0,0.0,0.0,0.0,0.0,0.0,0.0,5.0,5.0,0.38461538461538464,0.0,0.0,0.0,0.0,0.0,0.0,0.0,0.0,0.0,0.0,13.0,0.0,13.0,13.0,1.0,1.0,fintech_interest,fintech,,,,,,,,,,,,
2.0,359.0,8.5,300.0,0.0,3.0,0.0,10.0,0.0,0.0,0.0,4.0,0.0,0.0,0.0,0.0,0.0,0.0,0.0,0.0,0.0,0.0,0.0,17.0,0.0,0.0,0.0,17.0,17.0,,,gaming_interest,gaming,,,,,,,,,,,1.0,1.0
1.0,315.0,9.0,0.0,0.0,4.0,0.0,0.0,0.0,0.0,0.0,0.0,0.0,0.0,0.0,0.0,0.0,0.0,0.0,0.0,0.0,0.0,0.0,0.0,0.0,0.0,0.0,9.0,9.0,,,general_interest,general,,,,,,,,,1.0,1.0,,
2.0,210.0,5.5,200.0,0.0,7.0,0.0,4.0,0.0,0.0,0.0,0.0,0.0,0.0,0.0,0.0,0.0,0.0,0.0,0.0,0.0,11.0,0.0,0.0,0.0,0.0,0.0,11.0,11.0,,,education_interest,education,,,,,,,1.0,1.0,,,,
2.0,158.0,5.0,300.0,0.0,2.0,0.0,4.0,0.0,0.0,0.0,4.0,0.0,0.0,0.0,0.0,0.0,0.0,0.0,0.0,0.0,0.0,0.0,10.0,0.0,0.0,0.0,10.0,10.0,,,gaming_interest,gaming,,,,,,,,,,,1.0,1.0
2.0,405.5,8.5,200.0,0.0,10.0,0.0,7.0,0.0,0.0,0.0,0.0,0.0,0.0,0.0,0.0,0.0,0.0,0.0,0.0,0.0,17.0,0.0,0.0,0.0,0.0,0.0,17.0,17.0,,,education_interest,education,,,,,,,1.0,1.0,,,,
1.0,240.0,8.0,0.0,0.0,3.0,0.0,0.0,0.0,0.0,0.0,0.0,0.0,0.0,0.0,0.0,0.0,0.0,0.0,0.0,0.0,0.0,0.0,0.0,0.0,0.0,0.0,8.0,8.0,,,general_interest,general,,,,,,,,,1.0,1.0,,
2.0,220.0,6.0,0.0,0.0,0.0,3.0,3.0,0.0,6.0,0.0,0.0,0.0,0.0,0.0,12.0,3.0,0.0,0.0,0.0,0.0,0.0,0.0,0.0,0.0,0.0,0.0,12.0,12.0,,,fashion_interest,fashion,1.0,1.0,,,,,,,,,,
2.0,400.0,9.5,120.0,0.0,13.0,2.0,0.0,1.0,0.0,0.0,0.0,0.0,3.0,0.15789473684210525,0.0,0.0,19.0,2.0,0.0,0.0,0.0,0.0,0.0,0.0,0.0,0.0,19.0,19.0,,,crypto_interest,crypto,,,1.0,1.0,,,,,,,,
2.0,190.5,5.5,60.0,0.0,4.0,0.0,0.0,0.0,0.0,0.0,0.0,2.0,5.0,0.45454545454545453,0.0,0.0,0.0,0.0,0.0,0.0,0.0,0.0,0.0,0.0,11.0,0.0,11.0,11.0,1.0,1.0,fintech_interest,fintech,,,,,,,,,,,,
2.0,282.0,9.0,200.0,0.0,14.0,0.0,4.0,0.0,0.0,0.0,0.0,0.0,0.0,0.0,0.0,0.0,0.0,0.0,0.0,0.0,18.0,0.0,0.0,0.0,0.0,0.0,18.0,18.0,,,education_interest,education,,,,,,,1.0,1.0,,,,
2.0,235.5,5.5,300.0,0.0,2.0,0.0,6.0,0.0,0.0,0.0,3.0,0.0,0.0,0.0,0.0,0.0,0.0,0.0,0.0,0.0,0.0,0.0,11.0,0.0,0.0,0.0,11.0,11.0,,,gaming_interest,gaming,,,,,,,,,,,1.0,1.0
2.0,178.0,5.0,0.0,0.0,0.0,5.0,0.0,0.0,5.0,0.0,0.0,0.0,0.0,0.0,10.0,5.0,0.0,0.0,0.0,0.0,0.0,0.0,0.0,0.0,0.0,0.0,10.0,10.0,,,fashion_interest,fashion,1.0,1.0,,,,,,,,,,
2.0,344.5,8.0,45.0,0.0,3.0,8.0,0.0,0.0,0.0,0.0,0.0,5.0,0.0,0.0,0.0,0.0,0.0,0.0,16.0,8.0,0.0,0.0,0.0,0.0,0.0,0.0,16.0,16.0,,,food_interest,food,,,,,1.0,1.0,,,,,,
2.0,209.0,6.5,45.0,0.0,3.0,5.0,0.0,0.0,0.0,0.0,0.0,5.0,0.0,0.0,0.0,0.0,0.0,0.0,13.0,5.0,0.0,0.0,0.0,0.0,0.0,0.0,13.0,13.0,,,food_interest,food,,,,,1.0,1.0,,,,,,
2.0,150.0,6.5,90.0,0.0,3.0,1.0,3.0,0.0,6.0,0.0,0.0,0.0,0.0,0.0,13.0,1.0,0.0,0.0,0.0,0.0,0.0,0.0,0.0,0.0,0.0,0.0,13.0,13.0,,,fashion_interest,fashion,1.0,1.0,,,,,,,,,,
2.0,294.0,6.5,45.0,0.0,6.0,3.0,0.0,0.0,0.0,0.0,0.0,4.0,0.0,0.0,0.0,0.0,0.0,0.0,13.0,3.0,0.0,0.0,0.0,0.0,0.0,0.0,13.0,13.0,,,food_interest,food,,,,,1.0,1.0,,,,,,
2.0,333.0,9.0,200.0,0.0,16.0,0.0,2.0,0.0,0.0,0.0,0.0,0.0,0.0,0.0,0.0,0.0,0.0,0.0,0.0,0.0,18.0,0.0,0.0,0.0,0.0,0.0,18.0,18.0,,,education_interest,education,,,,,,,1.0,1.0,,,,
2.0,258.0,6.5,90.0,0.0,3.0,4.0,4.0,0.0,2.0,0.0,0.0,0.0,0.0,0.0,13.0,4.0,0.0,0.0,0.0,0.0,0.0,0.0,0.0,0.0,0.0,0.0,13.0,13.0,,,fashion_interest,fashion,1.0,1.0,,,,,,,,,,
2.0,180.0,5.0,60.0,0.0,3.0,0.0,0.0,0.0,0.0,0.0,0.0,1.0,6.0,0.6,0.0,0.0,0.0,0.0,0.0,0.0,0.0,0.0,0.0,0.0,10.0,0.0,10.0,10.0,1.0,1.0,fintech_interest,fintech,,,,,,,,,,,,
2.0,273.0,8.0,60.0,0.0,4.0,0.0,0.0,0.0,0.0,0.0,0.0,6.0,6.0,0.375,0.0,0.0,0.0,0.0,0.0,0.0,0.0,0.0,0.0,0.0,16.0,0.0,16.0,16.0,1.0,1.0,fintech_interest,fintech,,,,,,,,,,,,
2.0,220.5,7.0,60.0,0.0,8.0,0.0,0.0,0.0,0.0,0.0,0.0,3.0,3.0,0.21428571428571427,0.0,0.0,0.0,0.0,0.0,0.0,0.0,0.0,0.0,0.0,14.0,0.0,14.0,14.0,1.0,1.0,fintech_interest,fintech,,,,,,,,,,,,
2.0,274.0,6.5,90.0,0.0,5.0,3.0,1.0,0.0,4.0,0.0,0.0,0.0,0.0,0.0,13.0,3.0,0.0,0.0,0.0,0.0,0.0,0.0,0.0,0.0,0.0,0.0,13.0,13.0,,,fashion_interest,fashion,1.0,1.0,,,,,,,,,,
2.0,256.5,7.5,45.0,0.0,8.0,5.0,0.0,0.0,0.0,0.0,0.0,2.0,0.0,0.0,0.0,0.0,0.0,0.0,15.0,5.0,0.0,0.0,0.0,0.0,0.0,0.0,15.0,15.0,,,food_interest,food,,,,,1.0,1.0,,,,,,
2.0,80.0,4.0,200.0,0.0,5.0,0.0,3.0,0.0,0.0,0.0,0.0,0.0,0.0,0.0,0.0,0.0,0.0,0.0,0.0,0.0,8.0,0.0,0.0,0.0,0.0,0.0,8.0,8.0,,,education_interest,education,,,,,,,1.0,1.0,,,,
2.0,465.5,10.0,90.0,0.0,5.0,4.0,10.0,0.0,1.0,0.0,0.0,0.0,0.0,0.0,20.0,4.0,0.0,0.0,0.0,0.0,0.0,0.0,0.0,0.0,0.0,0.0,20.0,20.0,,,fashion_interest,fashion,1.0,1.0,,,,,,,,,,
2.0,237.5,6.5,300.0,0.0,2.0,0.0,8.0,0.0,0.0,0.0,3.0,0.0,0.0,0.0,0.0,0.0,0.0,0.0,0.0,0.0,0.0,0.0,13.0,0.0,0.0,0.0,13.0,13.0,,,gaming_interest,gaming,,,,,,,,,,,1.0,1.0
2.0,501.0,10.0,200.0,0.0,15.0,0.0,5.0,0.0,0.0,0.0,0.0,0.0,0.0,0.0,0.0,0.0,0.0,0.0,0.0,0.0,20.0,0.0,0.0,0.0,0.0,0.0,20.0,20.0,,,education_interest,education,,,,,,,1.0,1.0,,,,
2.0,304.5,9.0,120.0,0.0,7.0,4.0,0.0,4.0,0.0,0.0,0.0,0.0,3.0,0.16666666666666666,0.0,0.0,18.0,4.0,0.0,0.0,0.0,0.0,0.0,0.0,0.0,0.0,18.0,18.0,,,crypto_interest,crypto,,,1.0,1.0,,,,,,,,
2.0,282.5,8.0,60.0,0.0,4.0,0.0,0.0,0.0,0.0,0.0,0.0,6.0,6.0,0.375,0.0,0.0,0.0,0.0,0.0,0.0,0.0,0.0,0.0,0.0,16.0,0.0,16.0,16.0,1.0,1.0,fintech_interest,fintech,,,,,,,,,,,,
2.0,312.0,8.0,120.0,0.0,4.0,3.0,0.0,4.0,0.0,0.0,0.0,0.0,5.0,0.3125,0.0,0.0,16.0,3.0,0.0,0.0,0.0,0.0,0.0,0.0,0.0,0.0,16.0,16.0,,,crypto_interest,crypto,,,1.0,1.0,,,,,,,,
2.0,317.5,8.5,120.0,0.0,6.0,5.0,0.0,4.0,0.0,0.0,0.0,0.0,2.0,0.11764705882352941,0.0,0.0,17.0,5.0,0.0,0.0,0.0,0.0,0.0,0.0,0.0,0.0,17.0,17.0,,,crypto_interest,crypto,,,1.0,1.0,,,,,,,,
2.0,156.5,5.5,90.0,0.0,4.0,2.0,3.0,0.0,2.0,0.0,0.0,0.0,0.0,0.0,11.0,2.0,0.0,0.0,0.0,0.0,0.0,0.0,0.0,0.0,0.0,0.0,11.0,11.0,,,fashion_interest,fashion,1.0,1.0,,,,,,,,,,
2.0,230.0,6.0,60.0,0.0,5.0,0.0,0.0,0.0,0.0,0.0,0.0,4.0,3.0,0.25,0.0,0.0,0.0,0.0,0.0,0.0,0.0,0.0,0.0,0.0,12.0,0.0,12.0,12.0,1.0,1.0,fintech_interest,fintech,,,,,,,,,,,,
1.0,154.0,8.0,0.0,0.0,2.0,0.0,0.0,0.0,0.0,0.0,0.0,0.0,0.0,0.0,0.0,0.0,0.0,0.0,0.0,0.0,0.0,0.0,0.0,0.0,0.0,0.0,8.0,8.0,,,general_interest,general,,,,,,,,,1.0,1.0,,
2.0,298.0,8.5,90.0,0.0,7.0,4.0,3.0,0.0,3.0,0.0,0.0,0.0,0.0,0.0,17.0,4.0,0.0,0.0,0.0,0.0,0.0,0.0,0.0,0.0,0.0,0.0,17.0,17.0,,,fashion_interest,fashion,1.0,1.0,,,,,,,,,,
2.0,353.5,9.0,90.0,0.0,9.0,5.0,0.0,0.0,4.0,0.0,0.0,0.0,0.0,0.0,18.0,5.0,0.0,0.0,0.0,0.0,0.0,0.0,0.0,0.0,0.0,0.0,18.0,18.0,,,fashion_interest,fashion,1.0,1.0,,,,,,,,,,
2.0,420.0,8.5,300.0,0.0,7.0,0.0,6.0,0.0,0.0,0.0,4.0,0.0,0.0,0.0,0.0,0.0,0.0,0.0,0.0,0.0,0.0,0.0,17.0,0.0,0.0,0.0,17.0,17.0,,,gaming_interest,gaming,,,,,,,,,,,1.0,1.0
2.0,155.0,6.5,300.0,0.0,3.0,0.0,5.0,0.0,0.0,0.0,5.0,0.0,0.0,0.0,0.0,0.0,0.0,0.0,0.0,0.0,0.0,0.0,13.0,0.0,0.0,0.0,13.0,13.0,,,gaming_interest,gaming,,,,,,,,,,,1.0,1.0
2.0,226.5,5.5,120.0,0.0,4.0,3.0,0.0,3.0,0.0,0.0,0.0,0.0,1.0,0.09090909090909091,0.0,0.0,11.0,3.0,0.0,0.0,0.0,0.0,0.0,0.0,0.0,0.0,11.0,11.0,,,crypto_interest,crypto,,,1.0,1.0,,,,,,,,
2.0,204.0,5.5,45.0,0.0,2.0,5.0,0.0,0.0,0.0,0.0,0.0,4.0,0.0,0.0,0.0,0.0,0.0,0.0,11.0,5.0,0.0,0.0,0.0,0.0,0.0,0.0,11.0,11.0,,,food_interest,food,,,,,1.0,1.0,,,,,,
2.0,102.0,5.0,90.0,0.0,1.0,4.0,2.0,0.0,3.0,0.0,0.0,0.0,0.0,0.0,10.0,4.0,0.0,0.0,0.0,0.0,0.0,0.0,0.0,0.0,0.0,0.0,10.0,10.0,,,fashion_interest,fashion,1.0,1.0,,,,,,,,,,
2.0,184.5,5.0,45.0,0.0,7.0,2.0,0.0,0.0,0.0,0.0,0.0,1.0,0.0,0.0,0.0,0.0,0.0,0.0,10.0,2.0,0.0,0.0,0.0,0.0,0.0,0.0,10.0,10.0,,,food_interest,food,,,,,1.0,1.0,,,,,,
2.0,260.0,6.5,60.0,0.0,7.0,0.0,0.0,0.0,0.0,0.0,0.0,2.0,4.0,0.3076923076923077,0.0,0.0,0.0,0.0,0.0,0.0,0.0,0.0,0.0,0.0,13.0,0.0,13.0,13.0,1.0,1.0,fintech_interest,fintech,,,,,,,,,,,,
1.0,420.0,9.0,0.0,0.0,2.0,0.0,0.0,0.0,0.0,0.0,0.0,0.0,0.0,0.0,0.0,0.0,0.0,0.0,0.0,0.0,0.0,0.0,0.0,0.0,0.0,0.0,9.0,9.0,,,general_interest,general,,,,,,,,,1.0,1.0,,
2.0,218.5,5.0,90.0,0.0,4.0,5.0,1.0,0.0,0.0,0.0,0.0,0.0,0.0,0.0,10.0,5.0,0.0,0.0,0.0,0.0,0.0,0.0,0.0,0.0,0.0,0.0,10.0,10.0,,,fashion_interest,fashion,1.0,1.0,,,,,,,,,,
2.0,237.5,7.0,200.0,0.0,11.0,0.0,3.0,0.0,0.0,0.0,0.0,0.0,0.0,0.0,0.0,0.0,0.0,0.0,0.0,0.0,14.0,0.0,0.0,0.0,0.0,0.0,14.0,14.0,,,education_interest,education,,,,,,,1.0,1.0,,,,
1.0,448.0,9.0,0.0,0.0,4.0,0.0,0.0,0.0,0.0,0.0,0.0,0.0,0.0,0.0,0.0,0.0,0.0,0.0,0.0,0.0,0.0,0.0,0.0,0.0,0.0,0.0,9.0,9.0,,,general_interest,general,,,,,,,,,1.0,1.0,,
2.0,156.5,5.5,200.0,0.0,5.0,0.0,6.0,0.0,0.0,0.0,0.0,0.0,0.0,0.0,0.0,0.0,0.0,0.0,0.0,0.0,11.0,0.0,0.0,0.0,0.0,0.0,11.0,11.0,,,education_interest,education,,,,,,,1.0,1.0,,,,
1.0,100.0,4.0,0.0,0.0,1.0,0.0,0.0,0.0,0.0,0.0,0.0,0.0,0.0,0.0,0.0,0.0,0.0,0.0,0.0,0.0,0.0,0.0,0.0,0.0,0.0,0.0,4.0,4.0,,,general_interest,general,,,,,,,,,1.0,1.0,,
2.0,309.5,8.5,90.0,0.0,4.0,7.0,1.0,0.0,5.0,0.0,0.0,0.0,0.0,0.0,17.0,7.0,0.0,0.0,0.0,0.0,0.0,0.0,0.0,0.0,0.0,0.0,17.0,17.0,,,fashion_interest,fashion,1.0,1.0,,,,,,,,,,
2.0,212.5,7.5,90.0,0.0,4.0,3.0,3.0,0.0,5.0,0.0,0.0,0.0,0.0,0.0,15.0,3.0,0.0,0.0,0.0,0.0,0.0,0.0,0.0,0.0,0.0,0.0,15.0,15.0,,,fashion_interest,fashion,1.0,1.0,,,,,,,,,,
2.0,123.0,6.0,45.0,0.0,6.0,3.0,0.0,0.0,0.0,0.0,0.0,3.0,0.0,0.0,0.0,0.0,0.0,0.0,12.0,3.0,0.0,0.0,0.0,0.0,0.0,0.0,12.0,12.0,,,food_interest,food,,,,,1.0,1.0,,,,,,
2.0,306.5,7.0,60.0,0.0,6.0,0.0,0.0,0.0,0.0,0.0,0.0,1.0,7.0,0.5,0.0,0.0,0.0,0.0,0.0,0.0,0.0,0.0,0.0,0.0,14.0,0.0,14.0,14.0,1.0,1.0,fintech_interest,fintech,,,,,,,,,,,,
2.0,207.0,7.5,60.0,0.0,7.0,0.0,0.0,0.0,0.0,0.0,0.0,4.0,4.0,0.26666666666666666,0.0,0.0,0.0,0.0,0.0,0.0,0.0,0.0,0.0,0.0,15.0,0.0,15.0,15.0,1.0,1.0,fintech_interest,fintech,,,,,,,,,,,,
2.0,266.5,6.5,90.0,0.0,3.0,3.0,5.0,0.0,2.0,0.0,0.0,0.0,0.0,0.0,13.0,3.0,0.0,0.0,0.0,0.0,0.0,0.0,0.0,0.0,0.0,0.0,13.0,13.0,,,fashion_interest,fashion,1.0,1.0,,,,,,,,,,
2.0,218.0,7.0,90.0,0.0,7.0,2.0,3.0,0.0,2.0,0.0,0.0,0.0,0.0,0.0,14.0,2.0,0.0,0.0,0.0,0.0,0.0,0.0,0.0,0.0,0.0,0.0,14.0,14.0,,,fashion_interest,fashion,1.0,1.0,,,,,,,,,,
2.0,180.5,5.5,120.0,0.0,5.0,2.0,0.0,1.0,0.0,0.0,0.0,0.0,3.0,0.2727272727272727,0.0,0.0,11.0,2.0,0.0,0.0,0.0,0.0,0.0,0.0,0.0,0.0,11.0,11.0,,,crypto_interest,crypto,,,1.0,1.0,,,,,,,,
1.0,216.0,5.0,0.0,0.0,1.0,0.0,0.0,0.0,0.0,0.0,0.0,0.0,0.0,0.0,0.0,0.0,0.0,0.0,0.0,0.0,0.0,0.0,0.0,0.0,0.0,0.0,5.0,5.0,,,general_interest,general,,,,,,,,,1.0,1.0,,
2.0,175.0,6.0,120.0,0.0,4.0,2.0,0.0,5.0,0.0,0.0,0.0,0.0,1.0,0.08333333333333333,0.0,0.0,12.0,2.0,0.0,0.0,0.0,0.0,0.0,0.0,0.0,0.0,12.0,12.0,,,crypto_interest,crypto,,,1.0,1.0,,,,,,,,
2.0,255.5,7.0,120.0,0.0,3.0,3.0,0.0,4.0,0.0,0.0,0.0,0.0,4.0,0.2857142857142857,0.0,0.0,14.0,3.0,0.0,0.0,0.0,0.0,0.0,0.0,0.0,0.0,14.0,14.0,,,crypto_interest,crypto,,,1.0,1.0,,,,,,,,
2.0,150.0,4.5,200.0,0.0,6.0,0.0,3.0,0.0,0.0,0.0,0.0,0.0,0.0,0.0,0.0,0.0,0.0,0.0,0.0,0.0,9.0,0.0,0.0,0.0,0.0,0.0,9.0,9.0,,,education_interest,education,,,,,,,1.0,1.0,,,,
2.0,179.5,5.5,90.0,0.0,2.0,5.0,4.0,0.0,0.0,0.0,0.0,0.0,0.0,0.0,11.0,5.0,0.0,0.0,0.0,0.0,0.0,0.0,0.0,0.0,0.0,0.0,11.0,11.0,,,fashion_interest,fashion,1.0,1.0,,,,,,,,,,
1.0,354.0,8.0,0.0,0.0,3.0,0.0,0.0,0.0,0.0,0.0,0.0,0.0,0.0,0.0,0.0,0.0,0.0,0.0,0.0,0.0,0.0,0.0,0.0,0.0,0.0,0.0,8.0,8.0,,,general_interest,general,,,,,,,,,1.0,1.0,,
2.0,224.0,5.5,300.0,0.0,2.0,0.0,5.0,0.0,0.0,0.0,4.0,0.0,0.0,0.0,0.0,0.0,0.0,0.0,0.0,0.0,0.0,0.0,11.0,0.0,0.0,0.0,11.0,11.0,,,gaming_interest,gaming,,,,,,,,,,,1.0,1.0
2.0,256.5,7.5,45.0,0.0,3.0,12.0,0.0,0.0,0.0,0.0,0.0,0.0,0.0,0.0,0.0,0.0,0.0,0.0,15.0,12.0,0.0,0.0,0.0,0.0,0.0,0.0,15.0,15.0,,,food_interest,food,,,,,1.0,1.0,,,,,,
2.0,236.5,7.5,45.0,0.0,4.0,5.0,0.0,0.0,0.0,0.0,0.0,6.0,0.0,0.0,0.0,0.0,0.0,0.0,15.0,5.0,0.0,0.0,0.0,0.0,0.0,0.0,15.0,15.0,,,food_interest,food,,,,,1.0,1.0,,,,,,
2.0,349.5,8.5,200.0,0.0,12.0,0.0,5.0,0.0,0.0,0.0,0.0,0.0,0.0,0.0,0.0,0.0,0.0,0.0,0.0,0.0,17.0,0.0,0.0,0.0,0.0,0.0,17.0,17.0,,,education_interest,education,,,,,,,1.0,1.0,,,,
2.0,219.0,7.0,60.0,0.0,7.0,0.0,0.0,0.0,0.0,0.0,0.0,4.0,3.0,0.21428571428571427,0.0,0.0,0.0,0.0,0.0,0.0,0.0,0.0,0.0,0.0,14.0,0.0,14.0,14.0,1.0,1.0,fintech_interest,fintech,,,,,,,,,,,,
2.0,277.0,9.0,200.0,0.0,10.0,0.0,8.0,0.0,0.0,0.0,0.0,0.0,0.0,0.0,0.0,0.0,0.0,0.0,0.0,0.0,18.0,0.0,0.0,0.0,0.0,0.0,18.0,18.0,,,education_interest,education,,,,,,,1.0,1.0,,,,
2.0,243.0,6.5,45.0,0.0,5.0,3.0,0.0,0.0,0.0,0.0,0.0,5.0,0.0,0.0,0.0,0.0,0.0,0.0,13.0,3.0,0.0,0.0,0.0,0.0,0.0,0.0,13.0,13.0,,,food_interest,food,,,,,1.0,1.0,,,,,,
2.0,413.5,10.0,120.0,0.0,16.0,1.0,0.0,0.0,0.0,0.0,0.0,0.0,3.0,0.15,0.0,0.0,20.0,1.0,0.0,0.0,0.0,0.0,0.0,0.0,0.0,0.0,20.0,20.0,,,general_interest,crypto,,,1.0,1.0,,,,,,,,
2.0,342.0,7.5,300.0,0.0,6.0,0.0,8.0,0.0,0.0,0.0,1.0,0.0,0.0,0.0,0.0,0.0,0.0,0.0,0.0,0.0,0.0,0.0,15.0,0.0,0.0,0.0,15.0,15.0,,,gaming_interest,gaming,,,,,,,,,,,1.0,1.0
2.0,274.5,7.0,60.0,0.0,3.0,0.0,0.0,0.0,0.0,0.0,0.0,6.0,5.0,0.35714285714285715,0.0,0.0,0.0,0.0,0.0,0.0,0.0,0.0,0.0,0.0,14.0,0.0,14.0,14.0,1.0,1.0,fintech_interest,fintech,,,,,,,,,,,,
2.0,381.0,8.5,120.0,0.0,5.0,1.0,0.0,5.0,0.0,0.0,0.0,0.0,6.0,0.35294117647058826,0.0,0.0,17.0,1.0,0.0,0.0,0.0,0.0,0.0,0.0,0.0,0.0,17.0,17.0,,,general_interest,crypto,,,1.0,1.0,,,,,,,,
2.0,163.0,5.0,45.0,0.0,1.0,5.0,0.0,0.0,0.0,0.0,0.0,4.0,0.0,0.0,0.0,0.0,0.0,0.0,10.0,5.0,0.0,0.0,0.0,0.0,0.0,0.0,10.0,10.0,,,food_interest,food,,,,,1.0,1.0,,,,,,
2.0,140.0,4.5,45.0,0.0,1.0,5.0,0.0,0.0,0.0,0.0,0.0,3.0,0.0,0.0,0.0,0.0,0.0,0.0,9.0,5.0,0.0,0.0,0.0,0.0,0.0,0.0,9.0,9.0,,,food_interest,food,,,,,1.0,1.0,,,,,,
2.0,259.0,8.0,200.0,0.0,12.0,0.0,4.0,0.0,0.0,0.0,0.0,0.0,0.0,0.0,0.0,0.0,0.0,0.0,0.0,0.0,16.0,0.0,0.0,0.0,0.0,0.0,16.0,16.0,,,education_interest,education,,,,,,,1.0,1.0,,,,
2.0,249.0,7.0,45.0,0.0,5.0,3.0,0.0,0.0,0.0,0.0,0.0,6.0,0.0,0.0,0.0,0.0,0.0,0.0,14.0,3.0,0.0,0.0,0.0,0.0,0.0,0.0,14.0,14.0,,,food_interest,food,,,,,1.0,1.0,,,,,,
2.0,126.0,5.0,90.0,0.0,2.0,2.0,3.0,0.0,3.0,0.0,0.0,0.0,0.0,0.0,10.0,2.0,0.0,0.0,0.0,0.0,0.0,0.0,0.0,0.0,0.0,0.0,10.0,10.0,,,fashion_interest,fashion,1.0,1.0,,,,,,,,,,
2.0,198.0,6.5,120.0,0.0,3.0,0.0,0.0,6.0,0.0,0.0,0.0,0.0,4.0,0.3076923076923077,0.0,0.0,13.0,0.0,0.0,0.0,0.0,0.0,0.0,0.0,0.0,0.0,13.0,13.0,,,general_interest,crypto,,,1.0,1.0,,,,,,,,
1.0,88.0,5.0,0.0,0.0,2.0,0.0,0.0,0.0,0.0,0.0,0.0,0.0,0.0,0.0,0.0,0.0,0.0,0.0,0.0,0.0,0.0,0.0,0.0,0.0,0.0,0.0,5.0,5.0,,,general_interest,general,,,,,,,,,1.0,1.0,,
1.0,424.0,10.0,0.0,0.0,3.0,0.0,0.0,0.0,0.0,0.0,0.0,0.0,0.0,0.0,0.0,0.0,0.0,0.0,0.0,0.0,0.0,0.0,0.0,0.0,0.0,0.0,10.0,10.0,,,general_interest,general,,,,,,,,,1.0,1.0,,
2.0,371.5,9.0,300.0,0.0,6.0,0.0,7.0,0.0,0.0,0.0,5.0,0.0,0.0,0.0,0.0,0.0,0.0,0.0,0.0,0.0,0.0,0.0,18.0,0.0,0.0,0.0,18.0,18.0,,,gaming_interest,gaming,,,,,,,,,,,1.0,1.0
2.0,245.0,7.5,0.0,0.0,0.0,0.0,11.0,0.0,0.0,0.0,4.0,0.0,0.0,0.0,0.0,0.0,0.0,0.0,0.0,0.0,0.0,0.0,15.0,0.0,0.0,0.0,15.0,15.0,,,gaming_interest,gaming,,,,,,,,,,,1.0,1.0
2.0,365.0,9.0,200.0,0.0,11.0,0.0,7.0,0.0,0.0,0.0,0.0,0.0,0.0,0.0,0.0,0.0,0.0,0.0,0.0,0.0,18.0,0.0,0.0,0.0,0.0,0.0,18.0,18.0,,,education_interest,education,,,,,,,1.0,1.0,,,,
2.0,338.0,8.0,60.0,0.0,5.0,0.0,0.0,0.0,0.0,0.0,0.0,7.0,4.0,0.25,0.0,0.0,0.0,0.0,0.0,0.0,0.0,0.0,0.0,0.0,16.0,0.0,16.0,16.0,1.0,1.0,fintech_interest,fintech,,,,,,,,,,,,
2.0,151.5,4.5,120.0,0.0,5.0,0.0,0.0,0.0,0.0,0.0,0.0,0.0,4.0,0.4444444444444444,0.0,0.0,9.0,0.0,0.0,0.0,0.0,0.0,0.0,0.0,0.0,0.0,9.0,9.0,,,general_interest,crypto,,,1.0,1.0,,,,,,,,
2.0,301.5,7.5,90.0,0.0,3.0,4.0,6.0,0.0,2.0,0.0,0.0,0.0,0.0,0.0,15.0,4.0,0.0,0.0,0.0,0.0,0.0,0.0,0.0,0.0,0.0,0.0,15.0,15.0,,,fashion_interest,fashion,1.0,1.0,,,,,,,,,,
2.0,231.0,6.0,60.0,0.0,3.0,0.0,0.0,0.0,0.0,0.0,0.0,4.0,5.0,0.4166666666666667,0.0,0.0,0.0,0.0,0.0,0.0,0.0,0.0,0.0,0.0,12.0,0.0,12.0,12.0,1.0,1.0,fintech_interest,fintech,,,,,,,,,,,,
2.0,409.5,10.0,120.0,0.0,6.0,3.0,0.0,7.0,0.0,0.0,0.0,0.0,4.0,0.2,0.0,0.0,20.0,3.0,0.0,0.0,0.0,0.0,0.0,0.0,0.0,0.0,20.0,20.0,,,crypto_interest,crypto,,,1.0,1.0,,,,,,,,
2.0,198.0,7.0,90.0,0.0,3.0,2.0,4.0,0.0,5.0,0.0,0.0,0.0,0.0,0.0,14.0,2.0,0.0,0.0,0.0,0.0,0.0,0.0,0.0,0.0,0.0,0.0,14.0,14.0,,,fashion_interest,fashion,1.0,1.0,,,,,,,,,,
2.0,353.0,7.5,45.0,0.0,3.0,8.0,0.0,0.0,0.0,0.0,0.0,4.0,0.0,0.0,0.0,0.0,0.0,0.0,15.0,8.0,0.0,0.0,0.0,0.0,0.0,0.0,15.0,15.0,,,food_interest,food,,,,,1.0,1.0,,,,,,
2.0,214.0,6.0,45.0,0.0,5.0,5.0,0.0,0.0,0.0,0.0,0.0,2.0,0.0,0.0,0.0,0.0,0.0,0.0,12.0,5.0,0.0,0.0,0.0,0.0,0.0,0.0,12.0,12.0,,,food_interest,food,,,,,1.0,1.0,,,,,,
2.0,158.0,5.0,200.0,0.0,5.0,0.0,5.0,0.0,0.0,0.0,0.0,0.0,0.0,0.0,0.0,0.0,0.0,0.0,0.0,0.0,10.0,0.0,0.0,0.0,0.0,0.0,10.0,10.0,,,education_interest,education,,,,,,,1.0,1.0,,,,
2.0,392.0,9.5,120.0,0.0,8.0,4.0,0.0,2.0,0.0,0.0,0.0,0.0,5.0,0.2631578947368421,0.0,0.0,19.0,4.0,0.0,0.0,0.0,0.0,0.0,0.0,0.0,0.0,19.0,19.0,,,crypto_interest,crypto,,,1.0,1.0,,,,,,,,
2.0,303.0,7.0,90.0,0.0,2.0,7.0,1.0,0.0,4.0,0.0,0.0,0.0,0.0,0.0,14.0,7.0,0.0,0.0,0.0,0.0,0.0,0.0,0.0,0.0,0.0,0.0,14.0,14.0,,,fashion_interest,fashion,1.0,1.0,,,,,,,,,,
2.0,317.0,8.0,200.0,0.0,12.0,0.0,4.0,0.0,0.0,0.0,0.0,0.0,0.0,0.0,0.0,0.0,0.0,0.0,0.0,0.0,16.0,0.0,0.0,0.0,0.0,0.0,16.0,16.0,,,education_interest,education,,,,,,,1.0,1.0,,,,
2.0,344.0,8.0,45.0,0.0,3.0,9.0,0.0,0.0,0.0,0.0,0.0,4.0,0.0,0.0,0.0,0.0,0.0,0.0,16.0,9.0,0.0,0.0,0.0,0.0,0.0,0.0,16.0,16.0,,,food_interest,food,,,,,1.0,1.0,,,,,,
2.0,278.5,7.5,90.0,0.0,6.0,4.0,2.0,0.0,3.0,0.0,0.0,0.0,0.0,0.0,15.0,4.0,0.0,0.0,0.0,0.0,0.0,0.0,0.0,0.0,0.0,0.0,15.0,15.0,,,fashion_interest,fashion,1.0,1.0,,,,,,,,,,
2.0,255.0,7.5,200.0,0.0,10.0,0.0,5.0,0.0,0.0,0.0,0.0,0.0,0.0,0.0,0.0,0.0,0.0,0.0,0.0,0.0,15.0,0.0,0.0,0.0,0.0,0.0,15.0,15.0,,,education_interest,education,,,,,,,1.0,1.0,,,,
2.0,187.5,5.5,45.0,0.0,4.0,4.0,0.0,0.0,0.0,0.0,0.0,3.0,0.0,0.0,0.0,0.0,0.0,0.0,11.0,4.0,0.0,0.0,0.0,0.0,0.0,0.0,11.0,11.0,,,food_interest,food,,,,,1.0,1.0,,,,,,
2.0,339.0,9.5,60.0,0.0,9.0,0.0,0.0,0.0,0.0,0.0,0.0,3.0,7.0,0.3684210526315789,0.0,0.0,0.0,0.0,0.0,0.0,0.0,0.0,0.0,0.0,19.0,0.0,19.0,19.0,1.0,1.0,fintech_interest,fintech,,,,,,,,,,,,
2.0,197.0,6.0,120.0,0.0,5.0,2.0,0.0,4.0,0.0,0.0,0.0,0.0,1.0,0.08333333333333333,0.0,0.0,12.0,2.0,0.0,0.0,0.0,0.0,0.0,0.0,0.0,0.0,12.0,12.0,,,crypto_interest,crypto,,,1.0,1.0,,,,,,,,
2.0,334.5,8.5,300.0,0.0,4.0,0.0,6.0,0.0,0.0,0.0,7.0,0.0,0.0,0.0,0.0,0.0,0.0,0.0,0.0,0.0,0.0,0.0,17.0,0.0,0.0,0.0,17.0,17.0,,,gaming_interest,gaming,,,,,,,,,,,1.0,1.0
2.0,248.0,6.0,300.0,0.0,2.0,0.0,7.0,0.0,0.0,0.0,3.0,0.0,0.0,0.0,0.0,0.0,0.0,0.0,0.0,0.0,0.0,0.0,12.0,0.0,0.0,0.0,12.0,12.0,,,gaming_interest,gaming,,,,,,,,,,,1.0,1.0
1.0,80.0,4.0,0.0,0.0,0.0,0.0,0.0,0.0,0.0,0.0,0.0,0.0,0.0,0.0,0.0,0.0,0.0,0.0,0.0,0.0,0.0,0.0,0.0,0.0,0.0,0.0,4.0,4.0,,,general_interest,general,,,,,,,,,1.0,1.0,,
2.0,357.0,8.5,45.0,0.0,7.0,6.0,0.0,0.0,0.0,0.0,0.0,4.0,0.0,0.0,0.0,0.0,0.0,0.0,17.0,6.0,0.0,0.0,0.0,0.0,0.0,0.0,17.0,17.0,,,food_interest,food,,,,,1.0,1.0,,,,,,
2.0,326.0,9.5,120.0,0.0,10.0,4.0,0.0,3.0,0.0,0.0,0.0,0.0,2.0,0.10526315789473684,0.0,0.0,19.0,4.0,0.0,0.0,0.0,0.0,0.0,0.0,0.0,0.0,19.0,19.0,,,crypto_interest,crypto,,,1.0,1.0,,,,,,,,
1.0,260.0,6.0,0.0,0.0,2.0,0.0,0.0,0.0,0.0,0.0,0.0,0.0,0.0,0.0,0.0,0.0,0.0,0.0,0.0,0.0,0.0,0.0,0.0,0.0,0.0,0.0,6.0,6.0,,,general_interest,general,,,,,,,,,1.0,1.0,,
2.0,400.0,9.5,120.0,0.0,6.0,4.0,0.0,3.0,0.0,0.0,0.0,0.0,6.0,0.3157894736842105,0.0,0.0,19.0,4.0,0.0,0.0,0.0,0.0,0.0,0.0,0.0,0.0,19.0,19.0,,,crypto_interest,crypto,,,1.0,1.0,,,,,,,,
1.0,216.0,5.0,0.0,0.0,2.0,0.0,0.0,0.0,0.0,0.0,0.0,0.0,0.0,0.0,0.0,0.0,0.0,0.0,0.0,0.0,0.0,0.0,0.0,0.0,0.0,0.0,5.0,5.0,,,general_interest,general,,,,,,,,,1.0,1.0,,
2.0,266.5,6.5,60.0,0.0,6.0,0.0,0.0,0.0,0.0,0.0,0.0,2.0,5.0,0.38461538461538464,0.0,0.0,0.0,0.0,0.0,0.0,0.0,0.0,0.0,0.0,13.0,0.0,13.0,13.0,1.0,1.0,fintech_interest,fintech,,,,,,,,,,,,
2.0,138.0,5.0,90.0,0.0,3.0,2.0,3.0,0.0,2.0,0.0,0.0,0.0,0.0,0.0,10.0,2.0,0.0,0.0,0.0,0.0,0.0,0.0,0.0,0.0,0.0,0.0,10.0,10.0,,,fashion_interest,fashion,1.0,1.0,,,,,,,,,,
2.0,193.0,6.5,90.0,0.0,5.0,1.0,4.0,0.0,3.0,0.0,0.0,0.0,0.0,0.0,13.0,1.0,0.0,0.0,0.0,0.0,0.0,0.0,0.0,0.0,0.0,0.0,13.0,13.0,,,fashion_interest,fashion,1.0,1.0,,,,,,,,,,
2.0,350.0,8.0,200.0,0.0,10.0,0.0,6.0,0.0,0.0,0.0,0.0,0.0,0.0,0.0,0.0,0.0,0.0,0.0,0.0,0.0,16.0,0.0,0.0,0.0,0.0,0.0,16.0,16.0,,,education_interest,education,,,,,,,1.0,1.0,,,,
2.0,240.0,7.0,120.0,0.0,7.0,1.0,0.0,3.0,0.0,0.0,0.0,0.0,3.0,0.21428571428571427,0.0,0.0,14.0,1.0,0.0,0.0,0.0,0.0,0.0,0.0,0.0,0.0,14.0,14.0,,,general_interest,crypto,,,1.0,1.0,,,,,,,,
2.0,262.0,8.5,45.0,0.0,6.0,6.0,0.0,0.0,0.0,0.0,0.0,5.0,0.0,0.0,0.0,0.0,0.0,0.0,17.0,6.0,0.0,0.0,0.0,0.0,0.0,0.0,17.0,17.0,,,food_interest,food,,,,,1.0,1.0,,,,,,
2.0,91.5,5.0,200.0,0.0,7.0,0.0,3.0,0.0,0.0,0.0,0.0,0.0,0.0,0.0,0.0,0.0,0.0,0.0,0.0,0.0,10.0,0.0,0.0,0.0,0.0,0.0,10.0,10.0,,,education_interest,education,,,,,,,1.0,1.0,,,,
2.0,259.5,7.5,60.0,0.0,4.0,0.0,0.0,0.0,0.0,0.0,0.0,3.0,8.0,0.5333333333333333,0.0,0.0,0.0,0.0,0.0,0.0,0.0,0.0,0.0,0.0,15.0,0.0,15.0,15.0,1.0,1.0,fintech_interest,fintech,,,,,,,,,,,,
2.0,198.0,6.5,120.0,0.0,4.0,1.0,0.0,4.0,0.0,0.0,0.0,0.0,4.0,0.3076923076923077,0.0,0.0,13.0,1.0,0.0,0.0,0.0,0.0,0.0,0.0,0.0,0.0,13.0,13.0,,,general_interest,crypto,,,1.0,1.0,,,,,,,,
2.0,346.0,9.5,300.0,0.0,5.0,0.0,10.0,0.0,0.0,0.0,4.0,0.0,0.0,0.0,0.0,0.0,0.0,0.0,0.0,0.0,0.0,0.0,19.0,0.0,0.0,0.0,19.0,19.0,,,gaming_interest,gaming,,,,,,,,,,,1.0,1.0
2.0,397.0,8.5,90.0,0.0,6.0,2.0,3.0,0.0,6.0,0.0,0.0,0.0,0.0,0.0,17.0,2.0,0.0,0.0,0.0,0.0,0.0,0.0,0.0,0.0,0.0,0.0,17.0,17.0,,,fashion_interest,fashion,1.0,1.0,,,,,,,,,,
2.0,328.5,8.5,45.0,0.0,7.0,6.0,0.0,0.0,0.0,0.0,0.0,4.0,0.0,0.0,0.0,0.0,0.0,0.0,17.0,6.0,0.0,0.0,0.0,0.0,0.0,0.0,17.0,17.0,,,food_interest,food,,,,,1.0,1.0,,,,,,
2.0,216.0,6.0,45.0,0.0,5.0,0.0,0.0,0.0,0.0,0.0,0.0,7.0,0.0,0.0,0.0,0.0,0.0,0.0,12.0,0.0,0.0,0.0,0.0,0.0,0.0,0.0,12.0,12.0,,,general_interest,food,,,,,1.0,1.0,,,,,,
1.0,147.0,4.0,0.0,0.0,1.0,0.0,0.0,0.0,0.0,0.0,0.0,0.0,0.0,0.0,0.0,0.0,0.0,0.0,0.0,0.0,0.0,0.0,0.0,0.0,0.0,0.0,4.0,4.0,,,general_interest,general,,,,,,,,,1.0,1.0,,
2.0,212.0,5.5,90.0,0.0,4.0,2.0,4.0,0.0,1.0,0.0,0.0,0.0,0.0,0.0,11.0,2.0,0.0,0.0,0.0,0.0,0.0,0.0,0.0,0.0,0.0,0.0,11.0,11.0,,,fashion_interest,fashion,1.0,1.0,,,,,,,,,,
2.0,328.5,8.0,45.0,0.0,5.0,5.0,0.0,0.0,0.0,0.0,0.0,6.0,0.0,0.0,0.0,0.0,0.0,0.0,16.0,5.0,0.0,0.0,0.0,0.0,0.0,0.0,16.0,16.0,,,food_interest,food,,,,,1.0,1.0,,,,,,
2.0,239.0,6.0,45.0,0.0,1.0,6.0,0.0,0.0,0.0,0.0,0.0,5.0,0.0,0.0,0.0,0.0,0.0,0.0,12.0,6.0,0.0,0.0,0.0,0.0,0.0,0.0,12.0,12.0,,,food_interest,food,,,,,1.0,1.0,,,,,,
2.0,172.5,5.5,45.0,0.0,3.0,4.0,0.0,0.0,0.0,0.0,0.0,4.0,0.0,0.0,0.0,0.0,0.0,0.0,11.0,4.0,0.0,0.0,0.0,0.0,0.0,0.0,11.0,11.0,,,food_interest,food,,,,,1.0,1.0,,,,,,
2.0,313.5,9.0,60.0,0.0,4.0,0.0,0.0,0.0,0.0,0.0,0.0,10.0,4.0,0.2222222222222222,0.0,0.0,0.0,0.0,0.0,0.0,0.0,0.0,0.0,0.0,18.0,0.0,18.0,18.0,1.0,1.0,fintech_interest,fintech,,,,,,,,,,,,
2.0,202.0,6.0,90.0,0.0,2.0,2.0,7.0,0.0,1.0,0.0,0.0,0.0,0.0,0.0,12.0,2.0,0.0,0.0,0.0,0.0,0.0,0.0,0.0,0.0,0.0,0.0,12.0,12.0,,,fashion_interest,fashion,1.0,1.0,,,,,,,,,,
2.0,361.5,8.0,45.0,0.0,5.0,7.0,0.0,0.0,0.0,0.0,0.0,4.0,0.0,0.0,0.0,0.0,0.0,0.0,16.0,7.0,0.0,0.0,0.0,0.0,0.0,0.0,16.0,16.0,,,food_interest,food,,,,,1.0,1.0,,,,,,
2.0,289.0,8.0,60.0,0.0,4.0,0.0,0.0,0.0,0.0,0.0,0.0,6.0,6.0,0.375,0.0,0.0,0.0,0.0,0.0,0.0,0.0,0.0,0.0,0.0,16.0,0.0,16.0,16.0,1.0,1.0,fintech_interest,fintech,,,,,,,,,,,,
2.0,294.5,9.0,300.0,0.0,3.0,0.0,10.0,0.0,0.0,0.0,5.0,0.0,0.0,0.0,0.0,0.0,0.0,0.0,0.0,0.0,0.0,0.0,18.0,0.0,0.0,0.0,18.0,18.0,,,gaming_interest,gaming,,,,,,,,,,,1.0,1.0
2.0,105.5,4.0,60.0,0.0,2.0,0.0,0.0,0.0,0.0,0.0,0.0,2.0,4.0,0.5,0.0,0.0,0.0,0.0,0.0,0.0,0.0,0.0,0.0,0.0,8.0,0.0,8.0,8.0,1.0,1.0,fintech_interest,fintech,,,,,,,,,,,,
2.0,198.0,6.5,90.0,0.0,2.0,5.0,3.0,0.0,3.0,0.0,0.0,0.0,0.0,0.0,13.0,5.0,0.0,0.0,0.0,0.0,0.0,0.0,0.0,0.0,0.0,0.0,13.0,13.0,,,fashion_interest,fashion,1.0,1.0,,,,,,,,,,
2.0,286.0,7.0,120.0,0.0,5.0,2.0,0.0,2.0,0.0,0.0,0.0,0.0,5.0,0.35714285714285715,0.0,0.0,14.0,2.0,0.0,0.0,0.0,0.0,0.0,0.0,0.0,0.0,14.0,14.0,,,crypto_interest,crypto,,,1.0,1.0,,,,,,,,
1.0,336.0,7.0,0.0,0.0,2.0,0.0,0.0,0.0,0.0,0.0,0.0,0.0,0.0,0.0,0.0,0.0,0.0,0.0,0.0,0.0,0.0,0.0,0.0,0.0,0.0,0.0,7.0,7.0,,,general_interest,general,,,,,,,,,1.0,1.0,,
2.0,212.0,6.5,300.0,0.0,4.0,0.0,4.0,0.0,0.0,0.0,5.0,0.0,0.0,0.0,0.0,0.0,0.0,0.0,0.0,0.0,0.0,0.0,13.0,0.0,0.0,0.0,13.0,13.0,,,gaming_interest,gaming,,,,,,,,,,,1.0,1.0
2.0,100.5,4.0,200.0,0.0,6.0,0.0,2.0,0.0,0.0,0.0,0.0,0.0,0.0,0.0,0.0,0.0,0.0,0.0,0.0,0.0,8.0,0.0,0.0,0.0,0.0,0.0,8.0,8.0,,,education_interest,education,,,,,,,1.0,1.0,,,,
2.0,255.0,7.0,60.0,0.0,4.0,0.0,0.0,0.0,0.0,0.0,0.0,5.0,5.0,0.35714285714285715,0.0,0.0,0.0,0.0,0.0,0.0,0.0,0.0,0.0,0.0,14.0,0.0,14.0,14.0,1.0,1.0,fintech_interest,fintech,,,,,,,,,,,,
2.0,385.5,9.0,45.0,0.0,6.0,7.0,0.0,0.0,0.0,0.0,0.0,5.0,0.0,0.0,0.0,0.0,0.0,0.0,18.0,7.0,0.0,0.0,0.0,0.0,0.0,0.0,18.0,18.0,,,food_interest,food,,,,,1.0,1.0,,,,,,
2.0,259.0,7.5,60.0,0.0,5.0,0.0,0.0,0.0,0.0,0.0,0.0,4.0,6.0,0.4,0.0,0.0,0.0,0.0,0.0,0.0,0.0,0.0,0.0,0.0,15.0,0.0,15.0,15.0,1.0,1.0,fintech_interest,fintech,,,,,,,,,,,,
1.0,168.0,4.0,0.0,0.0,1.0,0.0,0.0,0.0,0.0,0.0,0.0,0.0,0.0,0.0,0.0,0.0,0.0,0.0,0.0,0.0,0.0,0.0,0.0,0.0,0.0,0.0,4.0,4.0,,,general_interest,general,,,,,,,,,1.0,1.0,,
2.0,192.5,7.0,300.0,0.0,1.0,0.0,9.0,0.0,0.0,0.0,4.0,0.0,0.0,0.0,0.0,0.0,0.0,0.0,0.0,0.0,0.0,0.0,14.0,0.0,0.0,0.0,14.0,14.0,,,gaming_interest,gaming,,,,,,,,,,,1.0,1.0
2.0,333.0,7.0,300.0,0.0,3.0,0.0,7.0,0.0,0.0,0.0,4.0,0.0,0.0,0.0,0.0,0.0,0.0,0.0,0.0,0.0,0.0,0.0,14.0,0.0,0.0,0.0,14.0,14.0,,,gaming_interest,gaming,,,,,,,,,,,1.0,1.0
2.0,230.0,6.5,200.0,0.0,11.0,0.0,2.0,0.0,0.0,0.0,0.0,0.0,0.0,0.0,0.0,0.0,0.0,0.0,0.0,0.0,13.0,0.0,0.0,0.0,0.0,0.0,13.0,13.0,,,education_interest,education,,,,,,,1.0,1.0,,,,
2.0,166.0,6.5,300.0,0.0,3.0,0.0,3.0,0.0,0.0,0.0,7.0,0.0,0.0,0.0,0.0,0.0,0.0,0.0,0.0,0.0,0.0,0.0,13.0,0.0,0.0,0.0,13.0,13.0,,,gaming_interest,gaming,,,,,,,,,,,1.0,1.0
2.0,299.0,7.5,90.0,0.0,4.0,4.0,4.0,0.0,3.0,0.0,0.0,0.0,0.0,0.0,15.0,4.0,0.0,0.0,0.0,0.0,0.0,0.0,0.0,0.0,0.0,0.0,15.0,15.0,,,fashion_interest,fashion,1.0,1.0,,,,,,,,,,
2.0,258.0,5.5,60.0,0.0,6.0,0.0,0.0,0.0,0.0,0.0,0.0,3.0,2.0,0.18181818181818182,0.0,0.0,0.0,0.0,0.0,0.0,0.0,0.0,0.0,0.0,11.0,0.0,11.0,11.0,1.0,1.0,fintech_interest,fintech,,,,,,,,,,,,
2.0,340.0,8.0,90.0,0.0,4.0,5.0,1.0,0.0,6.0,0.0,0.0,0.0,0.0,0.0,16.0,5.0,0.0,0.0,0.0,0.0,0.0,0.0,0.0,0.0,0.0,0.0,16.0,16.0,,,fashion_interest,fashion,1.0,1.0,,,,,,,,,,
2.0,238.0,9.0,200.0,0.0,9.0,0.0,9.0,0.0,0.0,0.0,0.0,0.0,0.0,0.0,0.0,0.0,0.0,0.0,0.0,0.0,18.0,0.0,0.0,0.0,0.0,0.0,18.0,18.0,,,education_interest,education,,,,,,,1.0,1.0,,,,
2.0,175.5,6.5,120.0,0.0,5.0,3.0,0.0,3.0,0.0,0.0,0.0,0.0,2.0,0.15384615384615385,0.0,0.0,13.0,3.0,0.0,0.0,0.0,0.0,0.0,0.0,0.0,0.0,13.0,13.0,,,crypto_interest,crypto,,,1.0,1.0,,,,,,,,
2.0,144.0,5.5,120.0,0.0,3.0,3.0,0.0,2.0,0.0,0.0,0.0,0.0,3.0,0.2727272727272727,0.0,0.0,11.0,3.0,0.0,0.0,0.0,0.0,0.0,0.0,0.0,0.0,11.0,11.0,,,crypto_interest,crypto,,,1.0,1.0,,,,,,,,
2.0,172.5,6.5,45.0,0.0,2.0,5.0,0.0,0.0,0.0,0.0,0.0,6.0,0.0,0.0,0.0,0.0,0.0,0.0,13.0,5.0,0.0,0.0,0.0,0.0,0.0,0.0,13.0,13.0,,,food_interest,food,,,,,1.0,1.0,,,,,,
2.0,364.0,8.0,120.0,0.0,9.0,2.0,0.0,0.0,0.0,0.0,0.0,0.0,5.0,0.3125,0.0,0.0,16.0,2.0,0.0,0.0,0.0,0.0,0.0,0.0,0.0,0.0,16.0,16.0,,,crypto_interest,crypto,,,1.0,1.0,,,,,,,,
2.0,312.5,7.5,60.0,0.0,7.0,0.0,0.0,0.0,0.0,0.0,0.0,5.0,3.0,0.2,0.0,0.0,0.0,0.0,0.0,0.0,0.0,0.0,0.0,0.0,15.0,0.0,15.0,15.0,1.0,1.0,fintech_interest,fintech,,,,,,,,,,,,
2.0,116.0,6.5,300.0,0.0,4.0,0.0,6.0,0.0,0.0,0.0,3.0,0.0,0.0,0.0,0.0,0.0,0.0,0.0,0.0,0.0,0.0,0.0,13.0,0.0,0.0,0.0,13.0,13.0,,,gaming_interest,gaming,,,,,,,,,,,1.0,1.0
2.0,126.0,5.5,60.0,0.0,4.0,0.0,0.0,0.0,0.0,0.0,0.0,3.0,4.0,0.36363636363636365,0.0,0.0,0.0,0.0,0.0,0.0,0.0,0.0,0.0,0.0,11.0,0.0,11.0,11.0,1.0,1.0,fintech_interest,fintech,,,,,,,,,,,,
2.0,253.0,6.5,0.0,0.0,4.0,3.0,0.0,1.0,0.0,0.0,0.0,0.0,5.0,0.38461538461538464,0.0,0.0,13.0,3.0,0.0,0.0,0.0,0.0,0.0,0.0,0.0,0.0,13.0,13.0,,,crypto_interest,crypto,,,1.0,1.0,,,,,,,,
2.0,275.0,7.0,45.0,0.0,5.0,2.0,0.0,0.0,0.0,0.0,0.0,7.0,0.0,0.0,0.0,0.0,0.0,0.0,14.0,2.0,0.0,0.0,0.0,0.0,0.0,0.0,14.0,14.0,,,food_interest,food,,,,,1.0,1.0,,,,,,
2.0,159.0,4.0,60.0,0.0,1.0,0.0,0.0,0.0,0.0,0.0,0.0,3.0,4.0,0.5,0.0,0.0,0.0,0.0,0.0,0.0,0.0,0.0,0.0,0.0,8.0,0.0,8.0,8.0,1.0,1.0,fintech_interest,fintech,,,,,,,,,,,,
2.0,244.0,6.5,300.0,0.0,3.0,0.0,8.0,0.0,0.0,0.0,2.0,0.0,0.0,0.0,0.0,0.0,0.0,0.0,0.0,0.0,0.0,0.0,13.0,0.0,0.0,0.0,13.0,13.0,,,gaming_interest,gaming,,,,,,,,,,,1.0,1.0
2.0,186.0,6.5,45.0,0.0,2.0,5.0,0.0,0.0,0.0,0.0,0.0,6.0,0.0,0.0,0.0,0.0,0.0,0.0,13.0,5.0,0.0,0.0,0.0,0.0,0.0,0.0,13.0,13.0,,,food_interest,food,,,,,1.0,1.0,,,,,,
2.0,128.5,4.0,200.0,0.0,7.0,0.0,1.0,0.0,0.0,0.0,0.0,0.0,0.0,0.0,0.0,0.0,0.0,0.0,0.0,0.0,8.0,0.0,0.0,0.0,0.0,0.0,8.0,8.0,,,education_interest,education,,,,,,,1.0,1.0,,,,
2.0,196.0,6.5,300.0,0.0,3.0,0.0,5.0,0.0,0.0,0.0,5.0,0.0,0.0,0.0,0.0,0.0,0.0,0.0,0.0,0.0,0.0,0.0,13.0,0.0,0.0,0.0,13.0,13.0,,,gaming_interest,gaming,,,,,,,,,,,1.0,1.0
2.0,294.0,8.5,90.0,0.0,5.0,5.0,4.0,0.0,3.0,0.0,0.0,0.0,0.0,0.0,17.0,5.0,0.0,0.0,0.0,0.0,0.0,0.0,0.0,0.0,0.0,0.0,17.0,17.0,,,fashion_interest,fashion,1.0,1.0,,,,,,,,,,
2.0,232.5,7.0,60.0,0.0,5.0,0.0,0.0,0.0,0.0,0.0,0.0,5.0,4.0,0.2857142857142857,0.0,0.0,0.0,0.0,0.0,0.0,0.0,0.0,0.0,0.0,14.0,0.0,14.0,14.0,1.0,1.0,fintech_interest,fintech,,,,,,,,,,,,
1.0,294.0,8.0,0.0,0.0,2.0,0.0,0.0,0.0,0.0,0.0,0.0,0.0,0.0,0.0,0.0,0.0,0.0,0.0,0.0,0.0,0.0,0.0,0.0,0.0,0.0,0.0,8.0,8.0,,,general_interest,general,,,,,,,,,1.0,1.0,,
2.0,151.5,5.5,90.0,0.0,2.0,2.0,5.0,0.0,2.0,0.0,0.0,0.0,0.0,0.0,11.0,2.0,0.0,0.0,0.0,0.0,0.0,0.0,0.0,0.0,0.0,0.0,11.0,11.0,,,fashion_interest,fashion,1.0,1.0,,,,,,,,,,
2.0,194.5,6.5,200.0,0.0,7.0,0.0,6.0,0.0,0.0,0.0,0.0,0.0,0.0,0.0,0.0,0.0,0.0,0.0,0.0,0.0,13.0,0.0,0.0,0.0,0.0,0.0,13.0,13.0,,,education_interest,education,,,,,,,1.0,1.0,,,,
1.0,350.0,9.0,0.0,0.0,2.0,0.0,0.0,0.0,0.0,0.0,0.0,0.0,0.0,0.0,0.0,0.0,0.0,0.0,0.0,0.0,0.0,0.0,0.0,0.0,0.0,0.0,9.0,9.0,,,general_interest,general,,,,,,,,,1.0,1.0,,
2.0,278.5,7.5,300.0,0.0,4.0,0.0,6.0,0.0,0.0,0.0,5.0,0.0,0.0,0.0,0.0,0.0,0.0,0.0,0.0,0.0,0.0,0.0,15.0,0.0,0.0,0.0,15.0,15.0,,,gaming_interest,gaming,,,,,,,,,,,1.0,1.0
2.0,325.0,8.5,120.0,0.0,5.0,5.0,0.0,3.0,0.0,0.0,0.0,0.0,4.0,0.23529411764705882,0.0,0.0,17.0,5.0,0.0,0.0,0.0,0.0,0.0,0.0,0.0,0.0,17.0,17.0,,,crypto_interest,crypto,,,1.0,1.0,,,,,,,,
2.0,222.5,6.0,60.0,0.0,3.0,0.0,0.0,0.0,0.0,0.0,0.0,4.0,5.0,0.4166666666666667,0.0,0.0,0.0,0.0,0.0,0.0,0.0,0.0,0.0,0.0,12.0,0.0,12.0,12.0,1.0,1.0,fintech_interest,fintech,,,,,,,,,,,,
2.0,264.0,7.0,300.0,0.0,1.0,0.0,10.0,0.0,0.0,0.0,3.0,0.0,0.0,0.0,0.0,0.0,0.0,0.0,0.0,0.0,0.0,0.0,14.0,0.0,0.0,0.0,14.0,14.0,,,gaming_interest,gaming,,,,,,,,,,,1.0,1.0
2.0,294.0,6.0,300.0,0.0,3.0,0.0,7.0,0.0,0.0,0.0,2.0,0.0,0.0,0.0,0.0,0.0,0.0,0.0,0.0,0.0,0.0,0.0,12.0,0.0,0.0,0.0,12.0,12.0,,,gaming_interest,gaming,,,,,,,,,,,1.0,1.0
2.0,329.0,7.5,45.0,0.0,3.0,8.0,0.0,0.0,0.0,0.0,0.0,4.0,0.0,0.0,0.0,0.0,0.0,0.0,15.0,8.0,0.0,0.0,0.0,0.0,0.0,0.0,15.0,15.0,,,food_interest,food,,,,,1.0,1.0,,,,,,
2.0,249.5,6.5,300.0,0.0,2.0,0.0,10.0,0.0,0.0,0.0,1.0,0.0,0.0,0.0,0.0,0.0,0.0,0.0,0.0,0.0,0.0,0.0,13.0,0.0,0.0,0.0,13.0,13.0,,,gaming_interest,gaming,,,,,,,,,,,1.0,1.0
2.0,304.0,8.0,300.0,0.0,3.0,0.0,6.0,0.0,0.0,0.0,7.0,0.0,0.0,0.0,0.0,0.0,0.0,0.0,0.0,0.0,0.0,0.0,16.0,0.0,0.0,0.0,16.0,16.0,,,gaming_interest,gaming,,,,,,,,,,,1.0,1.0
2.0,267.5,7.5,300.0,0.0,4.0,0.0,8.0,0.0,0.0,0.0,3.0,0.0,0.0,0.0,0.0,0.0,0.0,0.0,0.0,0.0,0.0,0.0,15.0,0.0,0.0,0.0,15.0,15.0,,,gaming_interest,gaming,,,,,,,,,,,1.0,1.0
2.0,159.0,5.5,0.0,0.0,0.0,0.0,10.0,0.0,0.0,0.0,1.0,0.0,0.0,0.0,0.0,0.0,0.0,0.0,0.0,0.0,0.0,0.0,11.0,0.0,0.0,0.0,11.0,11.0,,,gaming_interest,gaming,,,,,,,,,,,1.0,1.0
2.0,398.5,9.5,90.0,0.0,6.0,6.0,3.0,0.0,4.0,0.0,0.0,0.0,0.0,0.0,19.0,6.0,0.0,0.0,0.0,0.0,0.0,0.0,0.0,0.0,0.0,0.0,19.0,19.0,,,fashion_interest,fashion,1.0,1.0,,,,,,,,,,
2.0,108.5,5.0,60.0,0.0,1.0,0.0,0.0,0.0,0.0,0.0,0.0,7.0,2.0,0.2,0.0,0.0,0.0,0.0,0.0,0.0,0.0,0.0,0.0,0.0,10.0,0.0,10.0,10.0,1.0,1.0,fintech_interest,fintech,,,,,,,,,,,,
2.0,267.0,6.5,45.0,0.0,5.0,4.0,0.0,0.0,0.0,0.0,0.0,4.0,0.0,0.0,0.0,0.0,0.0,0.0,13.0,4.0,0.0,0.0,0.0,0.0,0.0,0.0,13.0,13.0,,,food_interest,food,,,,,1.0,1.0,,,,,,
2.0,210.0,6.5,300.0,0.0,2.0,0.0,7.0,0.0,0.0,0.0,4.0,0.0,0.0,0.0,0.0,0.0,0.0,0.0,0.0,0.0,0.0,0.0,13.0,0.0,0.0,0.0,13.0,13.0,,,gaming_interest,gaming,,,,,,,,,,,1.0,1.0
2.0,307.5,7.0,60.0,0.0,8.0,0.0,0.0,0.0,0.0,0.0,0.0,5.0,1.0,0.07142857142857142,0.0,0.0,0.0,0.0,0.0,0.0,0.0,0.0,0.0,0.0,14.0,0.0,14.0,14.0,1.0,1.0,fintech_interest,fintech,,,,,,,,,,,,
1.0,177.0,6.0,0.0,0.0,4.0,0.0,0.0,0.0,0.0,0.0,0.0,0.0,0.0,0.0,0.0,0.0,0.0,0.0,0.0,0.0,0.0,0.0,0.0,0.0,0.0,0.0,6.0,6.0,,,general_interest,general,,,,,,,,,1.0,1.0,,
2.0,439.0,9.5,60.0,0.0,6.0,0.0,0.0,0.0,0.0,0.0,0.0,6.0,7.0,0.3684210526315789,0.0,0.0,0.0,0.0,0.0,0.0,0.0,0.0,0.0,0.0,19.0,0.0,19.0,19.0,1.0,1.0,fintech_interest,fintech,,,,,,,,,,,,
2.0,386.0,7.5,60.0,0.0,7.0,0.0,0.0,0.0,0.0,0.0,0.0,5.0,3.0,0.2,0.0,0.0,0.0,0.0,0.0,0.0,0.0,0.0,0.0,0.0,15.0,0.0,15.0,15.0,1.0,1.0,fintech_interest,fintech,,,,,,,,,,,,
2.0,258.5,7.0,45.0,0.0,2.0,6.0,0.0,0.0,0.0,0.0,0.0,6.0,0.0,0.0,0.0,0.0,0.0,0.0,14.0,6.0,0.0,0.0,0.0,0.0,0.0,0.0,14.0,14.0,,,food_interest,food,,,,,1.0,1.0,,,,,,
2.0,294.0,7.0,120.0,0.0,7.0,0.0,0.0,4.0,0.0,0.0,0.0,0.0,3.0,0.21428571428571427,0.0,0.0,14.0,0.0,0.0,0.0,0.0,0.0,0.0,0.0,0.0,0.0,14.0,14.0,,,general_interest,crypto,,,1.0,1.0,,,,,,,,
2.0,62.0,4.5,60.0,0.0,3.0,0.0,0.0,0.0,0.0,0.0,0.0,2.0,4.0,0.4444444444444444,0.0,0.0,0.0,0.0,0.0,0.0,0.0,0.0,0.0,0.0,9.0,0.0,9.0,9.0,1.0,1.0,fintech_interest,fintech,,,,,,,,,,,,
2.0,206.5,6.0,90.0,0.0,2.0,1.0,2.0,0.0,7.0,0.0,0.0,0.0,0.0,0.0,12.0,1.0,0.0,0.0,0.0,0.0,0.0,0.0,0.0,0.0,0.0,0.0,12.0,12.0,,,fashion_interest,fashion,1.0,1.0,,,,,,,,,,
2.0,268.5,8.0,60.0,0.0,4.0,0.0,0.0,0.0,0.0,0.0,0.0,6.0,6.0,0.375,0.0,0.0,0.0,0.0,0.0,0.0,0.0,0.0,0.0,0.0,16.0,0.0,16.0,16.0,1.0,1.0,fintech_interest,fintech,,,,,,,,,,,,
2.0,293.5,8.0,300.0,0.0,9.0,0.0,6.0,0.0,0.0,0.0,1.0,0.0,0.0,0.0,0.0,0.0,0.0,0.0,0.0,0.0,0.0,0.0,16.0,0.0,0.0,0.0,16.0,16.0,,,gaming_interest,gaming,,,,,,,,,,,1.0,1.0
2.0,284.5,6.5,200.0,0.0,11.0,0.0,2.0,0.0,0.0,0.0,0.0,0.0,0.0,0.0,0.0,0.0,0.0,0.0,0.0,0.0,13.0,0.0,0.0,0.0,0.0,0.0,13.0,13.0,,,education_interest,education,,,,,,,1.0,1.0,,,,
2.0,317.5,7.0,120.0,0.0,6.0,2.0,0.0,3.0,0.0,0.0,0.0,0.0,3.0,0.21428571428571427,0.0,0.0,14.0,2.0,0.0,0.0,0.0,0.0,0.0,0.0,0.0,0.0,14.0,14.0,,,crypto_interest,crypto,,,1.0,1.0,,,,,,,,
2.0,155.0,6.0,45.0,0.0,4.0,3.0,0.0,0.0,0.0,0.0,0.0,5.0,0.0,0.0,0.0,0.0,0.0,0.0,12.0,3.0,0.0,0.0,0.0,0.0,0.0,0.0,12.0,12.0,,,food_interest,food,,,,,1.0,1.0,,,,,,
2.0,171.5,7.0,60.0,0.0,5.0,0.0,0.0,0.0,0.0,0.0,0.0,2.0,7.0,0.5,0.0,0.0,0.0,0.0,0.0,0.0,0.0,0.0,0.0,0.0,14.0,0.0,14.0,14.0,1.0,1.0,fintech_interest,fintech,,,,,,,,,,,,
2.0,312.5,7.5,300.0,0.0,2.0,0.0,5.0,0.0,0.0,0.0,8.0,0.0,0.0,0.0,0.0,0.0,0.0,0.0,0.0,0.0,0.0,0.0,15.0,0.0,0.0,0.0,15.0,15.0,,,gaming_interest,gaming,,,,,,,,,,,1.0,1.0
2.0,255.0,7.0,90.0,0.0,4.0,5.0,2.0,0.0,3.0,0.0,0.0,0.0,0.0,0.0,14.0,5.0,0.0,0.0,0.0,0.0,0.0,0.0,0.0,0.0,0.0,0.0,14.0,14.0,,,fashion_interest,fashion,1.0,1.0,,,,,,,,,,
2.0,225.0,7.0,200.0,0.0,12.0,0.0,2.0,0.0,0.0,0.0,0.0,0.0,0.0,0.0,0.0,0.0,0.0,0.0,0.0,0.0,14.0,0.0,0.0,0.0,0.0,0.0,14.0,14.0,,,education_interest,education,,,,,,,1.0,1.0,,,,
2.0,263.0,7.5,90.0,0.0,2.0,3.0,6.0,0.0,4.0,0.0,0.0,0.0,0.0,0.0,15.0,3.0,0.0,0.0,0.0,0.0,0.0,0.0,0.0,0.0,0.0,0.0,15.0,15.0,,,fashion_interest,fashion,1.0,1.0,,,,,,,,,,
1.0,246.0,8.0,0.0,0.0,4.0,0.0,0.0,0.0,0.0,0.0,0.0,0.0,0.0,0.0,0.0,0.0,0.0,0.0,0.0,0.0,0.0,0.0,0.0,0.0,0.0,0.0,8.0,8.0,,,general_interest,general,,,,,,,,,1.0,1.0,,
2.0,220.5,6.0,200.0,0.0,8.0,0.0,4.0,0.0,0.0,0.0,0.0,0.0,0.0,0.0,0.0,0.0,0.0,0.0,0.0,0.0,12.0,0.0,0.0,0.0,0.0,0.0,12.0,12.0,,,education_interest,education,,,,,,,1.0,1.0,,,,
2.0,144.5,5.0,90.0,0.0,1.0,2.0,6.0,0.0,1.0,0.0,0.0,0.0,0.0,0.0,10.0,2.0,0.0,0.0,0.0,0.0,0.0,0.0,0.0,0.0,0.0,0.0,10.0,10.0,,,fashion_interest,fashion,1.0,1.0,,,,,,,,,,
2.0,225.0,6.5,120.0,0.0,5.0,3.0,0.0,2.0,0.0,0.0,0.0,0.0,3.0,0.23076923076923078,0.0,0.0,13.0,3.0,0.0,0.0,0.0,0.0,0.0,0.0,0.0,0.0,13.0,13.0,,,crypto_interest,crypto,,,1.0,1.0,,,,,,,,
2.0,290.5,9.0,45.0,0.0,5.0,9.0,0.0,0.0,0.0,0.0,0.0,4.0,0.0,0.0,0.0,0.0,0.0,0.0,18.0,9.0,0.0,0.0,0.0,0.0,0.0,0.0,18.0,18.0,,,food_interest,food,,,,,1.0,1.0,,,,,,
2.0,84.5,4.5,60.0,0.0,3.0,0.0,0.0,0.0,0.0,0.0,0.0,4.0,2.0,0.2222222222222222,0.0,0.0,0.0,0.0,0.0,0.0,0.0,0.0,0.0,0.0,9.0,0.0,9.0,9.0,1.0,1.0,fintech_interest,fintech,,,,,,,,,,,,
2.0,227.5,8.5,90.0,0.0,7.0,4.0,3.0,0.0,3.0,0.0,0.0,0.0,0.0,0.0,17.0,4.0,0.0,0.0,0.0,0.0,0.0,0.0,0.0,0.0,0.0,0.0,17.0,17.0,,,fashion_interest,fashion,1.0,1.0,,,,,,,,,,
2.0,144.0,6.5,300.0,0.0,4.0,0.0,5.0,0.0,0.0,0.0,4.0,0.0,0.0,0.0,0.0,0.0,0.0,0.0,0.0,0.0,0.0,0.0,13.0,0.0,0.0,0.0,13.0,13.0,,,gaming_interest,gaming,,,,,,,,,,,1.0,1.0
1.0,192.0,7.0,0.0,0.0,1.0,0.0,0.0,0.0,0.0,0.0,0.0,0.0,0.0,0.0,0.0,0.0,0.0,0.0,0.0,0.0,0.0,0.0,0.0,0.0,0.0,0.0,7.0,7.0,,,general_interest,general,,,,,,,,,1.0,1.0,,
2.0,378.0,9.0,90.0,0.0,2.0,4.0,6.0,0.0,6.0,0.0,0.0,0.0,0.0,0.0,18.0,4.0,0.0,0.0,0.0,0.0,0.0,0.0,0.0,0.0,0.0,0.0,18.0,18.0,,,fashion_interest,fashion,1.0,1.0,,,,,,,,,,
2.0,329.0,9.0,60.0,0.0,8.0,0.0,0.0,0.0,0.0,0.0,0.0,8.0,2.0,0.1111111111111111,0.0,0.0,0.0,0.0,0.0,0.0,0.0,0.0,0.0,0.0,18.0,0.0,18.0,18.0,1.0,1.0,fintech_interest,fintech,,,,,,,,,,,,
2.0,318.5,9.5,90.0,0.0,4.0,6.0,4.0,0.0,5.0,0.0,0.0,0.0,0.0,0.0,19.0,6.0,0.0,0.0,0.0,0.0,0.0,0.0,0.0,0.0,0.0,0.0,19.0,19.0,,,fashion_interest,fashion,1.0,1.0,,,,,,,,,,
1.0,245.0,7.0,0.0,0.0,0.0,0.0,0.0,0.0,0.0,0.0,0.0,0.0,0.0,0.0,0.0,0.0,0.0,0.0,0.0,0.0,0.0,0.0,0.0,0.0,0.0,0.0,7.0,7.0,,,general_interest,general,,,,,,,,,1.0,1.0,,
2.0,364.0,9.0,45.0,0.0,3.0,10.0,0.0,0.0,0.0,0.0,0.0,5.0,0.0,0.0,0.0,0.0,0.0,0.0,18.0,10.0,0.0,0.0,0.0,0.0,0.0,0.0,18.0,18.0,,,food_interest,food,,,,,1.0,1.0,,,,,,
2.0,252.0,9.0,300.0,0.0,4.0,0.0,10.0,0.0,0.0,0.0,4.0,0.0,0.0,0.0,0.0,0.0,0.0,0.0,0.0,0.0,0.0,0.0,18.0,0.0,0.0,0.0,18.0,18.0,,,gaming_interest,gaming,,,,,,,,,,,1.0,1.0
2.0,195.5,7.0,300.0,0.0,4.0,0.0,9.0,0.0,0.0,0.0,1.0,0.0,0.0,0.0,0.0,0.0,0.0,0.0,0.0,0.0,0.0,0.0,14.0,0.0,0.0,0.0,14.0,14.0,,,gaming_interest,gaming,,,,,,,,,,,1.0,1.0
2.0,234.0,6.0,60.0,0.0,3.0,0.0,0.0,0.0,0.0,0.0,0.0,3.0,6.0,0.5,0.0,0.0,0.0,0.0,0.0,0.0,0.0,0.0,0.0,0.0,12.0,0.0,12.0,12.0,1.0,1.0,fintech_interest,fintech,,,,,,,,,,,,
2.0,298.0,7.0,200.0,0.0,11.0,0.0,3.0,0.0,0.0,0.0,0.0,0.0,0.0,0.0,0.0,0.0,0.0,0.0,0.0,0.0,14.0,0.0,0.0,0.0,0.0,0.0,14.0,14.0,,,education_interest,education,,,,,,,1.0,1.0,,,,
2.0,252.5,6.5,120.0,0.0,4.0,4.0,0.0,4.0,0.0,0.0,0.0,0.0,1.0,0.07692307692307693,0.0,0.0,13.0,4.0,0.0,0.0,0.0,0.0,0.0,0.0,0.0,0.0,13.0,13.0,,,crypto_interest,crypto,,,1.0,1.0,,,,,,,,
2.0,350.0,7.0,90.0,0.0,1.0,4.0,5.0,0.0,4.0,0.0,0.0,0.0,0.0,0.0,14.0,4.0,0.0,0.0,0.0,0.0,0.0,0.0,0.0,0.0,0.0,0.0,14.0,14.0,,,fashion_interest,fashion,1.0,1.0,,,,,,,,,,
1.0,224.0,10.0,0.0,0.0,3.0,0.0,0.0,0.0,0.0,0.0,0.0,0.0,0.0,0.0,0.0,0.0,0.0,0.0,0.0,0.0,0.0,0.0,0.0,0.0,0.0,0.0,10.0,10.0,,,general_interest,general,,,,,,,,,1.0,1.0,,
2.0,198.0,7.5,45.0,0.0,7.0,5.0,0.0,0.0,0.0,0.0,0.0,3.0,0.0,0.0,0.0,0.0,0.0,0.0,15.0,5.0,0.0,0.0,0.0,0.0,0.0,0.0,15.0,15.0,,,food_interest,food,,,,,1.0,1.0,,,,,,
1.0,240.0,7.0,0.0,0.0,1.0,0.0,0.0,0.0,0.0,0.0,0.0,0.0,0.0,0.0,0.0,0.0,0.0,0.0,0.0,0.0,0.0,0.0,0.0,0.0,0.0,0.0,7.0,7.0,,,general_interest,general,,,,,,,,,1.0,1.0,,
2.0,267.0,7.0,200.0,0.0,9.0,0.0,5.0,0.0,0.0,0.0,0.0,0.0,0.0,0.0,0.0,0.0,0.0,0.0,0.0,0.0,14.0,0.0,0.0,0.0,0.0,0.0,14.0,14.0,,,education_interest,education,,,,,,,1.0,1.0,,,,
2.0,180.0,6.5,60.0,0.0,3.0,0.0,0.0,0.0,0.0,0.0,0.0,3.0,7.0,0.5384615384615384,0.0,0.0,0.0,0.0,0.0,0.0,0.0,0.0,0.0,0.0,13.0,0.0,13.0,13.0,1.0,1.0,fintech_interest,fintech,,,,,,,,,,,,
2.0,344.5,8.5,60.0,0.0,5.0,0.0,0.0,0.0,0.0,0.0,0.0,5.0,7.0,0.4117647058823529,0.0,0.0,0.0,0.0,0.0,0.0,0.0,0.0,0.0,0.0,17.0,0.0,17.0,17.0,1.0,1.0,fintech_interest,fintech,,,,,,,,,,,,
2.0,184.5,6.5,200.0,0.0,10.0,0.0,3.0,0.0,0.0,0.0,0.0,0.0,0.0,0.0,0.0,0.0,0.0,0.0,0.0,0.0,13.0,0.0,0.0,0.0,0.0,0.0,13.0,13.0,,,education_interest,education,,,,,,,1.0,1.0,,,,
2.0,272.5,7.0,120.0,0.0,5.0,1.0,0.0,3.0,0.0,0.0,0.0,0.0,5.0,0.35714285714285715,0.0,0.0,14.0,1.0,0.0,0.0,0.0,0.0,0.0,0.0,0.0,0.0,14.0,14.0,,,general_interest,crypto,,,1.0,1.0,,,,,,,,
2.0,261.0,8.5,45.0,0.0,7.0,4.0,0.0,0.0,0.0,0.0,0.0,6.0,0.0,0.0,0.0,0.0,0.0,0.0,17.0,4.0,0.0,0.0,0.0,0.0,0.0,0.0,17.0,17.0,,,food_interest,food,,,,,1.0,1.0,,,,,,
2.0,213.5,8.5,60.0,0.0,2.0,0.0,0.0,0.0,0.0,0.0,0.0,7.0,8.0,0.47058823529411764,0.0,0.0,0.0,0.0,0.0,0.0,0.0,0.0,0.0,0.0,17.0,0.0,17.0,17.0,1.0,1.0,fintech_interest,fintech,,,,,,,,,,,,
2.0,222.5,7.0,200.0,0.0,11.0,0.0,3.0,0.0,0.0,0.0,0.0,0.0,0.0,0.0,0.0,0.0,0.0,0.0,0.0,0.0,14.0,0.0,0.0,0.0,0.0,0.0,14.0,14.0,,,education_interest,education,,,,,,,1.0,1.0,,,,
2.0,219.0,7.5,90.0,0.0,2.0,3.0,4.0,0.0,6.0,0.0,0.0,0.0,0.0,0.0,15.0,3.0,0.0,0.0,0.0,0.0,0.0,0.0,0.0,0.0,0.0,0.0,15.0,15.0,,,fashion_interest,fashion,1.0,1.0,,,,,,,,,,
2.0,234.0,8.5,45.0,0.0,4.0,6.0,0.0,0.0,0.0,0.0,0.0,7.0,0.0,0.0,0.0,0.0,0.0,0.0,17.0,6.0,0.0,0.0,0.0,0.0,0.0,0.0,17.0,17.0,,,food_interest,food,,,,,1.0,1.0,,,,,,
2.0,136.5,5.0,120.0,0.0,5.0,4.0,0.0,1.0,0.0,0.0,0.0,0.0,0.0,0.0,0.0,0.0,10.0,4.0,0.0,0.0,0.0,0.0,0.0,0.0,0.0,0.0,10.0,10.0,,,crypto_interest,crypto,,,1.0,1.0,,,,,,,,
2.0,246.0,7.5,200.0,0.0,13.0,0.0,2.0,0.0,0.0,0.0,0.0,0.0,0.0,0.0,0.0,0.0,0.0,0.0,0.0,0.0,15.0,0.0,0.0,0.0,0.0,0.0,15.0,15.0,,,education_interest,education,,,,,,,1.0,1.0,,,,
2.0,290.0,6.0,90.0,0.0,6.0,3.0,1.0,0.0,2.0,0.0,0.0,0.0,0.0,0.0,12.0,3.0,0.0,0.0,0.0,0.0,0.0,0.0,0.0,0.0,0.0,0.0,12.0,12.0,,,fashion_interest,fashion,1.0,1.0,,,,,,,,,,
2.0,199.0,5.0,90.0,0.0,2.0,4.0,1.0,0.0,3.0,0.0,0.0,0.0,0.0,0.0,10.0,4.0,0.0,0.0,0.0,0.0,0.0,0.0,0.0,0.0,0.0,0.0,10.0,10.0,,,fashion_interest,fashion,1.0,1.0,,,,,,,,,,
2.0,290.0,6.0,45.0,0.0,4.0,5.0,0.0,0.0,0.0,0.0,0.0,3.0,0.0,0.0,0.0,0.0,0.0,0.0,12.0,5.0,0.0,0.0,0.0,0.0,0.0,0.0,12.0,12.0,,,food_interest,food,,,,,1.0,1.0,,,,,,
1.0,329.0,10.0,0.0,0.0,2.0,0.0,0.0,0.0,0.0,0.0,0.0,0.0,0.0,0.0,0.0,0.0,0.0,0.0,0.0,0.0,0.0,0.0,0.0,0.0,0.0,0.0,10.0,10.0,,,general_interest,general,,,,,,,,,1.0,1.0,,
2.0,163.5,4.0,120.0,0.0,4.0,0.0,0.0,2.0,0.0,0.0,0.0,0.0,2.0,0.25,0.0,0.0,8.0,0.0,0.0,0.0,0.0,0.0,0.0,0.0,0.0,0.0,8.0,8.0,,,general_interest,crypto,,,1.0,1.0,,,,,,,,
2.0,187.5,5.5,200.0,0.0,9.0,0.0,2.0,0.0,0.0,0.0,0.0,0.0,0.0,0.0,0.0,0.0,0.0,0.0,0.0,0.0,11.0,0.0,0.0,0.0,0.0,0.0,11.0,11.0,,,education_interest,education,,,,,,,1.0,1.0,,,,
2.0,150.0,4.5,60.0,0.0,4.0,0.0,0.0,0.0,0.0,0.0,0.0,2.0,3.0,0.3333333333333333,0.0,0.0,0.0,0.0,0.0,0.0,0.0,0.0,0.0,0.0,9.0,0.0,9.0,9.0,1.0,1.0,fintech_interest,fintech,,,,,,,,,,,,
2.0,296.5,7.0,200.0,0.0,12.0,0.0,2.0,0.0,0.0,0.0,0.0,0.0,0.0,0.0,0.0,0.0,0.0,0.0,0.0,0.0,14.0,0.0,0.0,0.0,0.0,0.0,14.0,14.0,,,education_interest,education,,,,,,,1.0,1.0,,,,
2.0,218.5,7.0,60.0,0.0,5.0,0.0,0.0,0.0,0.0,0.0,0.0,4.0,5.0,0.35714285714285715,0.0,0.0,0.0,0.0,0.0,0.0,0.0,0.0,0.0,0.0,14.0,0.0,14.0,14.0,1.0,1.0,fintech_interest,fintech,,,,,,,,,,,,
2.0,291.0,9.0,120.0,0.0,10.0,2.0,0.0,5.0,0.0,0.0,0.0,0.0,1.0,0.05555555555555555,0.0,0.0,18.0,2.0,0.0,0.0,0.0,0.0,0.0,0.0,0.0,0.0,18.0,18.0,,,crypto_interest,crypto,,,1.0,1.0,,,,,,,,
2.0,184.0,6.0,45.0,0.0,4.0,5.0,0.0,0.0,0.0,0.0,0.0,3.0,0.0,0.0,0.0,0.0,0.0,0.0,12.0,5.0,0.0,0.0,0.0,0.0,0.0,0.0,12.0,12.0,,,food_interest,food,,,,,1.0,1.0,,,,,,
1.0,342.0,7.0,0.0,0.0,2.0,0.0,0.0,0.0,0.0,0.0,0.0,0.0,0.0,0.0,0.0,0.0,0.0,0.0,0.0,0.0,0.0,0.0,0.0,0.0,0.0,0.0,7.0,7.0,,,general_interest,general,,,,,,,,,1.0,1.0,,
2.0,158.0,5.5,120.0,0.0,9.0,0.0,0.0,1.0,0.0,0.0,0.0,0.0,1.0,0.09090909090909091,0.0,0.0,11.0,0.0,0.0,0.0,0.0,0.0,0.0,0.0,0.0,0.0,11.0,11.0,,,general_interest,crypto,,,1.0,1.0,,,,,,,,
2.0,141.5,6.0,200.0,0.0,6.0,0.0,6.0,0.0,0.0,0.0,0.0,0.0,0.0,0.0,0.0,0.0,0.0,0.0,0.0,0.0,12.0,0.0,0.0,0.0,0.0,0.0,12.0,12.0,,,education_interest,education,,,,,,,1.0,1.0,,,,
1.0,90.0,4.0,0.0,0.0,0.0,0.0,0.0,0.0,0.0,0.0,0.0,0.0,0.0,0.0,0.0,0.0,0.0,0.0,0.0,0.0,0.0,0.0,0.0,0.0,0.0,0.0,4.0,4.0,,,general_interest,general,,,,,,,,,1.0,1.0,,
2.0,144.5,5.0,45.0,0.0,3.0,3.0,0.0,0.0,0.0,0.0,0.0,4.0,0.0,0.0,0.0,0.0,0.0,0.0,10.0,3.0,0.0,0.0,0.0,0.0,0.0,0.0,10.0,10.0,,,food_interest,food,,,,,1.0,1.0,,,,,,
1.0,329.0,9.0,0.0,0.0,5.0,0.0,0.0,0.0,0.0,0.0,0.0,0.0,0.0,0.0,0.0,0.0,0.0,0.0,0.0,0.0,0.0,0.0,0.0,0.0,0.0,0.0,9.0,9.0,,,general_interest,general,,,,,,,,,1.0,1.0,,
2.0,207.0,5.5,60.0,0.0,5.0,0.0,0.0,0.0,0.0,0.0,0.0,1.0,5.0,0.45454545454545453,0.0,0.0,0.0,0.0,0.0,0.0,0.0,0.0,0.0,0.0,11.0,0.0,11.0,11.0,1.0,1.0,fintech_interest,fintech,,,,,,,,,,,,
2.0,167.5,5.5,300.0,0.0,3.0,0.0,6.0,0.0,0.0,0.0,2.0,0.0,0.0,0.0,0.0,0.0,0.0,0.0,0.0,0.0,0.0,0.0,11.0,0.0,0.0,0.0,11.0,11.0,,,gaming_interest,gaming,,,,,,,,,,,1.0,1.0
2.0,139.0,6.5,60.0,0.0,3.0,0.0,0.0,0.0,0.0,0.0,0.0,5.0,5.0,0.38461538461538464,0.0,0.0,0.0,0.0,0.0,0.0,0.0,0.0,0.0,0.0,13.0,0.0,13.0,13.0,1.0,1.0,fintech_interest,fintech,,,,,,,,,,,,
1.0,486.0,10.0,0.0,0.0,3.0,0.0,0.0,0.0,0.0,0.0,0.0,0.0,0.0,0.0,0.0,0.0,0.0,0.0,0.0,0.0,0.0,0.0,0.0,0.0,0.0,0.0,10.0,10.0,,,general_interest,general,,,,,,,,,1.0,1.0,,
2.0,306.5,9.0,60.0,0.0,8.0,0.0,0.0,0.0,0.0,0.0,0.0,9.0,1.0,0.05555555555555555,0.0,0.0,0.0,0.0,0.0,0.0,0.0,0.0,0.0,0.0,18.0,0.0,18.0,18.0,1.0,1.0,fintech_interest,fintech,,,,,,,,,,,,
2.0,207.5,6.5,45.0,0.0,5.0,5.0,0.0,0.0,0.0,0.0,0.0,3.0,0.0,0.0,0.0,0.0,0.0,0.0,13.0,5.0,0.0,0.0,0.0,0.0,0.0,0.0,13.0,13.0,,,food_interest,food,,,,,1.0,1.0,,,,,,
2.0,221.0,6.5,60.0,0.0,5.0,0.0,0.0,0.0,0.0,0.0,0.0,5.0,3.0,0.23076923076923078,0.0,0.0,0.0,0.0,0.0,0.0,0.0,0.0,0.0,0.0,13.0,0.0,13.0,13.0,1.0,1.0,fintech_interest,fintech,,,,,,,,,,,,
2.0,211.0,6.0,120.0,0.0,3.0,3.0,0.0,3.0,0.0,0.0,0.0,0.0,3.0,0.25,0.0,0.0,12.0,3.0,0.0,0.0,0.0,0.0,0.0,0.0,0.0,0.0,12.0,12.0,,,crypto_interest,crypto,,,1.0,1.0,,,,,,,,
2.0,256.0,5.5,300.0,0.0,1.0,0.0,7.0,0.0,0.0,0.0,3.0,0.0,0.0,0.0,0.0,0.0,0.0,0.0,0.0,0.0,0.0,0.0,11.0,0.0,0.0,0.0,11.0,11.0,,,gaming_interest,gaming,,,,,,,,,,,1.0,1.0
2.0,264.0,6.0,120.0,0.0,7.0,2.0,0.0,2.0,0.0,0.0,0.0,0.0,1.0,0.08333333333333333,0.0,0.0,12.0,2.0,0.0,0.0,0.0,0.0,0.0,0.0,0.0,0.0,12.0,12.0,,,crypto_interest,crypto,,,1.0,1.0,,,,,,,,
2.0,121.0,6.0,200.0,0.0,7.0,0.0,5.0,0.0,0.0,0.0,0.0,0.0,0.0,0.0,0.0,0.0,0.0,0.0,0.0,0.0,12.0,0.0,0.0,0.0,0.0,0.0,12.0,12.0,,,education_interest,education,,,,,,,1.0,1.0,,,,
2.0,242.5,7.0,90.0,0.0,3.0,5.0,3.0,0.0,3.0,0.0,0.0,0.0,0.0,0.0,14.0,5.0,0.0,0.0,0.0,0.0,0.0,0.0,0.0,0.0,0.0,0.0,14.0,14.0,,,fashion_interest,fashion,1.0,1.0,,,,,,,,,,
2.0,285.0,7.0,200.0,0.0,10.0,0.0,4.0,0.0,0.0,0.0,0.0,0.0,0.0,0.0,0.0,0.0,0.0,0.0,0.0,0.0,14.0,0.0,0.0,0.0,0.0,0.0,14.0,14.0,,,education_interest,education,,,,,,,1.0,1.0,,,,
2.0,357.0,8.0,300.0,0.0,2.0,0.0,9.0,0.0,0.0,0.0,5.0,0.0,0.0,0.0,0.0,0.0,0.0,0.0,0.0,0.0,0.0,0.0,16.0,0.0,0.0,0.0,16.0,16.0,,,gaming_interest,gaming,,,,,,,,,,,1.0,1.0
2.0,148.5,6.0,120.0,0.0,4.0,3.0,0.0,3.0,0.0,0.0,0.0,0.0,2.0,0.16666666666666666,0.0,0.0,12.0,3.0,0.0,0.0,0.0,0.0,0.0,0.0,0.0,0.0,12.0,12.0,,,crypto_interest,crypto,,,1.0,1.0,,,,,,,,
2.0,141.0,4.5,45.0,0.0,4.0,2.0,0.0,0.0,0.0,0.0,0.0,3.0,0.0,0.0,0.0,0.0,0.0,0.0,9.0,2.0,0.0,0.0,0.0,0.0,0.0,0.0,9.0,9.0,,,food_interest,food,,,,,1.0,1.0,,,,,,
2.0,214.0,5.0,90.0,0.0,1.0,3.0,6.0,0.0,0.0,0.0,0.0,0.0,0.0,0.0,10.0,3.0,0.0,0.0,0.0,0.0,0.0,0.0,0.0,0.0,0.0,0.0,10.0,10.0,,,fashion_interest,fashion,1.0,1.0,,,,,,,,,,
2.0,153.0,5.5,300.0,0.0,3.0,0.0,4.0,0.0,0.0,0.0,4.0,0.0,0.0,0.0,0.0,0.0,0.0,0.0,0.0,0.0,0.0,0.0,11.0,0.0,0.0,0.0,11.0,11.0,,,gaming_interest,gaming,,,,,,,,,,,1.0,1.0
2.0,194.0,6.5,120.0,0.0,7.0,2.0,0.0,2.0,0.0,0.0,0.0,0.0,2.0,0.15384615384615385,0.0,0.0,13.0,2.0,0.0,0.0,0.0,0.0,0.0,0.0,0.0,0.0,13.0,13.0,,,crypto_interest,crypto,,,1.0,1.0,,,,,,,,
2.0,213.0,6.0,120.0,0.0,5.0,5.0,0.0,1.0,0.0,0.0,0.0,0.0,1.0,0.08333333333333333,0.0,0.0,12.0,5.0,0.0,0.0,0.0,0.0,0.0,0.0,0.0,0.0,12.0,12.0,,,crypto_interest,crypto,,,1.0,1.0,,,,,,,,
2.0,344.0,8.5,60.0,0.0,5.0,0.0,0.0,0.0,0.0,0.0,0.0,8.0,4.0,0.23529411764705882,0.0,0.0,0.0,0.0,0.0,0.0,0.0,0.0,0.0,0.0,17.0,0.0,17.0,17.0,1.0,1.0,fintech_interest,fintech,,,,,,,,,,,,
1.0,160.0,5.0,0.0,0.0,2.0,0.0,0.0,0.0,0.0,0.0,0.0,0.0,0.0,0.0,0.0,0.0,0.0,0.0,0.0,0.0,0.0,0.0,0.0,0.0,0.0,0.0,5.0,5.0,,,general_interest,general,,,,,,,,,1.0,1.0,,
2.0,127.5,5.5,300.0,0.0,5.0,0.0,4.0,0.0,0.0,0.0,2.0,0.0,0.0,0.0,0.0,0.0,0.0,0.0,0.0,0.0,0.0,0.0,11.0,0.0,0.0,0.0,11.0,11.0,,,gaming_interest,gaming,,,,,,,,,,,1.0,1.0
2.0,166.5,6.0,60.0,0.0,2.0,0.0,0.0,0.0,0.0,0.0,0.0,4.0,6.0,0.5,0.0,0.0,0.0,0.0,0.0,0.0,0.0,0.0,0.0,0.0,12.0,0.0,12.0,12.0,1.0,1.0,fintech_interest,fintech,,,,,,,,,,,,
2.0,190.0,6.5,120.0,0.0,6.0,2.0,0.0,3.0,0.0,0.0,0.0,0.0,2.0,0.15384615384615385,0.0,0.0,13.0,2.0,0.0,0.0,0.0,0.0,0.0,0.0,0.0,0.0,13.0,13.0,,,crypto_interest,crypto,,,1.0,1.0,,,,,,,,
2.0,309.0,8.5,200.0,0.0,8.0,0.0,9.0,0.0,0.0,0.0,0.0,0.0,0.0,0.0,0.0,0.0,0.0,0.0,0.0,0.0,17.0,0.0,0.0,0.0,0.0,0.0,17.0,17.0,,,education_interest,education,,,,,,,1.0,1.0,,,,
2.0,394.5,10.0,300.0,0.0,3.0,0.0,11.0,0.0,0.0,0.0,6.0,0.0,0.0,0.0,0.0,0.0,0.0,0.0,0.0,0.0,0.0,0.0,20.0,0.0,0.0,0.0,20.0,20.0,,,gaming_interest,gaming,,,,,,,,,,,1.0,1.0
2.0,250.0,7.5,60.0,0.0,5.0,0.0,0.0,0.0,0.0,0.0,0.0,3.0,7.0,0.4666666666666667,0.0,0.0,0.0,0.0,0.0,0.0,0.0,0.0,0.0,0.0,15.0,0.0,15.0,15.0,1.0,1.0,fintech_interest,fintech,,,,,,,,,,,,
2.0,186.0,6.0,300.0,0.0,3.0,0.0,6.0,0.0,0.0,0.0,3.0,0.0,0.0,0.0,0.0,0.0,0.0,0.0,0.0,0.0,0.0,0.0,12.0,0.0,0.0,0.0,12.0,12.0,,,gaming_interest,gaming,,,,,,,,,,,1.0,1.0
2.0,211.5,7.0,200.0,0.0,7.0,0.0,7.0,0.0,0.0,0.0,0.0,0.0,0.0,0.0,0.0,0.0,0.0,0.0,0.0,0.0,14.0,0.0,0.0,0.0,0.0,0.0,14.0,14.0,,,education_interest,education,,,,,,,1.0,1.0,,,,
2.0,142.0,5.0,120.0,0.0,3.0,2.0,0.0,3.0,0.0,0.0,0.0,0.0,2.0,0.2,0.0,0.0,10.0,2.0,0.0,0.0,0.0,0.0,0.0,0.0,0.0,0.0,10.0,10.0,,,crypto_interest,crypto,,,1.0,1.0,,,,,,,,
2.0,192.0,8.0,45.0,0.0,10.0,3.0,0.0,0.0,0.0,0.0,0.0,3.0,0.0,0.0,0.0,0.0,0.0,0.0,16.0,3.0,0.0,0.0,0.0,0.0,0.0,0.0,16.0,16.0,,,food_interest,food,,,,,1.0,1.0,,,,,,
2.0,132.0,5.0,200.0,0.0,7.0,0.0,3.0,0.0,0.0,0.0,0.0,0.0,0.0,0.0,0.0,0.0,0.0,0.0,0.0,0.0,10.0,0.0,0.0,0.0,0.0,0.0,10.0,10.0,,,education_interest,education,,,,,,,1.0,1.0,,,,
2.0,245.5,7.5,200.0,0.0,10.0,0.0,5.0,0.0,0.0,0.0,0.0,0.0,0.0,0.0,0.0,0.0,0.0,0.0,0.0,0.0,15.0,0.0,0.0,0.0,0.0,0.0,15.0,15.0,,,education_interest,education,,,,,,,1.0,1.0,,,,
2.0,390.0,9.5,45.0,0.0,6.0,6.0,0.0,0.0,0.0,0.0,0.0,7.0,0.0,0.0,0.0,0.0,0.0,0.0,19.0,6.0,0.0,0.0,0.0,0.0,0.0,0.0,19.0,19.0,,,food_interest,food,,,,,1.0,1.0,,,,,,
2.0,146.0,5.5,90.0,0.0,6.0,1.0,2.0,0.0,2.0,0.0,0.0,0.0,0.0,0.0,11.0,1.0,0.0,0.0,0.0,0.0,0.0,0.0,0.0,0.0,0.0,0.0,11.0,11.0,,,fashion_interest,fashion,1.0,1.0,,,,,,,,,,
2.0,207.0,5.5,120.0,0.0,4.0,5.0,0.0,1.0,0.0,0.0,0.0,0.0,1.0,0.09090909090909091,0.0,0.0,11.0,5.0,0.0,0.0,0.0,0.0,0.0,0.0,0.0,0.0,11.0,11.0,,,crypto_interest,crypto,,,1.0,1.0,,,,,,,,
2.0,121.5,5.0,300.0,0.0,5.0,0.0,4.0,0.0,0.0,0.0,1.0,0.0,0.0,0.0,0.0,0.0,0.0,0.0,0.0,0.0,0.0,0.0,10.0,0.0,0.0,0.0,10.0,10.0,,,gaming_interest,gaming,,,,,,,,,,,1.0,1.0
2.0,234.0,6.5,60.0,0.0,4.0,0.0,0.0,0.0,0.0,0.0,0.0,6.0,3.0,0.23076923076923078,0.0,0.0,0.0,0.0,0.0,0.0,0.0,0.0,0.0,0.0,13.0,0.0,13.0,13.0,1.0,1.0,fintech_interest,fintech,,,,,,,,,,,,
2.0,200.0,5.5,120.0,0.0,5.0,0.0,0.0,3.0,0.0,0.0,0.0,0.0,3.0,0.2727272727272727,0.0,0.0,11.0,0.0,0.0,0.0,0.0,0.0,0.0,0.0,0.0,0.0,11.0,11.0,,,general_interest,crypto,,,1.0,1.0,,,,,,,,
2.0,219.0,7.5,90.0,0.0,2.0,6.0,1.0,0.0,6.0,0.0,0.0,0.0,0.0,0.0,15.0,6.0,0.0,0.0,0.0,0.0,0.0,0.0,0.0,0.0,0.0,0.0,15.0,15.0,,,fashion_interest,fashion,1.0,1.0,,,,,,,,,,
2.0,273.0,8.5,120.0,0.0,8.0,2.0,0.0,3.0,0.0,0.0,0.0,0.0,4.0,0.23529411764705882,0.0,0.0,17.0,2.0,0.0,0.0,0.0,0.0,0.0,0.0,0.0,0.0,17.0,17.0,,,crypto_interest,crypto,,,1.0,1.0,,,,,,,,
2.0,206.0,5.5,120.0,0.0,5.0,2.0,0.0,1.0,0.0,0.0,0.0,0.0,3.0,0.2727272727272727,0.0,0.0,11.0,2.0,0.0,0.0,0.0,0.0,0.0,0.0,0.0,0.0,11.0,11.0,,,crypto_interest,crypto,,,1.0,1.0,,,,,,,,
2.0,280.5,6.5,300.0,0.0,5.0,0.0,5.0,0.0,0.0,0.0,3.0,0.0,0.0,0.0,0.0,0.0,0.0,0.0,0.0,0.0,0.0,0.0,13.0,0.0,0.0,0.0,13.0,13.0,,,gaming_interest,gaming,,,,,,,,,,,1.0,1.0
2.0,226.0,6.0,200.0,0.0,10.0,0.0,2.0,0.0,0.0,0.0,0.0,0.0,0.0,0.0,0.0,0.0,0.0,0.0,0.0,0.0,12.0,0.0,0.0,0.0,0.0,0.0,12.0,12.0,,,education_interest,education,,,,,,,1.0,1.0,,,,
2.0,312.0,7.5,60.0,0.0,5.0,0.0,0.0,0.0,0.0,0.0,0.0,6.0,4.0,0.26666666666666666,0.0,0.0,0.0,0.0,0.0,0.0,0.0,0.0,0.0,0.0,15.0,0.0,15.0,15.0,1.0,1.0,fintech_interest,fintech,,,,,,,,,,,,
2.0,428.0,9.0,60.0,0.0,5.0,0.0,0.0,0.0,0.0,0.0,0.0,8.0,5.0,0.2777777777777778,0.0,0.0,0.0,0.0,0.0,0.0,0.0,0.0,0.0,0.0,18.0,0.0,18.0,18.0,1.0,1.0,fintech_interest,fintech,,,,,,,,,,,,
2.0,256.5,5.5,45.0,0.0,3.0,3.0,0.0,0.0,0.0,0.0,0.0,5.0,0.0,0.0,0.0,0.0,0.0,0.0,11.0,3.0,0.0,0.0,0.0,0.0,0.0,0.0,11.0,11.0,,,food_interest,food,,,,,1.0,1.0,,,,,,
2.0,278.0,7.5,300.0,0.0,6.0,0.0,6.0,0.0,0.0,0.0,3.0,0.0,0.0,0.0,0.0,0.0,0.0,0.0,0.0,0.0,0.0,0.0,15.0,0.0,0.0,0.0,15.0,15.0,,,gaming_interest,gaming,,,,,,,,,,,1.0,1.0
2.0,138.5,5.5,45.0,0.0,5.0,1.0,0.0,0.0,0.0,0.0,0.0,5.0,0.0,0.0,0.0,0.0,0.0,0.0,11.0,1.0,0.0,0.0,0.0,0.0,0.0,0.0,11.0,11.0,,,food_interest,food,,,,,1.0,1.0,,,,,,
2.0,244.5,7.0,45.0,0.0,4.0,3.0,0.0,0.0,0.0,0.0,0.0,7.0,0.0,0.0,0.0,0.0,0.0,0.0,14.0,3.0,0.0,0.0,0.0,0.0,0.0,0.0,14.0,14.0,,,food_interest,food,,,,,1.0,1.0,,,,,,
2.0,293.5,8.5,90.0,0.0,4.0,6.0,4.0,0.0,3.0,0.0,0.0,0.0,0.0,0.0,17.0,6.0,0.0,0.0,0.0,0.0,0.0,0.0,0.0,0.0,0.0,0.0,17.0,17.0,,,fashion_interest,fashion,1.0,1.0,,,,,,,,,,
2.0,246.0,7.0,90.0,0.0,2.0,3.0,4.0,0.0,5.0,0.0,0.0,0.0,0.0,0.0,14.0,3.0,0.0,0.0,0.0,0.0,0.0,0.0,0.0,0.0,0.0,0.0,14.0,14.0,,,fashion_interest,fashion,1.0,1.0,,,,,,,,,,
2.0,276.5,8.0,300.0,0.0,3.0,0.0,8.0,0.0,0.0,0.0,5.0,0.0,0.0,0.0,0.0,0.0,0.0,0.0,0.0,0.0,0.0,0.0,16.0,0.0,0.0,0.0,16.0,16.0,,,gaming_interest,gaming,,,,,,,,,,,1.0,1.0
2.0,351.0,8.5,90.0,0.0,5.0,6.0,4.0,0.0,2.0,0.0,0.0,0.0,0.0,0.0,17.0,6.0,0.0,0.0,0.0,0.0,0.0,0.0,0.0,0.0,0.0,0.0,17.0,17.0,,,fashion_interest,fashion,1.0,1.0,,,,,,,,,,
2.0,240.0,7.0,60.0,0.0,7.0,0.0,0.0,0.0,0.0,0.0,0.0,3.0,4.0,0.2857142857142857,0.0,0.0,0.0,0.0,0.0,0.0,0.0,0.0,0.0,0.0,14.0,0.0,14.0,14.0,1.0,1.0,fintech_interest,fintech,,,,,,,,,,,,
2.0,270.5,7.5,90.0,0.0,2.0,4.0,5.0,0.0,4.0,0.0,0.0,0.0,0.0,0.0,15.0,4.0,0.0,0.0,0.0,0.0,0.0,0.0,0.0,0.0,0.0,0.0,15.0,15.0,,,fashion_interest,fashion,1.0,1.0,,,,,,,,,,
2.0,338.0,9.0,300.0,0.0,2.0,0.0,11.0,0.0,0.0,0.0,5.0,0.0,0.0,0.0,0.0,0.0,0.0,0.0,0.0,0.0,0.0,0.0,18.0,0.0,0.0,0.0,18.0,18.0,,,gaming_interest,gaming,,,,,,,,,,,1.0,1.0
2.0,174.0,5.5,60.0,0.0,2.0,0.0,0.0,0.0,0.0,0.0,0.0,4.0,5.0,0.45454545454545453,0.0,0.0,0.0,0.0,0.0,0.0,0.0,0.0,0.0,0.0,11.0,0.0,11.0,11.0,1.0,1.0,fintech_interest,fintech,,,,,,,,,,,,
2.0,296.0,8.5,45.0,0.0,5.0,6.0,0.0,0.0,0.0,0.0,0.0,6.0,0.0,0.0,0.0,0.0,0.0,0.0,17.0,6.0,0.0,0.0,0.0,0.0,0.0,0.0,17.0,17.0,,,food_interest,food,,,,,1.0,1.0,,,,,,
2.0,241.5,7.0,60.0,0.0,3.0,0.0,0.0,0.0,0.0,0.0,0.0,5.0,6.0,0.42857142857142855,0.0,0.0,0.0,0.0,0.0,0.0,0.0,0.0,0.0,0.0,14.0,0.0,14.0,14.0,1.0,1.0,fintech_interest,fintech,,,,,,,,,,,,
1.0,354.0,9.0,0.0,0.0,3.0,0.0,0.0,0.0,0.0,0.0,0.0,0.0,0.0,0.0,0.0,0.0,0.0,0.0,0.0,0.0,0.0,0.0,0.0,0.0,0.0,0.0,9.0,9.0,,,general_interest,general,,,,,,,,,1.0,1.0,,
2.0,315.5,8.5,60.0,0.0,4.0,0.0,0.0,0.0,0.0,0.0,0.0,7.0,6.0,0.35294117647058826,0.0,0.0,0.0,0.0,0.0,0.0,0.0,0.0,0.0,0.0,17.0,0.0,17.0,17.0,1.0,1.0,fintech_interest,fintech,,,,,,,,,,,,
2.0,230.5,7.0,300.0,0.0,6.0,0.0,6.0,0.0,0.0,0.0,2.0,0.0,0.0,0.0,0.0,0.0,0.0,0.0,0.0,0.0,0.0,0.0,14.0,0.0,0.0,0.0,14.0,14.0,,,gaming_interest,gaming,,,,,,,,,,,1.0,1.0
2.0,258.0,8.0,60.0,0.0,7.0,0.0,0.0,0.0,0.0,0.0,0.0,3.0,6.0,0.375,0.0,0.0,0.0,0.0,0.0,0.0,0.0,0.0,0.0,0.0,16.0,0.0,16.0,16.0,1.0,1.0,fintech_interest,fintech,,,,,,,,,,,,
2.0,181.5,6.0,90.0,0.0,2.0,5.0,1.0,0.0,4.0,0.0,0.0,0.0,0.0,0.0,12.0,5.0,0.0,0.0,0.0,0.0,0.0,0.0,0.0,0.0,0.0,0.0,12.0,12.0,,,fashion_interest,fashion,1.0,1.0,,,,,,,,,,
2.0,330.0,7.5,120.0,0.0,8.0,3.0,0.0,0.0,0.0,0.0,0.0,0.0,4.0,0.26666666666666666,0.0,0.0,15.0,3.0,0.0,0.0,0.0,0.0,0.0,0.0,0.0,0.0,15.0,15.0,,,crypto_interest,crypto,,,1.0,1.0,,,,,,,,
2.0,365.5,7.5,45.0,0.0,4.0,5.0,0.0,0.0,0.0,0.0,0.0,6.0,0.0,0.0,0.0,0.0,0.0,0.0,15.0,5.0,0.0,0.0,0.0,0.0,0.0,0.0,15.0,15.0,,,food_interest,food,,,,,1.0,1.0,,,,,,
2.0,222.0,6.0,90.0,0.0,4.0,3.0,5.0,0.0,0.0,0.0,0.0,0.0,0.0,0.0,12.0,3.0,0.0,0.0,0.0,0.0,0.0,0.0,0.0,0.0,0.0,0.0,12.0,12.0,,,fashion_interest,fashion,1.0,1.0,,,,,,,,,,
2.0,244.0,7.0,200.0,0.0,10.0,0.0,4.0,0.0,0.0,0.0,0.0,0.0,0.0,0.0,0.0,0.0,0.0,0.0,0.0,0.0,14.0,0.0,0.0,0.0,0.0,0.0,14.0,14.0,,,education_interest,education,,,,,,,1.0,1.0,,,,
2.0,260.0,7.5,45.0,0.0,8.0,4.0,0.0,0.0,0.0,0.0,0.0,3.0,0.0,0.0,0.0,0.0,0.0,0.0,15.0,4.0,0.0,0.0,0.0,0.0,0.0,0.0,15.0,15.0,,,food_interest,food,,,,,1.0,1.0,,,,,,
2.0,228.0,6.5,60.0,0.0,3.0,0.0,0.0,0.0,0.0,0.0,0.0,6.0,4.0,0.3076923076923077,0.0,0.0,0.0,0.0,0.0,0.0,0.0,0.0,0.0,0.0,13.0,0.0,13.0,13.0,1.0,1.0,fintech_interest,fintech,,,,,,,,,,,,
2.0,216.5,6.0,90.0,0.0,5.0,1.0,4.0,0.0,2.0,0.0,0.0,0.0,0.0,0.0,12.0,1.0,0.0,0.0,0.0,0.0,0.0,0.0,0.0,0.0,0.0,0.0,12.0,12.0,,,fashion_interest,fashion,1.0,1.0,,,,,,,,,,
2.0,323.0,9.0,300.0,0.0,6.0,0.0,7.0,0.0,0.0,0.0,5.0,0.0,0.0,0.0,0.0,0.0,0.0,0.0,0.0,0.0,0.0,0.0,18.0,0.0,0.0,0.0,18.0,18.0,,,gaming_interest,gaming,,,,,,,,,,,1.0,1.0
2.0,189.0,6.0,90.0,0.0,3.0,0.0,3.0,0.0,6.0,0.0,0.0,0.0,0.0,0.0,12.0,0.0,0.0,0.0,0.0,0.0,0.0,0.0,0.0,0.0,0.0,0.0,12.0,12.0,,,fashion_interest,fashion,1.0,1.0,,,,,,,,,,
2.0,144.0,5.0,120.0,0.0,4.0,2.0,0.0,3.0,0.0,0.0,0.0,0.0,1.0,0.1,0.0,0.0,10.0,2.0,0.0,0.0,0.0,0.0,0.0,0.0,0.0,0.0,10.0,10.0,,,crypto_interest,crypto,,,1.0,1.0,,,,,,,,
2.0,343.5,8.0,200.0,0.0,11.0,0.0,5.0,0.0,0.0,0.0,0.0,0.0,0.0,0.0,0.0,0.0,0.0,0.0,0.0,0.0,16.0,0.0,0.0,0.0,0.0,0.0,16.0,16.0,,,education_interest,education,,,,,,,1.0,1.0,,,,
2.0,297.0,7.0,120.0,0.0,8.0,4.0,0.0,0.0,0.0,0.0,0.0,0.0,2.0,0.14285714285714285,0.0,0.0,14.0,4.0,0.0,0.0,0.0,0.0,0.0,0.0,0.0,0.0,14.0,14.0,,,crypto_interest,crypto,,,1.0,1.0,,,,,,,,
2.0,237.0,8.5,200.0,0.0,12.0,0.0,5.0,0.0,0.0,0.0,0.0,0.0,0.0,0.0,0.0,0.0,0.0,0.0,0.0,0.0,17.0,0.0,0.0,0.0,0.0,0.0,17.0,17.0,,,education_interest,education,,,,,,,1.0,1.0,,,,
2.0,249.5,9.0,200.0,0.0,14.0,0.0,4.0,0.0,0.0,0.0,0.0,0.0,0.0,0.0,0.0,0.0,0.0,0.0,0.0,0.0,18.0,0.0,0.0,0.0,0.0,0.0,18.0,18.0,,,education_interest,education,,,,,,,1.0,1.0,,,,
2.0,172.5,4.5,120.0,0.0,6.0,1.0,0.0,0.0,0.0,0.0,0.0,0.0,2.0,0.2222222222222222,0.0,0.0,9.0,1.0,0.0,0.0,0.0,0.0,0.0,0.0,0.0,0.0,9.0,9.0,,,general_interest,crypto,,,1.0,1.0,,,,,,,,
2.0,272.0,6.5,45.0,0.0,1.0,8.0,0.0,0.0,0.0,0.0,0.0,4.0,0.0,0.0,0.0,0.0,0.0,0.0,13.0,8.0,0.0,0.0,0.0,0.0,0.0,0.0,13.0,13.0,,,food_interest,food,,,,,1.0,1.0,,,,,,
2.0,350.5,10.0,45.0,0.0,9.0,3.0,0.0,0.0,0.0,0.0,0.0,8.0,0.0,0.0,0.0,0.0,0.0,0.0,20.0,3.0,0.0,0.0,0.0,0.0,0.0,0.0,20.0,20.0,,,food_interest,food,,,,,1.0,1.0,,,,,,
2.0,423.5,9.5,45.0,0.0,4.0,9.0,0.0,0.0,0.0,0.0,0.0,6.0,0.0,0.0,0.0,0.0,0.0,0.0,19.0,9.0,0.0,0.0,0.0,0.0,0.0,0.0,19.0,19.0,,,food_interest,food,,,,,1.0,1.0,,,,,,
1.0,264.0,7.0,0.0,0.0,3.0,0.0,0.0,0.0,0.0,0.0,0.0,0.0,0.0,0.0,0.0,0.0,0.0,0.0,0.0,0.0,0.0,0.0,0.0,0.0,0.0,0.0,7.0,7.0,,,general_interest,general,,,,,,,,,1.0,1.0,,
2.0,239.5,7.0,60.0,0.0,5.0,0.0,0.0,0.0,0.0,0.0,0.0,4.0,5.0,0.35714285714285715,0.0,0.0,0.0,0.0,0.0,0.0,0.0,0.0,0.0,0.0,14.0,0.0,14.0,14.0,1.0,1.0,fintech_interest,fintech,,,,,,,,,,,,
2.0,317.5,6.5,200.0,0.0,10.0,0.0,3.0,0.0,0.0,0.0,0.0,0.0,0.0,0.0,0.0,0.0,0.0,0.0,0.0,0.0,13.0,0.0,0.0,0.0,0.0,0.0,13.0,13.0,,,education_interest,education,,,,,,,1.0,1.0,,,,
2.0,181.5,6.5,120.0,0.0,5.0,2.0,0.0,3.0,0.0,0.0,0.0,0.0,3.0,0.23076923076923078,0.0,0.0,13.0,2.0,0.0,0.0,0.0,0.0,0.0,0.0,0.0,0.0,13.0,13.0,,,crypto_interest,crypto,,,1.0,1.0,,,,,,,,
2.0,300.0,6.5,60.0,0.0,3.0,0.0,0.0,0.0,0.0,0.0,0.0,4.0,6.0,0.46153846153846156,0.0,0.0,0.0,0.0,0.0,0.0,0.0,0.0,0.0,0.0,13.0,0.0,13.0,13.0,1.0,1.0,fintech_interest,fintech,,,,,,,,,,,,
2.0,189.5,6.0,200.0,0.0,7.0,0.0,5.0,0.0,0.0,0.0,0.0,0.0,0.0,0.0,0.0,0.0,0.0,0.0,0.0,0.0,12.0,0.0,0.0,0.0,0.0,0.0,12.0,12.0,,,education_interest,education,,,,,,,1.0,1.0,,,,
2.0,311.0,7.0,120.0,0.0,7.0,1.0,0.0,3.0,0.0,0.0,0.0,0.0,3.0,0.21428571428571427,0.0,0.0,14.0,1.0,0.0,0.0,0.0,0.0,0.0,0.0,0.0,0.0,14.0,14.0,,,general_interest,crypto,,,1.0,1.0,,,,,,,,
2.0,199.5,6.0,60.0,0.0,5.0,0.0,0.0,0.0,0.0,0.0,0.0,5.0,2.0,0.16666666666666666,0.0,0.0,0.0,0.0,0.0,0.0,0.0,0.0,0.0,0.0,12.0,0.0,12.0,12.0,1.0,1.0,fintech_interest,fintech,,,,,,,,,,,,
2.0,343.0,8.0,90.0,0.0,7.0,1.0,3.0,0.0,5.0,0.0,0.0,0.0,0.0,0.0,16.0,1.0,0.0,0.0,0.0,0.0,0.0,0.0,0.0,0.0,0.0,0.0,16.0,16.0,,,fashion_interest,fashion,1.0,1.0,,,,,,,,,,
2.0,309.0,7.5,90.0,0.0,4.0,1.0,4.0,0.0,6.0,0.0,0.0,0.0,0.0,0.0,15.0,1.0,0.0,0.0,0.0,0.0,0.0,0.0,0.0,0.0,0.0,0.0,15.0,15.0,,,fashion_interest,fashion,1.0,1.0,,,,,,,,,,
2.0,255.0,7.0,200.0,0.0,10.0,0.0,4.0,0.0,0.0,0.0,0.0,0.0,0.0,0.0,0.0,0.0,0.0,0.0,0.0,0.0,14.0,0.0,0.0,0.0,0.0,0.0,14.0,14.0,,,education_interest,education,,,,,,,1.0,1.0,,,,
1.0,96.0,4.0,0.0,0.0,1.0,0.0,0.0,0.0,0.0,0.0,0.0,0.0,0.0,0.0,0.0,0.0,0.0,0.0,0.0,0.0,0.0,0.0,0.0,0.0,0.0,0.0,4.0,4.0,,,general_interest,general,,,,,,,,,1.0,1.0,,
2.0,148.5,7.5,90.0,0.0,2.0,4.0,4.0,0.0,5.0,0.0,0.0,0.0,0.0,0.0,15.0,4.0,0.0,0.0,0.0,0.0,0.0,0.0,0.0,0.0,0.0,0.0,15.0,15.0,,,fashion_interest,fashion,1.0,1.0,,,,,,,,,,
2.0,288.0,8.5,200.0,0.0,11.0,0.0,6.0,0.0,0.0,0.0,0.0,0.0,0.0,0.0,0.0,0.0,0.0,0.0,0.0,0.0,17.0,0.0,0.0,0.0,0.0,0.0,17.0,17.0,,,education_interest,education,,,,,,,1.0,1.0,,,,
2.0,385.5,9.0,90.0,0.0,4.0,2.0,10.0,0.0,2.0,0.0,0.0,0.0,0.0,0.0,18.0,2.0,0.0,0.0,0.0,0.0,0.0,0.0,0.0,0.0,0.0,0.0,18.0,18.0,,,fashion_interest,fashion,1.0,1.0,,,,,,,,,,
2.0,215.0,6.5,60.0,0.0,3.0,0.0,0.0,0.0,0.0,0.0,0.0,5.0,5.0,0.38461538461538464,0.0,0.0,0.0,0.0,0.0,0.0,0.0,0.0,0.0,0.0,13.0,0.0,13.0,13.0,1.0,1.0,fintech_interest,fintech,,,,,,,,,,,,
2.0,333.0,8.5,120.0,0.0,7.0,3.0,0.0,4.0,0.0,0.0,0.0,0.0,3.0,0.17647058823529413,0.0,0.0,17.0,3.0,0.0,0.0,0.0,0.0,0.0,0.0,0.0,0.0,17.0,17.0,,,crypto_interest,crypto,,,1.0,1.0,,,,,,,,
2.0,206.5,7.5,60.0,0.0,7.0,0.0,0.0,0.0,0.0,0.0,0.0,7.0,1.0,0.06666666666666667,0.0,0.0,0.0,0.0,0.0,0.0,0.0,0.0,0.0,0.0,15.0,0.0,15.0,15.0,1.0,1.0,fintech_interest,fintech,,,,,,,,,,,,
2.0,361.5,8.5,300.0,0.0,3.0,0.0,6.0,0.0,0.0,0.0,8.0,0.0,0.0,0.0,0.0,0.0,0.0,0.0,0.0,0.0,0.0,0.0,17.0,0.0,0.0,0.0,17.0,17.0,,,gaming_interest,gaming,,,,,,,,,,,1.0,1.0
2.0,125.5,4.5,300.0,0.0,1.0,0.0,5.0,0.0,0.0,0.0,3.0,0.0,0.0,0.0,0.0,0.0,0.0,0.0,0.0,0.0,0.0,0.0,9.0,0.0,0.0,0.0,9.0,9.0,,,gaming_interest,gaming,,,,,,,,,,,1.0,1.0
2.0,373.0,8.0,60.0,0.0,5.0,0.0,0.0,0.0,0.0,0.0,0.0,3.0,8.0,0.5,0.0,0.0,0.0,0.0,0.0,0.0,0.0,0.0,0.0,0.0,16.0,0.0,16.0,16.0,1.0,1.0,fintech_interest,fintech,,,,,,,,,,,,
1.0,141.0,4.0,0.0,0.0,2.0,0.0,0.0,0.0,0.0,0.0,0.0,0.0,0.0,0.0,0.0,0.0,0.0,0.0,0.0,0.0,0.0,0.0,0.0,0.0,0.0,0.0,4.0,4.0,,,general_interest,general,,,,,,,,,1.0,1.0,,
2.0,201.0,7.0,200.0,0.0,10.0,0.0,4.0,0.0,0.0,0.0,0.0,0.0,0.0,0.0,0.0,0.0,0.0,0.0,0.0,0.0,14.0,0.0,0.0,0.0,0.0,0.0,14.0,14.0,,,education_interest,education,,,,,,,1.0,1.0,,,,
2.0,409.0,9.0,45.0,0.0,3.0,6.0,0.0,0.0,0.0,0.0,0.0,9.0,0.0,0.0,0.0,0.0,0.0,0.0,18.0,6.0,0.0,0.0,0.0,0.0,0.0,0.0,18.0,18.0,,,food_interest,food,,,,,1.0,1.0,,,,,,
2.0,310.0,7.0,120.0,0.0,4.0,3.0,0.0,6.0,0.0,0.0,0.0,0.0,1.0,0.07142857142857142,0.0,0.0,14.0,3.0,0.0,0.0,0.0,0.0,0.0,0.0,0.0,0.0,14.0,14.0,,,crypto_interest,crypto,,,1.0,1.0,,,,,,,,
2.0,103.5,4.0,300.0,0.0,2.0,0.0,4.0,0.0,0.0,0.0,2.0,0.0,0.0,0.0,0.0,0.0,0.0,0.0,0.0,0.0,0.0,0.0,8.0,0.0,0.0,0.0,8.0,8.0,,,gaming_interest,gaming,,,,,,,,,,,1.0,1.0
2.0,264.0,7.5,300.0,0.0,3.0,0.0,9.0,0.0,0.0,0.0,3.0,0.0,0.0,0.0,0.0,0.0,0.0,0.0,0.0,0.0,0.0,0.0,15.0,0.0,0.0,0.0,15.0,15.0,,,gaming_interest,gaming,,,,,,,,,,,1.0,1.0
1.0,399.0,10.0,0.0,0.0,3.0,0.0,0.0,0.0,0.0,0.0,0.0,0.0,0.0,0.0,0.0,0.0,0.0,0.0,0.0,0.0,0.0,0.0,0.0,0.0,0.0,0.0,10.0,10.0,,,general_interest,general,,,,,,,,,1.0,1.0,,
2.0,232.0,7.5,120.0,0.0,9.0,1.0,0.0,2.0,0.0,0.0,0.0,0.0,3.0,0.2,0.0,0.0,15.0,1.0,0.0,0.0,0.0,0.0,0.0,0.0,0.0,0.0,15.0,15.0,,,general_interest,crypto,,,1.0,1.0,,,,,,,,
1.0,250.0,6.0,0.0,0.0,2.0,0.0,0.0,0.0,0.0,0.0,0.0,0.0,0.0,0.0,0.0,0.0,0.0,0.0,0.0,0.0,0.0,0.0,0.0,0.0,0.0,0.0,6.0,6.0,,,general_interest,general,,,,,,,,,1.0,1.0,,
2.0,310.5,7.0,300.0,0.0,4.0,0.0,7.0,0.0,0.0,0.0,3.0,0.0,0.0,0.0,0.0,0.0,0.0,0.0,0.0,0.0,0.0,0.0,14.0,0.0,0.0,0.0,14.0,14.0,,,gaming_interest,gaming,,,,,,,,,,,1.0,1.0
1.0,240.0,8.0,0.0,0.0,4.0,0.0,0.0,0.0,0.0,0.0,0.0,0.0,0.0,0.0,0.0,0.0,0.0,0.0,0.0,0.0,0.0,0.0,0.0,0.0,0.0,0.0,8.0,8.0,,,general_interest,general,,,,,,,,,1.0,1.0,,
2.0,286.0,9.0,60.0,0.0,6.0,0.0,0.0,0.0,0.0,0.0,0.0,9.0,3.0,0.16666666666666666,0.0,0.0,0.0,0.0,0.0,0.0,0.0,0.0,0.0,0.0,18.0,0.0,18.0,18.0,1.0,1.0,fintech_interest,fintech,,,,,,,,,,,,
2.0,330.0,9.0,90.0,0.0,3.0,5.0,7.0,0.0,3.0,0.0,0.0,0.0,0.0,0.0,18.0,5.0,0.0,0.0,0.0,0.0,0.0,0.0,0.0,0.0,0.0,0.0,18.0,18.0,,,fashion_interest,fashion,1.0,1.0,,,,,,,,,,
2.0,281.0,7.5,200.0,0.0,11.0,0.0,4.0,0.0,0.0,0.0,0.0,0.0,0.0,0.0,0.0,0.0,0.0,0.0,0.0,0.0,15.0,0.0,0.0,0.0,0.0,0.0,15.0,15.0,,,education_interest,education,,,,,,,1.0,1.0,,,,
2.0,203.0,6.5,60.0,0.0,5.0,0.0,0.0,0.0,0.0,0.0,0.0,6.0,2.0,0.15384615384615385,0.0,0.0,0.0,0.0,0.0,0.0,0.0,0.0,0.0,0.0,13.0,0.0,13.0,13.0,1.0,1.0,fintech_interest,fintech,,,,,,,,,,,,
1.0,188.0,5.0,0.0,0.0,1.0,0.0,0.0,0.0,0.0,0.0,0.0,0.0,0.0,0.0,0.0,0.0,0.0,0.0,0.0,0.0,0.0,0.0,0.0,0.0,0.0,0.0,5.0,5.0,,,general_interest,general,,,,,,,,,1.0,1.0,,
2.0,175.0,6.5,60.0,0.0,5.0,0.0,0.0,0.0,0.0,0.0,0.0,5.0,3.0,0.23076923076923078,0.0,0.0,0.0,0.0,0.0,0.0,0.0,0.0,0.0,0.0,13.0,0.0,13.0,13.0,1.0,1.0,fintech_interest,fintech,,,,,,,,,,,,
2.0,410.5,10.0,200.0,0.0,14.0,0.0,6.0,0.0,0.0,0.0,0.0,0.0,0.0,0.0,0.0,0.0,0.0,0.0,0.0,0.0,20.0,0.0,0.0,0.0,0.0,0.0,20.0,20.0,,,education_interest,education,,,,,,,1.0,1.0,,,,
2.0,242.5,8.5,90.0,0.0,3.0,6.0,3.0,0.0,5.0,0.0,0.0,0.0,0.0,0.0,17.0,6.0,0.0,0.0,0.0,0.0,0.0,0.0,0.0,0.0,0.0,0.0,17.0,17.0,,,fashion_interest,fashion,1.0,1.0,,,,,,,,,,
1.0,175.0,6.0,0.0,0.0,2.0,0.0,0.0,0.0,0.0,0.0,0.0,0.0,0.0,0.0,0.0,0.0,0.0,0.0,0.0,0.0,0.0,0.0,0.0,0.0,0.0,0.0,6.0,6.0,,,general_interest,general,,,,,,,,,1.0,1.0,,
2.0,400.0,9.0,45.0,0.0,7.0,5.0,0.0,0.0,0.0,0.0,0.0,6.0,0.0,0.0,0.0,0.0,0.0,0.0,18.0,5.0,0.0,0.0,0.0,0.0,0.0,0.0,18.0,18.0,,,food_interest,food,,,,,1.0,1.0,,,,,,
2.0,313.5,6.5,120.0,0.0,5.0,5.0,0.0,3.0,0.0,0.0,0.0,0.0,0.0,0.0,0.0,0.0,13.0,5.0,0.0,0.0,0.0,0.0,0.0,0.0,0.0,0.0,13.0,13.0,,,crypto_interest,crypto,,,1.0,1.0,,,,,,,,
2.0,125.0,6.5,60.0,0.0,5.0,0.0,0.0,0.0,0.0,0.0,0.0,5.0,3.0,0.23076923076923078,0.0,0.0,0.0,0.0,0.0,0.0,0.0,0.0,0.0,0.0,13.0,0.0,13.0,13.0,1.0,1.0,fintech_interest,fintech,,,,,,,,,,,,
2.0,149.0,5.0,60.0,0.0,4.0,0.0,0.0,0.0,0.0,0.0,0.0,3.0,3.0,0.3,0.0,0.0,0.0,0.0,0.0,0.0,0.0,0.0,0.0,0.0,10.0,0.0,10.0,10.0,1.0,1.0,fintech_interest,fintech,,,,,,,,,,,,
2.0,317.5,6.5,45.0,0.0,4.0,2.0,0.0,0.0,0.0,0.0,0.0,7.0,0.0,0.0,0.0,0.0,0.0,0.0,13.0,2.0,0.0,0.0,0.0,0.0,0.0,0.0,13.0,13.0,,,food_interest,food,,,,,1.0,1.0,,,,,,
2.0,108.0,5.5,45.0,0.0,6.0,4.0,0.0,0.0,0.0,0.0,0.0,1.0,0.0,0.0,0.0,0.0,0.0,0.0,11.0,4.0,0.0,0.0,0.0,0.0,0.0,0.0,11.0,11.0,,,food_interest,food,,,,,1.0,1.0,,,,,,
2.0,292.0,8.0,200.0,0.0,11.0,0.0,5.0,0.0,0.0,0.0,0.0,0.0,0.0,0.0,0.0,0.0,0.0,0.0,0.0,0.0,16.0,0.0,0.0,0.0,0.0,0.0,16.0,16.0,,,education_interest,education,,,,,,,1.0,1.0,,,,
2.0,188.5,7.0,90.0,0.0,5.0,2.0,3.0,0.0,4.0,0.0,0.0,0.0,0.0,0.0,14.0,2.0,0.0,0.0,0.0,0.0,0.0,0.0,0.0,0.0,0.0,0.0,14.0,14.0,,,fashion_interest,fashion,1.0,1.0,,,,,,,,,,
2.0,225.0,6.5,300.0,0.0,3.0,0.0,7.0,0.0,0.0,0.0,3.0,0.0,0.0,0.0,0.0,0.0,0.0,0.0,0.0,0.0,0.0,0.0,13.0,0.0,0.0,0.0,13.0,13.0,,,gaming_interest,gaming,,,,,,,,,,,1.0,1.0
1.0,275.0,6.0,0.0,0.0,3.0,0.0,0.0,0.0,0.0,0.0,0.0,0.0,0.0,0.0,0.0,0.0,0.0,0.0,0.0,0.0,0.0,0.0,0.0,0.0,0.0,0.0,6.0,6.0,,,general_interest,general,,,,,,,,,1.0,1.0,,
1.0,336.0,8.0,0.0,0.0,3.0,0.0,0.0,0.0,0.0,0.0,0.0,0.0,0.0,0.0,0.0,0.0,0.0,0.0,0.0,0.0,0.0,0.0,0.0,0.0,0.0,0.0,8.0,8.0,,,general_interest,general,,,,,,,,,1.0,1.0,,
1.0,232.0,6.0,0.0,0.0,1.0,0.0,0.0,0.0,0.0,0.0,0.0,0.0,0.0,0.0,0.0,0.0,0.0,0.0,0.0,0.0,0.0,0.0,0.0,0.0,0.0,0.0,6.0,6.0,,,general_interest,general,,,,,,,,,1.0,1.0,,
2.0,163.5,6.0,120.0,0.0,6.0,1.0,0.0,1.0,0.0,0.0,0.0,0.0,4.0,0.3333333333333333,0.0,0.0,12.0,1.0,0.0,0.0,0.0,0.0,0.0,0.0,0.0,0.0,12.0,12.0,,,general_interest,crypto,,,1.0,1.0,,,,,,,,
1.0,215.0,7.0,0.0,0.0,4.0,0.0,0.0,0.0,0.0,0.0,0.0,0.0,0.0,0.0,0.0,0.0,0.0,0.0,0.0,0.0,0.0,0.0,0.0,0.0,0.0,0.0,7.0,7.0,,,general_interest,general,,,,,,,,,1.0,1.0,,
2.0,256.0,8.5,200.0,0.0,13.0,0.0,4.0,0.0,0.0,0.0,0.0,0.0,0.0,0.0,0.0,0.0,0.0,0.0,0.0,0.0,17.0,0.0,0.0,0.0,0.0,0.0,17.0,17.0,,,education_interest,education,,,,,,,1.0,1.0,,,,
2.0,225.0,7.0,200.0,0.0,10.0,0.0,4.0,0.0,0.0,0.0,0.0,0.0,0.0,0.0,0.0,0.0,0.0,0.0,0.0,0.0,14.0,0.0,0.0,0.0,0.0,0.0,14.0,14.0,,,education_interest,education,,,,,,,1.0,1.0,,,,
1.0,159.0,5.0,0.0,0.0,4.0,0.0,0.0,0.0,0.0,0.0,0.0,0.0,0.0,0.0,0.0,0.0,0.0,0.0,0.0,0.0,0.0,0.0,0.0,0.0,0.0,0.0,5.0,5.0,,,general_interest,general,,,,,,,,,1.0,1.0,,
2.0,223.0,6.5,200.0,0.0,9.0,0.0,4.0,0.0,0.0,0.0,0.0,0.0,0.0,0.0,0.0,0.0,0.0,0.0,0.0,0.0,13.0,0.0,0.0,0.0,0.0,0.0,13.0,13.0,,,education_interest,education,,,,,,,1.0,1.0,,,,
2.0,227.5,6.0,90.0,0.0,5.0,2.0,3.0,0.0,2.0,0.0,0.0,0.0,0.0,0.0,12.0,2.0,0.0,0.0,0.0,0.0,0.0,0.0,0.0,0.0,0.0,0.0,12.0,12.0,,,fashion_interest,fashion,1.0,1.0,,,,,,,,,,
2.0,304.0,7.5,200.0,0.0,8.0,0.0,7.0,0.0,0.0,0.0,0.0,0.0,0.0,0.0,0.0,0.0,0.0,0.0,0.0,0.0,15.0,0.0,0.0,0.0,0.0,0.0,15.0,15.0,,,education_interest,education,,,,,,,1.0,1.0,,,,
2.0,109.5,5.5,200.0,0.0,8.0,0.0,3.0,0.0,0.0,0.0,0.0,0.0,0.0,0.0,0.0,0.0,0.0,0.0,0.0,0.0,11.0,0.0,0.0,0.0,0.0,0.0,11.0,11.0,,,education_interest,education,,,,,,,1.0,1.0,,,,
2.0,327.0,7.0,90.0,0.0,5.0,3.0,2.0,0.0,4.0,0.0,0.0,0.0,0.0,0.0,14.0,3.0,0.0,0.0,0.0,0.0,0.0,0.0,0.0,0.0,0.0,0.0,14.0,14.0,,,fashion_interest,fashion,1.0,1.0,,,,,,,,,,
2.0,188.5,5.0,120.0,0.0,4.0,2.0,0.0,1.0,0.0,0.0,0.0,0.0,3.0,0.3,0.0,0.0,10.0,2.0,0.0,0.0,0.0,0.0,0.0,0.0,0.0,0.0,10.0,10.0,,,crypto_interest,crypto,,,1.0,1.0,,,,,,,,
1.0,306.0,10.0,0.0,0.0,4.0,0.0,0.0,0.0,0.0,0.0,0.0,0.0,0.0,0.0,0.0,0.0,0.0,0.0,0.0,0.0,0.0,0.0,0.0,0.0,0.0,0.0,10.0,10.0,,,general_interest,general,,,,,,,,,1.0,1.0,,
2.0,220.5,6.5,300.0,0.0,2.0,0.0,6.0,0.0,0.0,0.0,5.0,0.0,0.0,0.0,0.0,0.0,0.0,0.0,0.0,0.0,0.0,0.0,13.0,0.0,0.0,0.0,13.0,13.0,,,gaming_interest,gaming,,,,,,,,,,,1.0,1.0
2.0,172.0,5.0,45.0,0.0,4.0,4.0,0.0,0.0,0.0,0.0,0.0,2.0,0.0,0.0,0.0,0.0,0.0,0.0,10.0,4.0,0.0,0.0,0.0,0.0,0.0,0.0,10.0,10.0,,,food_interest,food,,,,,1.0,1.0,,,,,,
2.0,381.5,8.5,200.0,0.0,9.0,0.0,8.0,0.0,0.0,0.0,0.0,0.0,0.0,0.0,0.0,0.0,0.0,0.0,0.0,0.0,17.0,0.0,0.0,0.0,0.0,0.0,17.0,17.0,,,education_interest,education,,,,,,,1.0,1.0,,,,
2.0,379.0,8.0,90.0,0.0,1.0,6.0,2.0,0.0,7.0,0.0,0.0,0.0,0.0,0.0,16.0,6.0,0.0,0.0,0.0,0.0,0.0,0.0,0.0,0.0,0.0,0.0,16.0,16.0,,,fashion_interest,fashion,1.0,1.0,,,,,,,,,,
2.0,368.0,9.0,60.0,0.0,3.0,0.0,0.0,0.0,0.0,0.0,0.0,6.0,9.0,0.5,0.0,0.0,0.0,0.0,0.0,0.0,0.0,0.0,0.0,0.0,18.0,0.0,18.0,18.0,1.0,1.0,fintech_interest,fintech,,,,,,,,,,,,
1.0,156.0,6.0,0.0,0.0,1.0,0.0,0.0,0.0,0.0,0.0,0.0,0.0,0.0,0.0,0.0,0.0,0.0,0.0,0.0,0.0,0.0,0.0,0.0,0.0,0.0,0.0,6.0,6.0,,,general_interest,general,,,,,,,,,1.0,1.0,,
2.0,244.0,7.0,60.0,0.0,4.0,0.0,0.0,0.0,0.0,0.0,0.0,3.0,7.0,0.5,0.0,0.0,0.0,0.0,0.0,0.0,0.0,0.0,0.0,0.0,14.0,0.0,14.0,14.0,1.0,1.0,fintech_interest,fintech,,,,,,,,,,,,
2.0,276.0,6.5,90.0,0.0,3.0,2.0,3.0,0.0,5.0,0.0,0.0,0.0,0.0,0.0,13.0,2.0,0.0,0.0,0.0,0.0,0.0,0.0,0.0,0.0,0.0,0.0,13.0,13.0,,,fashion_interest,fashion,1.0,1.0,,,,,,,,,,
2.0,243.0,7.0,90.0,0.0,5.0,3.0,2.0,0.0,4.0,0.0,0.0,0.0,0.0,0.0,14.0,3.0,0.0,0.0,0.0,0.0,0.0,0.0,0.0,0.0,0.0,0.0,14.0,14.0,,,fashion_interest,fashion,1.0,1.0,,,,,,,,,,
2.0,180.0,6.5,200.0,0.0,10.0,0.0,3.0,0.0,0.0,0.0,0.0,0.0,0.0,0.0,0.0,0.0,0.0,0.0,0.0,0.0,13.0,0.0,0.0,0.0,0.0,0.0,13.0,13.0,,,education_interest,education,,,,,,,1.0,1.0,,,,
2.0,150.5,6.0,120.0,0.0,4.0,2.0,0.0,3.0,0.0,0.0,0.0,0.0,3.0,0.25,0.0,0.0,12.0,2.0,0.0,0.0,0.0,0.0,0.0,0.0,0.0,0.0,12.0,12.0,,,crypto_interest,crypto,,,1.0,1.0,,,,,,,,
2.0,289.5,7.5,90.0,0.0,5.0,4.0,1.0,0.0,5.0,0.0,0.0,0.0,0.0,0.0,15.0,4.0,0.0,0.0,0.0,0.0,0.0,0.0,0.0,0.0,0.0,0.0,15.0,15.0,,,fashion_interest,fashion,1.0,1.0,,,,,,,,,,
2.0,260.0,6.5,120.0,0.0,8.0,3.0,0.0,0.0,0.0,0.0,0.0,0.0,2.0,0.15384615384615385,0.0,0.0,13.0,3.0,0.0,0.0,0.0,0.0,0.0,0.0,0.0,0.0,13.0,13.0,,,crypto_interest,crypto,,,1.0,1.0,,,,,,,,
2.0,298.0,7.5,300.0,0.0,4.0,0.0,8.0,0.0,0.0,0.0,3.0,0.0,0.0,0.0,0.0,0.0,0.0,0.0,0.0,0.0,0.0,0.0,15.0,0.0,0.0,0.0,15.0,15.0,,,gaming_interest,gaming,,,,,,,,,,,1.0,1.0
2.0,217.0,6.5,90.0,0.0,4.0,3.0,3.0,0.0,3.0,0.0,0.0,0.0,0.0,0.0,13.0,3.0,0.0,0.0,0.0,0.0,0.0,0.0,0.0,0.0,0.0,0.0,13.0,13.0,,,fashion_interest,fashion,1.0,1.0,,,,,,,,,,
2.0,208.0,7.0,45.0,0.0,6.0,5.0,0.0,0.0,0.0,0.0,0.0,3.0,0.0,0.0,0.0,0.0,0.0,0.0,14.0,5.0,0.0,0.0,0.0,0.0,0.0,0.0,14.0,14.0,,,food_interest,food,,,,,1.0,1.0,,,,,,
2.0,271.0,7.0,120.0,0.0,4.0,3.0,0.0,4.0,0.0,0.0,0.0,0.0,3.0,0.21428571428571427,0.0,0.0,14.0,3.0,0.0,0.0,0.0,0.0,0.0,0.0,0.0,0.0,14.0,14.0,,,crypto_interest,crypto,,,1.0,1.0,,,,,,,,
2.0,278.5,6.5,200.0,0.0,8.0,0.0,5.0,0.0,0.0,0.0,0.0,0.0,0.0,0.0,0.0,0.0,0.0,0.0,0.0,0.0,13.0,0.0,0.0,0.0,0.0,0.0,13.0,13.0,,,education_interest,education,,,,,,,1.0,1.0,,,,
2.0,185.0,6.0,90.0,0.0,4.0,5.0,0.0,0.0,3.0,0.0,0.0,0.0,0.0,0.0,12.0,5.0,0.0,0.0,0.0,0.0,0.0,0.0,0.0,0.0,0.0,0.0,12.0,12.0,,,fashion_interest,fashion,1.0,1.0,,,,,,,,,,
2.0,347.0,9.0,60.0,0.0,4.0,0.0,0.0,0.0,0.0,0.0,0.0,6.0,8.0,0.4444444444444444,0.0,0.0,0.0,0.0,0.0,0.0,0.0,0.0,0.0,0.0,18.0,0.0,18.0,18.0,1.0,1.0,fintech_interest,fintech,,,,,,,,,,,,
1.0,111.0,6.0,0.0,0.0,2.0,0.0,0.0,0.0,0.0,0.0,0.0,0.0,0.0,0.0,0.0,0.0,0.0,0.0,0.0,0.0,0.0,0.0,0.0,0.0,0.0,0.0,6.0,6.0,,,general_interest,general,,,,,,,,,1.0,1.0,,
2.0,234.0,5.5,200.0,0.0,9.0,0.0,2.0,0.0,0.0,0.0,0.0,0.0,0.0,0.0,0.0,0.0,0.0,0.0,0.0,0.0,11.0,0.0,0.0,0.0,0.0,0.0,11.0,11.0,,,education_interest,education,,,,,,,1.0,1.0,,,,
1.0,240.0,5.0,0.0,0.0,1.0,0.0,0.0,0.0,0.0,0.0,0.0,0.0,0.0,0.0,0.0,0.0,0.0,0.0,0.0,0.0,0.0,0.0,0.0,0.0,0.0,0.0,5.0,5.0,,,general_interest,general,,,,,,,,,1.0,1.0,,
2.0,207.0,6.5,45.0,0.0,4.0,6.0,0.0,0.0,0.0,0.0,0.0,3.0,0.0,0.0,0.0,0.0,0.0,0.0,13.0,6.0,0.0,0.0,0.0,0.0,0.0,0.0,13.0,13.0,,,food_interest,food,,,,,1.0,1.0,,,,,,
2.0,142.5,5.0,120.0,0.0,6.0,2.0,0.0,2.0,0.0,0.0,0.0,0.0,0.0,0.0,0.0,0.0,10.0,2.0,0.0,0.0,0.0,0.0,0.0,0.0,0.0,0.0,10.0,10.0,,,crypto_interest,crypto,,,1.0,1.0,,,,,,,,
2.0,382.0,7.5,60.0,0.0,3.0,0.0,0.0,0.0,0.0,0.0,0.0,4.0,8.0,0.5333333333333333,0.0,0.0,0.0,0.0,0.0,0.0,0.0,0.0,0.0,0.0,15.0,0.0,15.0,15.0,1.0,1.0,fintech_interest,fintech,,,,,,,,,,,,
1.0,186.0,7.0,0.0,0.0,0.0,0.0,0.0,0.0,0.0,0.0,0.0,0.0,0.0,0.0,0.0,0.0,0.0,0.0,0.0,0.0,0.0,0.0,0.0,0.0,0.0,0.0,7.0,7.0,,,general_interest,general,,,,,,,,,1.0,1.0,,
1.0,350.0,9.0,0.0,0.0,4.0,0.0,0.0,0.0,0.0,0.0,0.0,0.0,0.0,0.0,0.0,0.0,0.0,0.0,0.0,0.0,0.0,0.0,0.0,0.0,0.0,0.0,9.0,9.0,,,general_interest,general,,,,,,,,,1.0,1.0,,
2.0,156.5,6.5,300.0,0.0,5.0,0.0,5.0,0.0,0.0,0.0,3.0,0.0,0.0,0.0,0.0,0.0,0.0,0.0,0.0,0.0,0.0,0.0,13.0,0.0,0.0,0.0,13.0,13.0,,,gaming_interest,gaming,,,,,,,,,,,1.0,1.0
2.0,220.0,6.0,120.0,0.0,4.0,5.0,0.0,2.0,0.0,0.0,0.0,0.0,1.0,0.08333333333333333,0.0,0.0,12.0,5.0,0.0,0.0,0.0,0.0,0.0,0.0,0.0,0.0,12.0,12.0,,,crypto_interest,crypto,,,1.0,1.0,,,,,,,,
2.0,468.5,9.0,120.0,0.0,8.0,1.0,0.0,5.0,0.0,0.0,0.0,0.0,4.0,0.2222222222222222,0.0,0.0,18.0,1.0,0.0,0.0,0.0,0.0,0.0,0.0,0.0,0.0,18.0,18.0,,,general_interest,crypto,,,1.0,1.0,,,,,,,,
2.0,302.0,7.5,120.0,0.0,2.0,3.0,0.0,5.0,0.0,0.0,0.0,0.0,5.0,0.3333333333333333,0.0,0.0,15.0,3.0,0.0,0.0,0.0,0.0,0.0,0.0,0.0,0.0,15.0,15.0,,,crypto_interest,crypto,,,1.0,1.0,,,,,,,,
2.0,223.5,7.5,45.0,0.0,4.0,5.0,0.0,0.0,0.0,0.0,0.0,6.0,0.0,0.0,0.0,0.0,0.0,0.0,15.0,5.0,0.0,0.0,0.0,0.0,0.0,0.0,15.0,15.0,,,food_interest,food,,,,,1.0,1.0,,,,,,
2.0,222.0,7.5,60.0,0.0,6.0,0.0,0.0,0.0,0.0,0.0,0.0,6.0,3.0,0.2,0.0,0.0,0.0,0.0,0.0,0.0,0.0,0.0,0.0,0.0,15.0,0.0,15.0,15.0,1.0,1.0,fintech_interest,fintech,,,,,,,,,,,,
2.0,285.0,9.0,200.0,0.0,13.0,0.0,5.0,0.0,0.0,0.0,0.0,0.0,0.0,0.0,0.0,0.0,0.0,0.0,0.0,0.0,18.0,0.0,0.0,0.0,0.0,0.0,18.0,18.0,,,education_interest,education,,,,,,,1.0,1.0,,,,
2.0,135.0,5.0,45.0,0.0,3.0,5.0,0.0,0.0,0.0,0.0,0.0,2.0,0.0,0.0,0.0,0.0,0.0,0.0,10.0,5.0,0.0,0.0,0.0,0.0,0.0,0.0,10.0,10.0,,,food_interest,food,,,,,1.0,1.0,,,,,,
2.0,262.0,6.0,90.0,0.0,5.0,4.0,2.0,0.0,1.0,0.0,0.0,0.0,0.0,0.0,12.0,4.0,0.0,0.0,0.0,0.0,0.0,0.0,0.0,0.0,0.0,0.0,12.0,12.0,,,fashion_interest,fashion,1.0,1.0,,,,,,,,,,
2.0,310.0,9.5,45.0,0.0,8.0,5.0,0.0,0.0,0.0,0.0,0.0,6.0,0.0,0.0,0.0,0.0,0.0,0.0,19.0,5.0,0.0,0.0,0.0,0.0,0.0,0.0,19.0,19.0,,,food_interest,food,,,,,1.0,1.0,,,,,,
2.0,315.0,8.5,120.0,0.0,7.0,3.0,0.0,3.0,0.0,0.0,0.0,0.0,4.0,0.23529411764705882,0.0,0.0,17.0,3.0,0.0,0.0,0.0,0.0,0.0,0.0,0.0,0.0,17.0,17.0,,,crypto_interest,crypto,,,1.0,1.0,,,,,,,,
2.0,299.0,8.0,45.0,0.0,8.0,5.0,0.0,0.0,0.0,0.0,0.0,3.0,0.0,0.0,0.0,0.0,0.0,0.0,16.0,5.0,0.0,0.0,0.0,0.0,0.0,0.0,16.0,16.0,,,food_interest,food,,,,,1.0,1.0,,,,,,
2.0,135.0,5.5,90.0,0.0,2.0,2.0,3.0,0.0,4.0,0.0,0.0,0.0,0.0,0.0,11.0,2.0,0.0,0.0,0.0,0.0,0.0,0.0,0.0,0.0,0.0,0.0,11.0,11.0,,,fashion_interest,fashion,1.0,1.0,,,,,,,,,,
2.0,234.0,5.5,120.0,0.0,6.0,2.0,0.0,3.0,0.0,0.0,0.0,0.0,0.0,0.0,0.0,0.0,11.0,2.0,0.0,0.0,0.0,0.0,0.0,0.0,0.0,0.0,11.0,11.0,,,crypto_interest,crypto,,,1.0,1.0,,,,,,,,
1.0,387.0,10.0,0.0,0.0,2.0,0.0,0.0,0.0,0.0,0.0,0.0,0.0,0.0,0.0,0.0,0.0,0.0,0.0,0.0,0.0,0.0,0.0,0.0,0.0,0.0,0.0,10.0,10.0,,,general_interest,general,,,,,,,,,1.0,1.0,,
2.0,410.0,9.0,90.0,0.0,2.0,6.0,8.0,0.0,2.0,0.0,0.0,0.0,0.0,0.0,18.0,6.0,0.0,0.0,0.0,0.0,0.0,0.0,0.0,0.0,0.0,0.0,18.0,18.0,,,fashion_interest,fashion,1.0,1.0,,,,,,,,,,
2.0,176.0,6.5,120.0,0.0,8.0,3.0,0.0,1.0,0.0,0.0,0.0,0.0,1.0,0.07692307692307693,0.0,0.0,13.0,3.0,0.0,0.0,0.0,0.0,0.0,0.0,0.0,0.0,13.0,13.0,,,crypto_interest,crypto,,,1.0,1.0,,,,,,,,
2.0,334.5,8.5,45.0,0.0,7.0,3.0,0.0,0.0,0.0,0.0,0.0,7.0,0.0,0.0,0.0,0.0,0.0,0.0,17.0,3.0,0.0,0.0,0.0,0.0,0.0,0.0,17.0,17.0,,,food_interest,food,,,,,1.0,1.0,,,,,,
1.0,266.0,8.0,0.0,0.0,3.0,0.0,0.0,0.0,0.0,0.0,0.0,0.0,0.0,0.0,0.0,0.0,0.0,0.0,0.0,0.0,0.0,0.0,0.0,0.0,0.0,0.0,8.0,8.0,,,general_interest,general,,,,,,,,,1.0,1.0,,
2.0,309.0,8.0,120.0,0.0,8.0,2.0,0.0,1.0,0.0,0.0,0.0,0.0,5.0,0.3125,0.0,0.0,16.0,2.0,0.0,0.0,0.0,0.0,0.0,0.0,0.0,0.0,16.0,16.0,,,crypto_interest,crypto,,,1.0,1.0,,,,,,,,
2.0,335.0,8.0,200.0,0.0,13.0,0.0,3.0,0.0,0.0,0.0,0.0,0.0,0.0,0.0,0.0,0.0,0.0,0.0,0.0,0.0,16.0,0.0,0.0,0.0,0.0,0.0,16.0,16.0,,,education_interest,education,,,,,,,1.0,1.0,,,,
2.0,159.0,4.5,200.0,0.0,6.0,0.0,3.0,0.0,0.0,0.0,0.0,0.0,0.0,0.0,0.0,0.0,0.0,0.0,0.0,0.0,9.0,0.0,0.0,0.0,0.0,0.0,9.0,9.0,,,education_interest,education,,,,,,,1.0,1.0,,,,
2.0,314.0,10.0,60.0,0.0,10.0,0.0,0.0,0.0,0.0,0.0,0.0,6.0,4.0,0.2,0.0,0.0,0.0,0.0,0.0,0.0,0.0,0.0,0.0,0.0,20.0,0.0,20.0,20.0,1.0,1.0,fintech_interest,fintech,,,,,,,,,,,,
2.0,141.0,5.5,200.0,0.0,8.0,0.0,3.0,0.0,0.0,0.0,0.0,0.0,0.0,0.0,0.0,0.0,0.0,0.0,0.0,0.0,11.0,0.0,0.0,0.0,0.0,0.0,11.0,11.0,,,education_interest,education,,,,,,,1.0,1.0,,,,
2.0,303.0,7.0,200.0,0.0,8.0,0.0,6.0,0.0,0.0,0.0,0.0,0.0,0.0,0.0,0.0,0.0,0.0,0.0,0.0,0.0,14.0,0.0,0.0,0.0,0.0,0.0,14.0,14.0,,,education_interest,education,,,,,,,1.0,1.0,,,,
2.0,271.5,7.0,300.0,0.0,2.0,0.0,6.0,0.0,0.0,0.0,6.0,0.0,0.0,0.0,0.0,0.0,0.0,0.0,0.0,0.0,0.0,0.0,14.0,0.0,0.0,0.0,14.0,14.0,,,gaming_interest,gaming,,,,,,,,,,,1.0,1.0
1.0,175.0,8.0,0.0,0.0,3.0,0.0,0.0,0.0,0.0,0.0,0.0,0.0,0.0,0.0,0.0,0.0,0.0,0.0,0.0,0.0,0.0,0.0,0.0,0.0,0.0,0.0,8.0,8.0,,,general_interest,general,,,,,,,,,1.0,1.0,,
1.0,135.0,4.0,0.0,0.0,2.0,0.0,0.0,0.0,0.0,0.0,0.0,0.0,0.0,0.0,0.0,0.0,0.0,0.0,0.0,0.0,0.0,0.0,0.0,0.0,0.0,0.0,4.0,4.0,,,general_interest,general,,,,,,,,,1.0,1.0,,
2.0,201.0,6.0,300.0,0.0,3.0,0.0,4.0,0.0,0.0,0.0,5.0,0.0,0.0,0.0,0.0,0.0,0.0,0.0,0.0,0.0,0.0,0.0,12.0,0.0,0.0,0.0,12.0,12.0,,,gaming_interest,gaming,,,,,,,,,,,1.0,1.0
2.0,330.0,7.5,90.0,0.0,1.0,4.0,7.0,0.0,3.0,0.0,0.0,0.0,0.0,0.0,15.0,4.0,0.0,0.0,0.0,0.0,0.0,0.0,0.0,0.0,0.0,0.0,15.0,15.0,,,fashion_interest,fashion,1.0,1.0,,,,,,,,,,
2.0,190.5,7.0,90.0,0.0,5.0,3.0,1.0,0.0,5.0,0.0,0.0,0.0,0.0,0.0,14.0,3.0,0.0,0.0,0.0,0.0,0.0,0.0,0.0,0.0,0.0,0.0,14.0,14.0,,,fashion_interest,fashion,1.0,1.0,,,,,,,,,,
2.0,230.0,7.5,45.0,0.0,6.0,5.0,0.0,0.0,0.0,0.0,0.0,4.0,0.0,0.0,0.0,0.0,0.0,0.0,15.0,5.0,0.0,0.0,0.0,0.0,0.0,0.0,15.0,15.0,,,food_interest,food,,,,,1.0,1.0,,,,,,
2.0,210.0,7.0,300.0,0.0,4.0,0.0,6.0,0.0,0.0,0.0,4.0,0.0,0.0,0.0,0.0,0.0,0.0,0.0,0.0,0.0,0.0,0.0,14.0,0.0,0.0,0.0,14.0,14.0,,,gaming_interest,gaming,,,,,,,,,,,1.0,1.0
2.0,256.5,7.5,45.0,0.0,6.0,2.0,0.0,0.0,0.0,0.0,0.0,7.0,0.0,0.0,0.0,0.0,0.0,0.0,15.0,2.0,0.0,0.0,0.0,0.0,0.0,0.0,15.0,15.0,,,food_interest,food,,,,,1.0,1.0,,,,,,
2.0,312.5,8.0,120.0,0.0,6.0,5.0,0.0,5.0,0.0,0.0,0.0,0.0,0.0,0.0,0.0,0.0,16.0,5.0,0.0,0.0,0.0,0.0,0.0,0.0,0.0,0.0,16.0,16.0,,,crypto_interest,crypto,,,1.0,1.0,,,,,,,,
2.0,209.0,6.0,60.0,0.0,6.0,0.0,0.0,0.0,0.0,0.0,0.0,4.0,2.0,0.16666666666666666,0.0,0.0,0.0,0.0,0.0,0.0,0.0,0.0,0.0,0.0,12.0,0.0,12.0,12.0,1.0,1.0,fintech_interest,fintech,,,,,,,,,,,,
1.0,52.0,5.0,0.0,0.0,4.0,0.0,0.0,0.0,0.0,0.0,0.0,0.0,0.0,0.0,0.0,0.0,0.0,0.0,0.0,0.0,0.0,0.0,0.0,0.0,0.0,0.0,5.0,5.0,,,general_interest,general,,,,,,,,,1.0,1.0,,
2.0,192.5,7.0,120.0,0.0,7.0,4.0,0.0,2.0,0.0,0.0,0.0,0.0,1.0,0.07142857142857142,0.0,0.0,14.0,4.0,0.0,0.0,0.0,0.0,0.0,0.0,0.0,0.0,14.0,14.0,,,crypto_interest,crypto,,,1.0,1.0,,,,,,,,
2.0,318.0,7.5,60.0,0.0,7.0,0.0,0.0,0.0,0.0,0.0,0.0,2.0,6.0,0.4,0.0,0.0,0.0,0.0,0.0,0.0,0.0,0.0,0.0,0.0,15.0,0.0,15.0,15.0,1.0,1.0,fintech_interest,fintech,,,,,,,,,,,,
2.0,274.5,7.0,300.0,0.0,6.0,0.0,7.0,0.0,0.0,0.0,1.0,0.0,0.0,0.0,0.0,0.0,0.0,0.0,0.0,0.0,0.0,0.0,14.0,0.0,0.0,0.0,14.0,14.0,,,gaming_interest,gaming,,,,,,,,,,,1.0,1.0
2.0,117.0,5.0,60.0,0.0,2.0,0.0,0.0,0.0,0.0,0.0,0.0,5.0,3.0,0.3,0.0,0.0,0.0,0.0,0.0,0.0,0.0,0.0,0.0,0.0,10.0,0.0,10.0,10.0,1.0,1.0,fintech_interest,fintech,,,,,,,,,,,,
2.0,279.5,8.5,60.0,0.0,7.0,0.0,0.0,0.0,0.0,0.0,0.0,5.0,5.0,0.29411764705882354,0.0,0.0,0.0,0.0,0.0,0.0,0.0,0.0,0.0,0.0,17.0,0.0,17.0,17.0,1.0,1.0,fintech_interest,fintech,,,,,,,,,,,,
2.0,268.5,7.5,200.0,0.0,11.0,0.0,4.0,0.0,0.0,0.0,0.0,0.0,0.0,0.0,0.0,0.0,0.0,0.0,0.0,0.0,15.0,0.0,0.0,0.0,0.0,0.0,15.0,15.0,,,education_interest,education,,,,,,,1.0,1.0,,,,
1.0,88.0,4.0,0.0,0.0,1.0,0.0,0.0,0.0,0.0,0.0,0.0,0.0,0.0,0.0,0.0,0.0,0.0,0.0,0.0,0.0,0.0,0.0,0.0,0.0,0.0,0.0,4.0,4.0,,,general_interest,general,,,,,,,,,1.0,1.0,,
2.0,342.0,9.0,60.0,0.0,8.0,0.0,0.0,0.0,0.0,0.0,0.0,5.0,5.0,0.2777777777777778,0.0,0.0,0.0,0.0,0.0,0.0,0.0,0.0,0.0,0.0,18.0,0.0,18.0,18.0,1.0,1.0,fintech_interest,fintech,,,,,,,,,,,,
1.0,378.0,10.0,0.0,0.0,5.0,0.0,0.0,0.0,0.0,0.0,0.0,0.0,0.0,0.0,0.0,0.0,0.0,0.0,0.0,0.0,0.0,0.0,0.0,0.0,0.0,0.0,10.0,10.0,,,general_interest,general,,,,,,,,,1.0,1.0,,
2.0,309.0,8.0,90.0,0.0,3.0,2.0,8.0,0.0,3.0,0.0,0.0,0.0,0.0,0.0,16.0,2.0,0.0,0.0,0.0,0.0,0.0,0.0,0.0,0.0,0.0,0.0,16.0,16.0,,,fashion_interest,fashion,1.0,1.0,,,,,,,,,,
2.0,134.5,4.5,90.0,0.0,4.0,0.0,2.0,0.0,3.0,0.0,0.0,0.0,0.0,0.0,9.0,0.0,0.0,0.0,0.0,0.0,0.0,0.0,0.0,0.0,0.0,0.0,9.0,9.0,,,fashion_interest,fashion,1.0,1.0,,,,,,,,,,
2.0,263.5,6.5,200.0,0.0,8.0,0.0,5.0,0.0,0.0,0.0,0.0,0.0,0.0,0.0,0.0,0.0,0.0,0.0,0.0,0.0,13.0,0.0,0.0,0.0,0.0,0.0,13.0,13.0,,,education_interest,education,,,,,,,1.0,1.0,,,,
2.0,140.0,5.0,45.0,0.0,5.0,3.0,0.0,0.0,0.0,0.0,0.0,2.0,0.0,0.0,0.0,0.0,0.0,0.0,10.0,3.0,0.0,0.0,0.0,0.0,0.0,0.0,10.0,10.0,,,food_interest,food,,,,,1.0,1.0,,,,,,
2.0,80.5,4.0,45.0,0.0,2.0,3.0,0.0,0.0,0.0,0.0,0.0,3.0,0.0,0.0,0.0,0.0,0.0,0.0,8.0,3.0,0.0,0.0,0.0,0.0,0.0,0.0,8.0,8.0,,,food_interest,food,,,,,1.0,1.0,,,,,,
2.0,418.5,10.0,200.0,0.0,15.0,0.0,5.0,0.0,0.0,0.0,0.0,0.0,0.0,0.0,0.0,0.0,0.0,0.0,0.0,0.0,20.0,0.0,0.0,0.0,0.0,0.0,20.0,20.0,,,education_interest,education,,,,,,,1.0,1.0,,,,
2.0,250.5,7.0,300.0,0.0,3.0,0.0,7.0,0.0,0.0,0.0,4.0,0.0,0.0,0.0,0.0,0.0,0.0,0.0,0.0,0.0,0.0,0.0,14.0,0.0,0.0,0.0,14.0,14.0,,,gaming_interest,gaming,,,,,,,,,,,1.0,1.0
1.0,280.0,7.0,0.0,0.0,0.0,0.0,0.0,0.0,0.0,0.0,0.0,0.0,0.0,0.0,0.0,0.0,0.0,0.0,0.0,0.0,0.0,0.0,0.0,0.0,0.0,0.0,7.0,7.0,,,general_interest,general,,,,,,,,,1.0,1.0,,
2.0,250.0,6.5,60.0,0.0,6.0,0.0,0.0,0.0,0.0,0.0,0.0,5.0,2.0,0.15384615384615385,0.0,0.0,0.0,0.0,0.0,0.0,0.0,0.0,0.0,0.0,13.0,0.0,13.0,13.0,1.0,1.0,fintech_interest,fintech,,,,,,,,,,,,
2.0,164.0,6.0,200.0,0.0,7.0,0.0,5.0,0.0,0.0,0.0,0.0,0.0,0.0,0.0,0.0,0.0,0.0,0.0,0.0,0.0,12.0,0.0,0.0,0.0,0.0,0.0,12.0,12.0,,,education_interest,education,,,,,,,1.0,1.0,,,,
2.0,123.0,5.0,90.0,0.0,3.0,3.0,3.0,0.0,1.0,0.0,0.0,0.0,0.0,0.0,10.0,3.0,0.0,0.0,0.0,0.0,0.0,0.0,0.0,0.0,0.0,0.0,10.0,10.0,,,fashion_interest,fashion,1.0,1.0,,,,,,,,,,
2.0,321.0,8.5,60.0,0.0,5.0,0.0,0.0,0.0,0.0,0.0,0.0,9.0,3.0,0.17647058823529413,0.0,0.0,0.0,0.0,0.0,0.0,0.0,0.0,0.0,0.0,17.0,0.0,17.0,17.0,1.0,1.0,fintech_interest,fintech,,,,,,,,,,,,
2.0,181.0,7.5,200.0,0.0,10.0,0.0,5.0,0.0,0.0,0.0,0.0,0.0,0.0,0.0,0.0,0.0,0.0,0.0,0.0,0.0,15.0,0.0,0.0,0.0,0.0,0.0,15.0,15.0,,,education_interest,education,,,,,,,1.0,1.0,,,,
2.0,252.0,7.0,45.0,0.0,3.0,5.0,0.0,0.0,0.0,0.0,0.0,6.0,0.0,0.0,0.0,0.0,0.0,0.0,14.0,5.0,0.0,0.0,0.0,0.0,0.0,0.0,14.0,14.0,,,food_interest,food,,,,,1.0,1.0,,,,,,
2.0,290.0,7.5,200.0,0.0,7.0,0.0,8.0,0.0,0.0,0.0,0.0,0.0,0.0,0.0,0.0,0.0,0.0,0.0,0.0,0.0,15.0,0.0,0.0,0.0,0.0,0.0,15.0,15.0,,,education_interest,education,,,,,,,1.0,1.0,,,,
2.0,192.0,6.0,90.0,0.0,3.0,5.0,1.0,0.0,3.0,0.0,0.0,0.0,0.0,0.0,12.0,5.0,0.0,0.0,0.0,0.0,0.0,0.0,0.0,0.0,0.0,0.0,12.0,12.0,,,fashion_interest,fashion,1.0,1.0,,,,,,,,,,
2.0,294.0,7.0,45.0,0.0,5.0,2.0,0.0,0.0,0.0,0.0,0.0,7.0,0.0,0.0,0.0,0.0,0.0,0.0,14.0,2.0,0.0,0.0,0.0,0.0,0.0,0.0,14.0,14.0,,,food_interest,food,,,,,1.0,1.0,,,,,,
2.0,147.0,6.5,45.0,0.0,3.0,8.0,0.0,0.0,0.0,0.0,0.0,2.0,0.0,0.0,0.0,0.0,0.0,0.0,13.0,8.0,0.0,0.0,0.0,0.0,0.0,0.0,13.0,13.0,,,food_interest,food,,,,,1.0,1.0,,,,,,
2.0,141.5,5.0,45.0,0.0,2.0,5.0,0.0,0.0,0.0,0.0,0.0,3.0,0.0,0.0,0.0,0.0,0.0,0.0,10.0,5.0,0.0,0.0,0.0,0.0,0.0,0.0,10.0,10.0,,,food_interest,food,,,,,1.0,1.0,,,,,,
2.0,154.0,5.0,90.0,0.0,2.0,4.0,0.0,0.0,4.0,0.0,0.0,0.0,0.0,0.0,10.0,4.0,0.0,0.0,0.0,0.0,0.0,0.0,0.0,0.0,0.0,0.0,10.0,10.0,,,fashion_interest,fashion,1.0,1.0,,,,,,,,,,
1.0,522.0,10.0,0.0,0.0,2.0,0.0,0.0,0.0,0.0,0.0,0.0,0.0,0.0,0.0,0.0,0.0,0.0,0.0,0.0,0.0,0.0,0.0,0.0,0.0,0.0,0.0,10.0,10.0,,,general_interest,general,,,,,,,,,1.0,1.0,,
2.0,159.5,6.0,300.0,0.0,3.0,0.0,6.0,0.0,0.0,0.0,3.0,0.0,0.0,0.0,0.0,0.0,0.0,0.0,0.0,0.0,0.0,0.0,12.0,0.0,0.0,0.0,12.0,12.0,,,gaming_interest,gaming,,,,,,,,,,,1.0,1.0
2.0,110.0,4.5,300.0,0.0,2.0,0.0,4.0,0.0,0.0,0.0,3.0,0.0,0.0,0.0,0.0,0.0,0.0,0.0,0.0,0.0,0.0,0.0,9.0,0.0,0.0,0.0,9.0,9.0,,,gaming_interest,gaming,,,,,,,,,,,1.0,1.0
2.0,90.0,4.0,45.0,0.0,5.0,2.0,0.0,0.0,0.0,0.0,0.0,1.0,0.0,0.0,0.0,0.0,0.0,0.0,8.0,2.0,0.0,0.0,0.0,0.0,0.0,0.0,8.0,8.0,,,food_interest,food,,,,,1.0,1.0,,,,,,
2.0,253.5,7.0,200.0,0.0,10.0,0.0,4.0,0.0,0.0,0.0,0.0,0.0,0.0,0.0,0.0,0.0,0.0,0.0,0.0,0.0,14.0,0.0,0.0,0.0,0.0,0.0,14.0,14.0,,,education_interest,education,,,,,,,1.0,1.0,,,,
2.0,199.5,6.0,90.0,0.0,2.0,5.0,3.0,0.0,2.0,0.0,0.0,0.0,0.0,0.0,12.0,5.0,0.0,0.0,0.0,0.0,0.0,0.0,0.0,0.0,0.0,0.0,12.0,12.0,,,fashion_interest,fashion,1.0,1.0,,,,,,,,,,
2.0,236.5,6.0,300.0,0.0,3.0,0.0,9.0,0.0,0.0,0.0,0.0,0.0,0.0,0.0,0.0,0.0,0.0,0.0,0.0,0.0,0.0,0.0,12.0,0.0,0.0,0.0,12.0,12.0,,,gaming_interest,gaming,,,,,,,,,,,1.0,1.0
2.0,182.0,6.0,200.0,0.0,9.0,0.0,3.0,0.0,0.0,0.0,0.0,0.0,0.0,0.0,0.0,0.0,0.0,0.0,0.0,0.0,12.0,0.0,0.0,0.0,0.0,0.0,12.0,12.0,,,education_interest,education,,,,,,,1.0,1.0,,,,
1.0,69.0,6.0,0.0,0.0,3.0,0.0,0.0,0.0,0.0,0.0,0.0,0.0,0.0,0.0,0.0,0.0,0.0,0.0,0.0,0.0,0.0,0.0,0.0,0.0,0.0,0.0,6.0,6.0,,,general_interest,general,,,,,,,,,1.0,1.0,,
2.0,345.0,7.5,200.0,0.0,9.0,0.0,6.0,0.0,0.0,0.0,0.0,0.0,0.0,0.0,0.0,0.0,0.0,0.0,0.0,0.0,15.0,0.0,0.0,0.0,0.0,0.0,15.0,15.0,,,education_interest,education,,,,,,,1.0,1.0,,,,
2.0,194.5,5.5,45.0,0.0,4.0,4.0,0.0,0.0,0.0,0.0,0.0,3.0,0.0,0.0,0.0,0.0,0.0,0.0,11.0,4.0,0.0,0.0,0.0,0.0,0.0,0.0,11.0,11.0,,,food_interest,food,,,,,1.0,1.0,,,,,,
2.0,209.0,6.0,120.0,0.0,4.0,3.0,0.0,3.0,0.0,0.0,0.0,0.0,2.0,0.16666666666666666,0.0,0.0,12.0,3.0,0.0,0.0,0.0,0.0,0.0,0.0,0.0,0.0,12.0,12.0,,,crypto_interest,crypto,,,1.0,1.0,,,,,,,,
2.0,255.5,6.5,300.0,0.0,2.0,0.0,8.0,0.0,0.0,0.0,3.0,0.0,0.0,0.0,0.0,0.0,0.0,0.0,0.0,0.0,0.0,0.0,13.0,0.0,0.0,0.0,13.0,13.0,,,gaming_interest,gaming,,,,,,,,,,,1.0,1.0
2.0,273.0,9.5,90.0,0.0,4.0,6.0,5.0,0.0,4.0,0.0,0.0,0.0,0.0,0.0,19.0,6.0,0.0,0.0,0.0,0.0,0.0,0.0,0.0,0.0,0.0,0.0,19.0,19.0,,,fashion_interest,fashion,1.0,1.0,,,,,,,,,,
2.0,372.0,8.0,300.0,0.0,3.0,0.0,10.0,0.0,0.0,0.0,3.0,0.0,0.0,0.0,0.0,0.0,0.0,0.0,0.0,0.0,0.0,0.0,16.0,0.0,0.0,0.0,16.0,16.0,,,gaming_interest,gaming,,,,,,,,,,,1.0,1.0
2.0,319.5,8.5,60.0,0.0,6.0,0.0,0.0,0.0,0.0,0.0,0.0,5.0,6.0,0.35294117647058826,0.0,0.0,0.0,0.0,0.0,0.0,0.0,0.0,0.0,0.0,17.0,0.0,17.0,17.0,1.0,1.0,fintech_interest,fintech,,,,,,,,,,,,
1.0,240.0,7.0,0.0,0.0,4.0,0.0,0.0,0.0,0.0,0.0,0.0,0.0,0.0,0.0,0.0,0.0,0.0,0.0,0.0,0.0,0.0,0.0,0.0,0.0,0.0,0.0,7.0,7.0,,,general_interest,general,,,,,,,,,1.0,1.0,,
2.0,358.5,9.0,300.0,0.0,4.0,0.0,9.0,0.0,0.0,0.0,5.0,0.0,0.0,0.0,0.0,0.0,0.0,0.0,0.0,0.0,0.0,0.0,18.0,0.0,0.0,0.0,18.0,18.0,,,gaming_interest,gaming,,,,,,,,,,,1.0,1.0
2.0,248.0,8.5,300.0,0.0,7.0,0.0,7.0,0.0,0.0,0.0,3.0,0.0,0.0,0.0,0.0,0.0,0.0,0.0,0.0,0.0,0.0,0.0,17.0,0.0,0.0,0.0,17.0,17.0,,,gaming_interest,gaming,,,,,,,,,,,1.0,1.0
1.0,240.0,8.0,0.0,0.0,3.0,0.0,0.0,0.0,0.0,0.0,0.0,0.0,0.0,0.0,0.0,0.0,0.0,0.0,0.0,0.0,0.0,0.0,0.0,0.0,0.0,0.0,8.0,8.0,,,general_interest,general,,,,,,,,,1.0,1.0,,
2.0,174.0,5.5,120.0,0.0,6.0,0.0,0.0,3.0,0.0,0.0,0.0,0.0,2.0,0.18181818181818182,0.0,0.0,11.0,0.0,0.0,0.0,0.0,0.0,0.0,0.0,0.0,0.0,11.0,11.0,,,general_interest,crypto,,,1.0,1.0,,,,,,,,
2.0,124.5,5.0,45.0,0.0,5.0,3.0,0.0,0.0,0.0,0.0,0.0,2.0,0.0,0.0,0.0,0.0,0.0,0.0,10.0,3.0,0.0,0.0,0.0,0.0,0.0,0.0,10.0,10.0,,,food_interest,food,,,,,1.0,1.0,,,,,,
2.0,183.5,5.5,120.0,0.0,4.0,2.0,0.0,2.0,0.0,0.0,0.0,0.0,3.0,0.2727272727272727,0.0,0.0,11.0,2.0,0.0,0.0,0.0,0.0,0.0,0.0,0.0,0.0,11.0,11.0,,,crypto_interest,crypto,,,1.0,1.0,,,,,,,,
2.0,203.5,6.5,45.0,0.0,2.0,4.0,0.0,0.0,0.0,0.0,0.0,7.0,0.0,0.0,0.0,0.0,0.0,0.0,13.0,4.0,0.0,0.0,0.0,0.0,0.0,0.0,13.0,13.0,,,food_interest,food,,,,,1.0,1.0,,,,,,
2.0,246.0,6.0,200.0,0.0,7.0,0.0,5.0,0.0,0.0,0.0,0.0,0.0,0.0,0.0,0.0,0.0,0.0,0.0,0.0,0.0,12.0,0.0,0.0,0.0,0.0,0.0,12.0,12.0,,,education_interest,education,,,,,,,1.0,1.0,,,,
2.0,166.5,5.0,45.0,0.0,2.0,4.0,0.0,0.0,0.0,0.0,0.0,4.0,0.0,0.0,0.0,0.0,0.0,0.0,10.0,4.0,0.0,0.0,0.0,0.0,0.0,0.0,10.0,10.0,,,food_interest,food,,,,,1.0,1.0,,,,,,
2.0,178.0,7.0,200.0,0.0,10.0,0.0,4.0,0.0,0.0,0.0,0.0,0.0,0.0,0.0,0.0,0.0,0.0,0.0,0.0,0.0,14.0,0.0,0.0,0.0,0.0,0.0,14.0,14.0,,,education_interest,education,,,,,,,1.0,1.0,,,,
1.0,413.0,8.0,0.0,0.0,4.0,0.0,0.0,0.0,0.0,0.0,0.0,0.0,0.0,0.0,0.0,0.0,0.0,0.0,0.0,0.0,0.0,0.0,0.0,0.0,0.0,0.0,8.0,8.0,,,general_interest,general,,,,,,,,,1.0,1.0,,
2.0,395.5,9.0,120.0,0.0,3.0,4.0,0.0,6.0,0.0,0.0,0.0,0.0,5.0,0.2777777777777778,0.0,0.0,18.0,4.0,0.0,0.0,0.0,0.0,0.0,0.0,0.0,0.0,18.0,18.0,,,crypto_interest,crypto,,,1.0,1.0,,,,,,,,
2.0,287.5,6.5,120.0,0.0,6.0,1.0,0.0,5.0,0.0,0.0,0.0,0.0,1.0,0.07692307692307693,0.0,0.0,13.0,1.0,0.0,0.0,0.0,0.0,0.0,0.0,0.0,0.0,13.0,13.0,,,general_interest,crypto,,,1.0,1.0,,,,,,,,
2.0,282.0,7.5,200.0,0.0,12.0,0.0,3.0,0.0,0.0,0.0,0.0,0.0,0.0,0.0,0.0,0.0,0.0,0.0,0.0,0.0,15.0,0.0,0.0,0.0,0.0,0.0,15.0,15.0,,,education_interest,education,,,,,,,1.0,1.0,,,,
2.0,285.0,7.5,90.0,0.0,3.0,4.0,6.0,0.0,2.0,0.0,0.0,0.0,0.0,0.0,15.0,4.0,0.0,0.0,0.0,0.0,0.0,0.0,0.0,0.0,0.0,0.0,15.0,15.0,,,fashion_interest,fashion,1.0,1.0,,,,,,,,,,
2.0,188.0,6.5,45.0,0.0,3.0,6.0,0.0,0.0,0.0,0.0,0.0,4.0,0.0,0.0,0.0,0.0,0.0,0.0,13.0,6.0,0.0,0.0,0.0,0.0,0.0,0.0,13.0,13.0,,,food_interest,food,,,,,1.0,1.0,,,,,,
2.0,230.0,7.0,45.0,0.0,1.0,7.0,0.0,0.0,0.0,0.0,0.0,6.0,0.0,0.0,0.0,0.0,0.0,0.0,14.0,7.0,0.0,0.0,0.0,0.0,0.0,0.0,14.0,14.0,,,food_interest,food,,,,,1.0,1.0,,,,,,
2.0,109.0,5.0,45.0,0.0,3.0,3.0,0.0,0.0,0.0,0.0,0.0,4.0,0.0,0.0,0.0,0.0,0.0,0.0,10.0,3.0,0.0,0.0,0.0,0.0,0.0,0.0,10.0,10.0,,,food_interest,food,,,,,1.0,1.0,,,,,,
2.0,188.5,8.5,120.0,0.0,4.0,4.0,0.0,3.0,0.0,0.0,0.0,0.0,6.0,0.35294117647058826,0.0,0.0,17.0,4.0,0.0,0.0,0.0,0.0,0.0,0.0,0.0,0.0,17.0,17.0,,,crypto_interest,crypto,,,1.0,1.0,,,,,,,,
2.0,219.5,9.0,300.0,0.0,4.0,0.0,10.0,0.0,0.0,0.0,4.0,0.0,0.0,0.0,0.0,0.0,0.0,0.0,0.0,0.0,0.0,0.0,18.0,0.0,0.0,0.0,18.0,18.0,,,gaming_interest,gaming,,,,,,,,,,,1.0,1.0
2.0,415.0,8.5,300.0,0.0,3.0,0.0,7.0,0.0,0.0,0.0,7.0,0.0,0.0,0.0,0.0,0.0,0.0,0.0,0.0,0.0,0.0,0.0,17.0,0.0,0.0,0.0,17.0,17.0,,,gaming_interest,gaming,,,,,,,,,,,1.0,1.0
2.0,290.0,6.0,200.0,0.0,8.0,0.0,4.0,0.0,0.0,0.0,0.0,0.0,0.0,0.0,0.0,0.0,0.0,0.0,0.0,0.0,12.0,0.0,0.0,0.0,0.0,0.0,12.0,12.0,,,education_interest,education,,,,,,,1.0,1.0,,,,
2.0,229.5,7.0,300.0,0.0,8.0,0.0,3.0,0.0,0.0,0.0,3.0,0.0,0.0,0.0,0.0,0.0,0.0,0.0,0.0,0.0,0.0,0.0,14.0,0.0,0.0,0.0,14.0,14.0,,,gaming_interest,gaming,,,,,,,,,,,1.0,1.0
1.0,225.0,6.0,0.0,0.0,3.0,0.0,0.0,0.0,0.0,0.0,0.0,0.0,0.0,0.0,0.0,0.0,0.0,0.0,0.0,0.0,0.0,0.0,0.0,0.0,0.0,0.0,6.0,6.0,,,general_interest,general,,,,,,,,,1.0,1.0,,
1.0,153.0,5.0,0.0,0.0,0.0,0.0,0.0,0.0,0.0,0.0,0.0,0.0,0.0,0.0,0.0,0.0,0.0,0.0,0.0,0.0,0.0,0.0,0.0,0.0,0.0,0.0,5.0,5.0,,,general_interest,general,,,,,,,,,1.0,1.0,,
2.0,354.0,7.5,90.0,0.0,4.0,5.0,4.0,0.0,2.0,0.0,0.0,0.0,0.0,0.0,15.0,5.0,0.0,0.0,0.0,0.0,0.0,0.0,0.0,0.0,0.0,0.0,15.0,15.0,,,fashion_interest,fashion,1.0,1.0,,,,,,,,,,
2.0,336.0,9.0,300.0,0.0,5.0,0.0,9.0,0.0,0.0,0.0,4.0,0.0,0.0,0.0,0.0,0.0,0.0,0.0,0.0,0.0,0.0,0.0,18.0,0.0,0.0,0.0,18.0,18.0,,,gaming_interest,gaming,,,,,,,,,,,1.0,1.0
2.0,297.0,7.5,90.0,0.0,4.0,4.0,4.0,0.0,3.0,0.0,0.0,0.0,0.0,0.0,15.0,4.0,0.0,0.0,0.0,0.0,0.0,0.0,0.0,0.0,0.0,0.0,15.0,15.0,,,fashion_interest,fashion,1.0,1.0,,,,,,,,,,
1.0,184.0,5.0,0.0,0.0,2.0,0.0,0.0,0.0,0.0,0.0,0.0,0.0,0.0,0.0,0.0,0.0,0.0,0.0,0.0,0.0,0.0,0.0,0.0,0.0,0.0,0.0,5.0,5.0,,,general_interest,general,,,,,,,,,1.0,1.0,,
2.0,321.0,7.5,45.0,0.0,4.0,5.0,0.0,0.0,0.0,0.0,0.0,6.0,0.0,0.0,0.0,0.0,0.0,0.0,15.0,5.0,0.0,0.0,0.0,0.0,0.0,0.0,15.0,15.0,,,food_interest,food,,,,,1.0,1.0,,,,,,
2.0,149.5,5.0,120.0,0.0,7.0,1.0,0.0,2.0,0.0,0.0,0.0,0.0,0.0,0.0,0.0,0.0,10.0,1.0,0.0,0.0,0.0,0.0,0.0,0.0,0.0,0.0,10.0,10.0,,,general_interest,crypto,,,1.0,1.0,,,,,,,,
2.0,186.0,5.5,90.0,0.0,2.0,1.0,6.0,0.0,2.0,0.0,0.0,0.0,0.0,0.0,11.0,1.0,0.0,0.0,0.0,0.0,0.0,0.0,0.0,0.0,0.0,0.0,11.0,11.0,,,fashion_interest,fashion,1.0,1.0,,,,,,,,,,
2.0,106.5,4.5,300.0,0.0,4.0,0.0,2.0,0.0,0.0,0.0,3.0,0.0,0.0,0.0,0.0,0.0,0.0,0.0,0.0,0.0,0.0,0.0,9.0,0.0,0.0,0.0,9.0,9.0,,,general_interest,gaming,,,,,,,,,,,1.0,1.0
2.0,191.0,6.5,60.0,0.0,4.0,0.0,0.0,0.0,0.0,0.0,0.0,2.0,7.0,0.5384615384615384,0.0,0.0,0.0,0.0,0.0,0.0,0.0,0.0,0.0,0.0,13.0,0.0,13.0,13.0,1.0,1.0,fintech_interest,fintech,,,,,,,,,,,,
2.0,228.0,7.0,90.0,0.0,3.0,5.0,1.0,0.0,5.0,0.0,0.0,0.0,0.0,0.0,14.0,5.0,0.0,0.0,0.0,0.0,0.0,0.0,0.0,0.0,0.0,0.0,14.0,14.0,,,fashion_interest,fashion,1.0,1.0,,,,,,,,,,
2.0,123.5,7.0,200.0,0.0,7.0,0.0,7.0,0.0,0.0,0.0,0.0,0.0,0.0,0.0,0.0,0.0,0.0,0.0,0.0,0.0,14.0,0.0,0.0,0.0,0.0,0.0,14.0,14.0,,,education_interest,education,,,,,,,1.0,1.0,,,,
2.0,163.0,6.5,45.0,0.0,3.0,7.0,0.0,0.0,0.0,0.0,0.0,3.0,0.0,0.0,0.0,0.0,0.0,0.0,13.0,7.0,0.0,0.0,0.0,0.0,0.0,0.0,13.0,13.0,,,food_interest,food,,,,,1.0,1.0,,,,,,
2.0,341.0,8.5,90.0,0.0,3.0,4.0,7.0,0.0,3.0,0.0,0.0,0.0,0.0,0.0,17.0,4.0,0.0,0.0,0.0,0.0,0.0,0.0,0.0,0.0,0.0,0.0,17.0,17.0,,,fashion_interest,fashion,1.0,1.0,,,,,,,,,,
2.0,187.5,6.5,60.0,0.0,3.0,0.0,0.0,0.0,0.0,0.0,0.0,3.0,7.0,0.5384615384615384,0.0,0.0,0.0,0.0,0.0,0.0,0.0,0.0,0.0,0.0,13.0,0.0,13.0,13.0,1.0,1.0,fintech_interest,fintech,,,,,,,,,,,,
2.0,243.0,6.0,300.0,0.0,1.0,0.0,7.0,0.0,0.0,0.0,4.0,0.0,0.0,0.0,0.0,0.0,0.0,0.0,0.0,0.0,0.0,0.0,12.0,0.0,0.0,0.0,12.0,12.0,,,gaming_interest,gaming,,,,,,,,,,,1.0,1.0
2.0,215.0,7.5,90.0,0.0,3.0,3.0,3.0,0.0,6.0,0.0,0.0,0.0,0.0,0.0,15.0,3.0,0.0,0.0,0.0,0.0,0.0,0.0,0.0,0.0,0.0,0.0,15.0,15.0,,,fashion_interest,fashion,1.0,1.0,,,,,,,,,,
2.0,192.0,7.5,90.0,0.0,3.0,4.0,5.0,0.0,3.0,0.0,0.0,0.0,0.0,0.0,15.0,4.0,0.0,0.0,0.0,0.0,0.0,0.0,0.0,0.0,0.0,0.0,15.0,15.0,,,fashion_interest,fashion,1.0,1.0,,,,,,,,,,
2.0,143.0,7.0,300.0,0.0,6.0,0.0,6.0,0.0,0.0,0.0,2.0,0.0,0.0,0.0,0.0,0.0,0.0,0.0,0.0,0.0,0.0,0.0,14.0,0.0,0.0,0.0,14.0,14.0,,,gaming_interest,gaming,,,,,,,,,,,1.0,1.0
2.0,260.5,9.0,90.0,0.0,9.0,1.0,6.0,0.0,2.0,0.0,0.0,0.0,0.0,0.0,18.0,1.0,0.0,0.0,0.0,0.0,0.0,0.0,0.0,0.0,0.0,0.0,18.0,18.0,,,fashion_interest,fashion,1.0,1.0,,,,,,,,,,
2.0,235.5,8.0,200.0,0.0,10.0,0.0,6.0,0.0,0.0,0.0,0.0,0.0,0.0,0.0,0.0,0.0,0.0,0.0,0.0,0.0,16.0,0.0,0.0,0.0,0.0,0.0,16.0,16.0,,,education_interest,education,,,,,,,1.0,1.0,,,,
2.0,270.0,6.5,200.0,0.0,8.0,0.0,5.0,0.0,0.0,0.0,0.0,0.0,0.0,0.0,0.0,0.0,0.0,0.0,0.0,0.0,13.0,0.0,0.0,0.0,0.0,0.0,13.0,13.0,,,education_interest,education,,,,,,,1.0,1.0,,,,
2.0,127.5,4.5,120.0,0.0,4.0,3.0,0.0,1.0,0.0,0.0,0.0,0.0,1.0,0.1111111111111111,0.0,0.0,9.0,3.0,0.0,0.0,0.0,0.0,0.0,0.0,0.0,0.0,9.0,9.0,,,crypto_interest,crypto,,,1.0,1.0,,,,,,,,
2.0,159.5,5.0,120.0,0.0,6.0,0.0,0.0,3.0,0.0,0.0,0.0,0.0,1.0,0.1,0.0,0.0,10.0,0.0,0.0,0.0,0.0,0.0,0.0,0.0,0.0,0.0,10.0,10.0,,,general_interest,crypto,,,1.0,1.0,,,,,,,,
1.0,180.0,7.0,0.0,0.0,3.0,0.0,0.0,0.0,0.0,0.0,0.0,0.0,0.0,0.0,0.0,0.0,0.0,0.0,0.0,0.0,0.0,0.0,0.0,0.0,0.0,0.0,7.0,7.0,,,general_interest,general,,,,,,,,,1.0,1.0,,
1.0,164.0,6.0,0.0,0.0,2.0,0.0,0.0,0.0,0.0,0.0,0.0,0.0,0.0,0.0,0.0,0.0,0.0,0.0,0.0,0.0,0.0,0.0,0.0,0.0,0.0,0.0,6.0,6.0,,,general_interest,general,,,,,,,,,1.0,1.0,,
2.0,199.5,6.5,200.0,0.0,8.0,0.0,5.0,0.0,0.0,0.0,0.0,0.0,0.0,0.0,0.0,0.0,0.0,0.0,0.0,0.0,13.0,0.0,0.0,0.0,0.0,0.0,13.0,13.0,,,education_interest,education,,,,,,,1.0,1.0,,,,
2.0,290.0,8.5,90.0,0.0,4.0,4.0,2.0,0.0,7.0,0.0,0.0,0.0,0.0,0.0,17.0,4.0,0.0,0.0,0.0,0.0,0.0,0.0,0.0,0.0,0.0,0.0,17.0,17.0,,,fashion_interest,fashion,1.0,1.0,,,,,,,,,,
2.0,38.0,4.5,200.0,0.0,5.0,0.0,4.0,0.0,0.0,0.0,0.0,0.0,0.0,0.0,0.0,0.0,0.0,0.0,0.0,0.0,9.0,0.0,0.0,0.0,0.0,0.0,9.0,9.0,,,education_interest,education,,,,,,,1.0,1.0,,,,
1.0,172.0,5.0,0.0,0.0,1.0,0.0,0.0,0.0,0.0,0.0,0.0,0.0,0.0,0.0,0.0,0.0,0.0,0.0,0.0,0.0,0.0,0.0,0.0,0.0,0.0,0.0,5.0,5.0,,,general_interest,general,,,,,,,,,1.0,1.0,,
2.0,240.0,6.5,120.0,0.0,6.0,1.0,0.0,4.0,0.0,0.0,0.0,0.0,2.0,0.15384615384615385,0.0,0.0,13.0,1.0,0.0,0.0,0.0,0.0,0.0,0.0,0.0,0.0,13.0,13.0,,,general_interest,crypto,,,1.0,1.0,,,,,,,,
2.0,394.0,9.5,90.0,0.0,8.0,5.0,1.0,0.0,5.0,0.0,0.0,0.0,0.0,0.0,19.0,5.0,0.0,0.0,0.0,0.0,0.0,0.0,0.0,0.0,0.0,0.0,19.0,19.0,,,fashion_interest,fashion,1.0,1.0,,,,,,,,,,
2.0,173.5,5.0,300.0,0.0,3.0,0.0,4.0,0.0,0.0,0.0,3.0,0.0,0.0,0.0,0.0,0.0,0.0,0.0,0.0,0.0,0.0,0.0,10.0,0.0,0.0,0.0,10.0,10.0,,,gaming_interest,gaming,,,,,,,,,,,1.0,1.0
2.0,298.0,7.5,90.0,0.0,1.0,4.0,5.0,0.0,5.0,0.0,0.0,0.0,0.0,0.0,15.0,4.0,0.0,0.0,0.0,0.0,0.0,0.0,0.0,0.0,0.0,0.0,15.0,15.0,,,fashion_interest,fashion,1.0,1.0,,,,,,,,,,
2.0,168.0,5.0,200.0,0.0,6.0,0.0,4.0,0.0,0.0,0.0,0.0,0.0,0.0,0.0,0.0,0.0,0.0,0.0,0.0,0.0,10.0,0.0,0.0,0.0,0.0,0.0,10.0,10.0,,,education_interest,education,,,,,,,1.0,1.0,,,,
2.0,299.5,7.5,90.0,0.0,3.0,2.0,7.0,0.0,3.0,0.0,0.0,0.0,0.0,0.0,15.0,2.0,0.0,0.0,0.0,0.0,0.0,0.0,0.0,0.0,0.0,0.0,15.0,15.0,,,fashion_interest,fashion,1.0,1.0,,,,,,,,,,
2.0,172.0,6.5,45.0,0.0,2.0,8.0,0.0,0.0,0.0,0.0,0.0,3.0,0.0,0.0,0.0,0.0,0.0,0.0,13.0,8.0,0.0,0.0,0.0,0.0,0.0,0.0,13.0,13.0,,,food_interest,food,,,,,1.0,1.0,,,,,,
2.0,392.0,9.5,45.0,0.0,8.0,7.0,0.0,0.0,0.0,0.0,0.0,4.0,0.0,0.0,0.0,0.0,0.0,0.0,19.0,7.0,0.0,0.0,0.0,0.0,0.0,0.0,19.0,19.0,,,food_interest,food,,,,,1.0,1.0,,,,,,
2.0,337.0,8.5,200.0,0.0,13.0,0.0,4.0,0.0,0.0,0.0,0.0,0.0,0.0,0.0,0.0,0.0,0.0,0.0,0.0,0.0,17.0,0.0,0.0,0.0,0.0,0.0,17.0,17.0,,,education_interest,education,,,,,,,1.0,1.0,,,,
2.0,243.0,7.5,120.0,0.0,5.0,4.0,0.0,3.0,0.0,0.0,0.0,0.0,3.0,0.2,0.0,0.0,15.0,4.0,0.0,0.0,0.0,0.0,0.0,0.0,0.0,0.0,15.0,15.0,,,crypto_interest,crypto,,,1.0,1.0,,,,,,,,
2.0,274.0,6.0,60.0,0.0,4.0,0.0,0.0,0.0,0.0,0.0,0.0,3.0,5.0,0.4166666666666667,0.0,0.0,0.0,0.0,0.0,0.0,0.0,0.0,0.0,0.0,12.0,0.0,12.0,12.0,1.0,1.0,fintech_interest,fintech,,,,,,,,,,,,
1.0,295.0,10.0,0.0,0.0,2.0,0.0,0.0,0.0,0.0,0.0,0.0,0.0,0.0,0.0,0.0,0.0,0.0,0.0,0.0,0.0,0.0,0.0,0.0,0.0,0.0,0.0,10.0,10.0,,,general_interest,general,,,,,,,,,1.0,1.0,,
2.0,167.5,7.0,90.0,0.0,2.0,3.0,5.0,0.0,4.0,0.0,0.0,0.0,0.0,0.0,14.0,3.0,0.0,0.0,0.0,0.0,0.0,0.0,0.0,0.0,0.0,0.0,14.0,14.0,,,fashion_interest,fashion,1.0,1.0,,,,,,,,,,
1.0,111.0,7.0,0.0,0.0,3.0,0.0,0.0,0.0,0.0,0.0,0.0,0.0,0.0,0.0,0.0,0.0,0.0,0.0,0.0,0.0,0.0,0.0,0.0,0.0,0.0,0.0,7.0,7.0,,,general_interest,general,,,,,,,,,1.0,1.0,,
2.0,246.0,7.0,45.0,0.0,3.0,6.0,0.0,0.0,0.0,0.0,0.0,5.0,0.0,0.0,0.0,0.0,0.0,0.0,14.0,6.0,0.0,0.0,0.0,0.0,0.0,0.0,14.0,14.0,,,food_interest,food,,,,,1.0,1.0,,,,,,
2.0,202.0,6.0,200.0,0.0,6.0,0.0,6.0,0.0,0.0,0.0,0.0,0.0,0.0,0.0,0.0,0.0,0.0,0.0,0.0,0.0,12.0,0.0,0.0,0.0,0.0,0.0,12.0,12.0,,,education_interest,education,,,,,,,1.0,1.0,,,,
2.0,168.5,5.5,200.0,0.0,9.0,0.0,2.0,0.0,0.0,0.0,0.0,0.0,0.0,0.0,0.0,0.0,0.0,0.0,0.0,0.0,11.0,0.0,0.0,0.0,0.0,0.0,11.0,11.0,,,education_interest,education,,,,,,,1.0,1.0,,,,
2.0,264.0,8.0,45.0,0.0,6.0,5.0,0.0,0.0,0.0,0.0,0.0,5.0,0.0,0.0,0.0,0.0,0.0,0.0,16.0,5.0,0.0,0.0,0.0,0.0,0.0,0.0,16.0,16.0,,,food_interest,food,,,,,1.0,1.0,,,,,,
2.0,277.0,7.5,90.0,0.0,1.0,6.0,6.0,0.0,2.0,0.0,0.0,0.0,0.0,0.0,15.0,6.0,0.0,0.0,0.0,0.0,0.0,0.0,0.0,0.0,0.0,0.0,15.0,15.0,,,fashion_interest,fashion,1.0,1.0,,,,,,,,,,
1.0,312.0,7.0,0.0,0.0,2.0,0.0,0.0,0.0,0.0,0.0,0.0,0.0,0.0,0.0,0.0,0.0,0.0,0.0,0.0,0.0,0.0,0.0,0.0,0.0,0.0,0.0,7.0,7.0,,,general_interest,general,,,,,,,,,1.0,1.0,,
2.0,201.5,6.0,90.0,0.0,1.0,3.0,4.0,0.0,4.0,0.0,0.0,0.0,0.0,0.0,12.0,3.0,0.0,0.0,0.0,0.0,0.0,0.0,0.0,0.0,0.0,0.0,12.0,12.0,,,fashion_interest,fashion,1.0,1.0,,,,,,,,,,
1.0,235.0,8.0,0.0,0.0,2.0,0.0,0.0,0.0,0.0,0.0,0.0,0.0,0.0,0.0,0.0,0.0,0.0,0.0,0.0,0.0,0.0,0.0,0.0,0.0,0.0,0.0,8.0,8.0,,,general_interest,general,,,,,,,,,1.0,1.0,,
2.0,137.0,5.0,200.0,0.0,6.0,0.0,4.0,0.0,0.0,0.0,0.0,0.0,0.0,0.0,0.0,0.0,0.0,0.0,0.0,0.0,10.0,0.0,0.0,0.0,0.0,0.0,10.0,10.0,,,education_interest,education,,,,,,,1.0,1.0,,,,
2.0,108.0,5.0,60.0,0.0,6.0,0.0,0.0,0.0,0.0,0.0,0.0,1.0,3.0,0.3,0.0,0.0,0.0,0.0,0.0,0.0,0.0,0.0,0.0,0.0,10.0,0.0,10.0,10.0,1.0,1.0,fintech_interest,fintech,,,,,,,,,,,,
1.0,114.0,5.0,0.0,0.0,3.0,0.0,0.0,0.0,0.0,0.0,0.0,0.0,0.0,0.0,0.0,0.0,0.0,0.0,0.0,0.0,0.0,0.0,0.0,0.0,0.0,0.0,5.0,5.0,,,general_interest,general,,,,,,,,,1.0,1.0,,
2.0,266.0,6.5,200.0,0.0,9.0,0.0,4.0,0.0,0.0,0.0,0.0,0.0,0.0,0.0,0.0,0.0,0.0,0.0,0.0,0.0,13.0,0.0,0.0,0.0,0.0,0.0,13.0,13.0,,,education_interest,education,,,,,,,1.0,1.0,,,,
2.0,183.0,6.0,120.0,0.0,5.0,2.0,0.0,3.0,0.0,0.0,0.0,0.0,2.0,0.16666666666666666,0.0,0.0,12.0,2.0,0.0,0.0,0.0,0.0,0.0,0.0,0.0,0.0,12.0,12.0,,,crypto_interest,crypto,,,1.0,1.0,,,,,,,,
2.0,250.0,6.0,300.0,0.0,2.0,0.0,5.0,0.0,0.0,0.0,5.0,0.0,0.0,0.0,0.0,0.0,0.0,0.0,0.0,0.0,0.0,0.0,12.0,0.0,0.0,0.0,12.0,12.0,,,gaming_interest,gaming,,,,,,,,,,,1.0,1.0
2.0,449.5,10.0,45.0,0.0,11.0,3.0,0.0,0.0,0.0,0.0,0.0,6.0,0.0,0.0,0.0,0.0,0.0,0.0,20.0,3.0,0.0,0.0,0.0,0.0,0.0,0.0,20.0,20.0,,,food_interest,food,,,,,1.0,1.0,,,,,,
2.0,135.0,4.5,120.0,0.0,4.0,0.0,0.0,4.0,0.0,0.0,0.0,0.0,1.0,0.1111111111111111,0.0,0.0,9.0,0.0,0.0,0.0,0.0,0.0,0.0,0.0,0.0,0.0,9.0,9.0,,,general_interest,crypto,,,1.0,1.0,,,,,,,,
2.0,207.0,7.0,120.0,0.0,5.0,4.0,0.0,2.0,0.0,0.0,0.0,0.0,3.0,0.21428571428571427,0.0,0.0,14.0,4.0,0.0,0.0,0.0,0.0,0.0,0.0,0.0,0.0,14.0,14.0,,,crypto_interest,crypto,,,1.0,1.0,,,,,,,,
1.0,129.0,4.0,0.0,0.0,2.0,0.0,0.0,0.0,0.0,0.0,0.0,0.0,0.0,0.0,0.0,0.0,0.0,0.0,0.0,0.0,0.0,0.0,0.0,0.0,0.0,0.0,4.0,4.0,,,general_interest,general,,,,,,,,,1.0,1.0,,
2.0,322.0,7.5,120.0,0.0,7.0,3.0,0.0,1.0,0.0,0.0,0.0,0.0,4.0,0.26666666666666666,0.0,0.0,15.0,3.0,0.0,0.0,0.0,0.0,0.0,0.0,0.0,0.0,15.0,15.0,,,crypto_interest,crypto,,,1.0,1.0,,,,,,,,
2.0,337.0,9.0,60.0,0.0,6.0,0.0,0.0,0.0,0.0,0.0,0.0,5.0,7.0,0.3888888888888889,0.0,0.0,0.0,0.0,0.0,0.0,0.0,0.0,0.0,0.0,18.0,0.0,18.0,18.0,1.0,1.0,fintech_interest,fintech,,,,,,,,,,,,
2.0,217.0,7.0,60.0,0.0,4.0,0.0,0.0,0.0,0.0,0.0,0.0,7.0,3.0,0.21428571428571427,0.0,0.0,0.0,0.0,0.0,0.0,0.0,0.0,0.0,0.0,14.0,0.0,14.0,14.0,1.0,1.0,fintech_interest,fintech,,,,,,,,,,,,
1.0,480.0,9.0,0.0,0.0,4.0,0.0,0.0,0.0,0.0,0.0,0.0,0.0,0.0,0.0,0.0,0.0,0.0,0.0,0.0,0.0,0.0,0.0,0.0,0.0,0.0,0.0,9.0,9.0,,,general_interest,general,,,,,,,,,1.0,1.0,,
2.0,291.0,8.5,90.0,0.0,3.0,7.0,2.0,0.0,5.0,0.0,0.0,0.0,0.0,0.0,17.0,7.0,0.0,0.0,0.0,0.0,0.0,0.0,0.0,0.0,0.0,0.0,17.0,17.0,,,fashion_interest,fashion,1.0,1.0,,,,,,,,,,
2.0,260.0,8.5,120.0,0.0,7.0,5.0,0.0,4.0,0.0,0.0,0.0,0.0,1.0,0.058823529411764705,0.0,0.0,17.0,5.0,0.0,0.0,0.0,0.0,0.0,0.0,0.0,0.0,17.0,17.0,,,crypto_interest,crypto,,,1.0,1.0,,,,,,,,
2.0,253.5,8.5,45.0,0.0,7.0,4.0,0.0,0.0,0.0,0.0,0.0,6.0,0.0,0.0,0.0,0.0,0.0,0.0,17.0,4.0,0.0,0.0,0.0,0.0,0.0,0.0,17.0,17.0,,,food_interest,food,,,,,1.0,1.0,,,,,,
2.0,263.5,7.5,120.0,0.0,4.0,2.0,0.0,5.0,0.0,0.0,0.0,0.0,4.0,0.26666666666666666,0.0,0.0,15.0,2.0,0.0,0.0,0.0,0.0,0.0,0.0,0.0,0.0,15.0,15.0,,,crypto_interest,crypto,,,1.0,1.0,,,,,,,,
2.0,159.0,5.5,90.0,0.0,2.0,4.0,3.0,0.0,2.0,0.0,0.0,0.0,0.0,0.0,11.0,4.0,0.0,0.0,0.0,0.0,0.0,0.0,0.0,0.0,0.0,0.0,11.0,11.0,,,fashion_interest,fashion,1.0,1.0,,,,,,,,,,
2.0,263.0,6.5,90.0,0.0,2.0,1.0,6.0,0.0,4.0,0.0,0.0,0.0,0.0,0.0,13.0,1.0,0.0,0.0,0.0,0.0,0.0,0.0,0.0,0.0,0.0,0.0,13.0,13.0,,,fashion_interest,fashion,1.0,1.0,,,,,,,,,,
1.0,300.0,9.0,0.0,0.0,1.0,0.0,0.0,0.0,0.0,0.0,0.0,0.0,0.0,0.0,0.0,0.0,0.0,0.0,0.0,0.0,0.0,0.0,0.0,0.0,0.0,0.0,9.0,9.0,,,general_interest,general,,,,,,,,,1.0,1.0,,
2.0,301.5,8.5,300.0,0.0,4.0,0.0,9.0,0.0,0.0,0.0,4.0,0.0,0.0,0.0,0.0,0.0,0.0,0.0,0.0,0.0,0.0,0.0,17.0,0.0,0.0,0.0,17.0,17.0,,,gaming_interest,gaming,,,,,,,,,,,1.0,1.0
1.0,188.0,5.0,0.0,0.0,2.0,0.0,0.0,0.0,0.0,0.0,0.0,0.0,0.0,0.0,0.0,0.0,0.0,0.0,0.0,0.0,0.0,0.0,0.0,0.0,0.0,0.0,5.0,5.0,,,general_interest,general,,,,,,,,,1.0,1.0,,
2.0,307.0,7.0,90.0,0.0,4.0,4.0,2.0,0.0,4.0,0.0,0.0,0.0,0.0,0.0,14.0,4.0,0.0,0.0,0.0,0.0,0.0,0.0,0.0,0.0,0.0,0.0,14.0,14.0,,,fashion_interest,fashion,1.0,1.0,,,,,,,,,,
2.0,230.5,6.0,300.0,0.0,3.0,0.0,5.0,0.0,0.0,0.0,4.0,0.0,0.0,0.0,0.0,0.0,0.0,0.0,0.0,0.0,0.0,0.0,12.0,0.0,0.0,0.0,12.0,12.0,,,gaming_interest,gaming,,,,,,,,,,,1.0,1.0
2.0,236.5,5.5,45.0,0.0,2.0,5.0,0.0,0.0,0.0,0.0,0.0,4.0,0.0,0.0,0.0,0.0,0.0,0.0,11.0,5.0,0.0,0.0,0.0,0.0,0.0,0.0,11.0,11.0,,,food_interest,food,,,,,1.0,1.0,,,,,,
2.0,401.0,9.0,45.0,0.0,2.0,5.0,0.0,0.0,0.0,0.0,0.0,11.0,0.0,0.0,0.0,0.0,0.0,0.0,18.0,5.0,0.0,0.0,0.0,0.0,0.0,0.0,18.0,18.0,,,food_interest,food,,,,,1.0,1.0,,,,,,
2.0,330.0,9.0,300.0,0.0,5.0,0.0,9.0,0.0,0.0,0.0,4.0,0.0,0.0,0.0,0.0,0.0,0.0,0.0,0.0,0.0,0.0,0.0,18.0,0.0,0.0,0.0,18.0,18.0,,,gaming_interest,gaming,,,,,,,,,,,1.0,1.0
1.0,216.0,7.0,0.0,0.0,3.0,0.0,0.0,0.0,0.0,0.0,0.0,0.0,0.0,0.0,0.0,0.0,0.0,0.0,0.0,0.0,0.0,0.0,0.0,0.0,0.0,0.0,7.0,7.0,,,general_interest,general,,,,,,,,,1.0,1.0,,
2.0,351.5,8.5,45.0,0.0,3.0,8.0,0.0,0.0,0.0,0.0,0.0,6.0,0.0,0.0,0.0,0.0,0.0,0.0,17.0,8.0,0.0,0.0,0.0,0.0,0.0,0.0,17.0,17.0,,,food_interest,food,,,,,1.0,1.0,,,,,,
2.0,193.5,7.0,300.0,0.0,3.0,0.0,6.0,0.0,0.0,0.0,5.0,0.0,0.0,0.0,0.0,0.0,0.0,0.0,0.0,0.0,0.0,0.0,14.0,0.0,0.0,0.0,14.0,14.0,,,gaming_interest,gaming,,,,,,,,,,,1.0,1.0
2.0,217.5,6.0,120.0,0.0,7.0,0.0,0.0,2.0,0.0,0.0,0.0,0.0,3.0,0.25,0.0,0.0,12.0,0.0,0.0,0.0,0.0,0.0,0.0,0.0,0.0,0.0,12.0,12.0,,,general_interest,crypto,,,1.0,1.0,,,,,,,,
2.0,219.5,7.0,45.0,0.0,3.0,4.0,0.0,0.0,0.0,0.0,0.0,7.0,0.0,0.0,0.0,0.0,0.0,0.0,14.0,4.0,0.0,0.0,0.0,0.0,0.0,0.0,14.0,14.0,,,food_interest,food,,,,,1.0,1.0,,,,,,
2.0,245.0,7.0,300.0,0.0,5.0,0.0,8.0,0.0,0.0,0.0,1.0,0.0,0.0,0.0,0.0,0.0,0.0,0.0,0.0,0.0,0.0,0.0,14.0,0.0,0.0,0.0,14.0,14.0,,,gaming_interest,gaming,,,,,,,,,,,1.0,1.0
2.0,290.5,6.5,0.0,0.0,0.0,0.0,7.0,0.0,0.0,0.0,6.0,0.0,0.0,0.0,0.0,0.0,0.0,0.0,0.0,0.0,0.0,0.0,13.0,0.0,0.0,0.0,13.0,13.0,,,gaming_interest,gaming,,,,,,,,,,,1.0,1.0
2.0,184.5,7.5,200.0,0.0,10.0,0.0,5.0,0.0,0.0,0.0,0.0,0.0,0.0,0.0,0.0,0.0,0.0,0.0,0.0,0.0,15.0,0.0,0.0,0.0,0.0,0.0,15.0,15.0,,,education_interest,education,,,,,,,1.0,1.0,,,,
2.0,285.0,9.0,45.0,0.0,7.0,6.0,0.0,0.0,0.0,0.0,0.0,5.0,0.0,0.0,0.0,0.0,0.0,0.0,18.0,6.0,0.0,0.0,0.0,0.0,0.0,0.0,18.0,18.0,,,food_interest,food,,,,,1.0,1.0,,,,,,
1.0,198.0,7.0,0.0,0.0,2.0,0.0,0.0,0.0,0.0,0.0,0.0,0.0,0.0,0.0,0.0,0.0,0.0,0.0,0.0,0.0,0.0,0.0,0.0,0.0,0.0,0.0,7.0,7.0,,,general_interest,general,,,,,,,,,1.0,1.0,,
2.0,263.0,6.5,200.0,0.0,9.0,0.0,4.0,0.0,0.0,0.0,0.0,0.0,0.0,0.0,0.0,0.0,0.0,0.0,0.0,0.0,13.0,0.0,0.0,0.0,0.0,0.0,13.0,13.0,,,education_interest,education,,,,,,,1.0,1.0,,,,
2.0,211.5,5.5,45.0,0.0,4.0,5.0,0.0,0.0,0.0,0.0,0.0,2.0,0.0,0.0,0.0,0.0,0.0,0.0,11.0,5.0,0.0,0.0,0.0,0.0,0.0,0.0,11.0,11.0,,,food_interest,food,,,,,1.0,1.0,,,,,,
2.0,190.0,6.0,300.0,0.0,4.0,0.0,4.0,0.0,0.0,0.0,4.0,0.0,0.0,0.0,0.0,0.0,0.0,0.0,0.0,0.0,0.0,0.0,12.0,0.0,0.0,0.0,12.0,12.0,,,gaming_interest,gaming,,,,,,,,,,,1.0,1.0
2.0,204.0,6.5,300.0,0.0,2.0,0.0,9.0,0.0,0.0,0.0,2.0,0.0,0.0,0.0,0.0,0.0,0.0,0.0,0.0,0.0,0.0,0.0,13.0,0.0,0.0,0.0,13.0,13.0,,,gaming_interest,gaming,,,,,,,,,,,1.0,1.0
2.0,248.0,6.5,45.0,0.0,6.0,4.0,0.0,0.0,0.0,0.0,0.0,3.0,0.0,0.0,0.0,0.0,0.0,0.0,13.0,4.0,0.0,0.0,0.0,0.0,0.0,0.0,13.0,13.0,,,food_interest,food,,,,,1.0,1.0,,,,,,
2.0,232.5,7.0,0.0,0.0,3.0,3.0,0.0,6.0,0.0,0.0,0.0,0.0,2.0,0.14285714285714285,0.0,0.0,14.0,3.0,0.0,0.0,0.0,0.0,0.0,0.0,0.0,0.0,14.0,14.0,,,crypto_interest,crypto,,,1.0,1.0,,,,,,,,
2.0,163.5,4.5,300.0,0.0,3.0,0.0,5.0,0.0,0.0,0.0,1.0,0.0,0.0,0.0,0.0,0.0,0.0,0.0,0.0,0.0,0.0,0.0,9.0,0.0,0.0,0.0,9.0,9.0,,,gaming_interest,gaming,,,,,,,,,,,1.0,1.0
2.0,163.5,6.0,45.0,0.0,6.0,3.0,0.0,0.0,0.0,0.0,0.0,3.0,0.0,0.0,0.0,0.0,0.0,0.0,12.0,3.0,0.0,0.0,0.0,0.0,0.0,0.0,12.0,12.0,,,food_interest,food,,,,,1.0,1.0,,,,,,
2.0,174.5,5.5,90.0,0.0,1.0,2.0,1.0,0.0,7.0,0.0,0.0,0.0,0.0,0.0,11.0,2.0,0.0,0.0,0.0,0.0,0.0,0.0,0.0,0.0,0.0,0.0,11.0,11.0,,,fashion_interest,fashion,1.0,1.0,,,,,,,,,,
2.0,284.0,8.5,45.0,0.0,4.0,7.0,0.0,0.0,0.0,0.0,0.0,6.0,0.0,0.0,0.0,0.0,0.0,0.0,17.0,7.0,0.0,0.0,0.0,0.0,0.0,0.0,17.0,17.0,,,food_interest,food,,,,,1.0,1.0,,,,,,
2.0,315.0,8.5,120.0,0.0,5.0,3.0,0.0,5.0,0.0,0.0,0.0,0.0,4.0,0.23529411764705882,0.0,0.0,17.0,3.0,0.0,0.0,0.0,0.0,0.0,0.0,0.0,0.0,17.0,17.0,,,crypto_interest,crypto,,,1.0,1.0,,,,,,,,
2.0,258.0,8.0,90.0,0.0,7.0,4.0,1.0,0.0,4.0,0.0,0.0,0.0,0.0,0.0,16.0,4.0,0.0,0.0,0.0,0.0,0.0,0.0,0.0,0.0,0.0,0.0,16.0,16.0,,,fashion_interest,fashion,1.0,1.0,,,,,,,,,,
2.0,377.5,8.0,45.0,0.0,5.0,6.0,0.0,0.0,0.0,0.0,0.0,5.0,0.0,0.0,0.0,0.0,0.0,0.0,16.0,6.0,0.0,0.0,0.0,0.0,0.0,0.0,16.0,16.0,,,food_interest,food,,,,,1.0,1.0,,,,,,
2.0,218.0,6.0,200.0,0.0,10.0,0.0,2.0,0.0,0.0,0.0,0.0,0.0,0.0,0.0,0.0,0.0,0.0,0.0,0.0,0.0,12.0,0.0,0.0,0.0,0.0,0.0,12.0,12.0,,,education_interest,education,,,,,,,1.0,1.0,,,,
2.0,160.0,5.5,120.0,0.0,6.0,2.0,0.0,3.0,0.0,0.0,0.0,0.0,0.0,0.0,0.0,0.0,11.0,2.0,0.0,0.0,0.0,0.0,0.0,0.0,0.0,0.0,11.0,11.0,,,crypto_interest,crypto,,,1.0,1.0,,,,,,,,
2.0,210.0,6.5,45.0,0.0,6.0,1.0,0.0,0.0,0.0,0.0,0.0,6.0,0.0,0.0,0.0,0.0,0.0,0.0,13.0,1.0,0.0,0.0,0.0,0.0,0.0,0.0,13.0,13.0,,,food_interest,food,,,,,1.0,1.0,,,,,,
2.0,314.5,8.5,200.0,0.0,13.0,0.0,4.0,0.0,0.0,0.0,0.0,0.0,0.0,0.0,0.0,0.0,0.0,0.0,0.0,0.0,17.0,0.0,0.0,0.0,0.0,0.0,17.0,17.0,,,education_interest,education,,,,,,,1.0,1.0,,,,
2.0,249.0,7.0,45.0,0.0,6.0,3.0,0.0,0.0,0.0,0.0,0.0,5.0,0.0,0.0,0.0,0.0,0.0,0.0,14.0,3.0,0.0,0.0,0.0,0.0,0.0,0.0,14.0,14.0,,,food_interest,food,,,,,1.0,1.0,,,,,,
2.0,210.0,5.0,90.0,0.0,3.0,3.0,1.0,0.0,3.0,0.0,0.0,0.0,0.0,0.0,10.0,3.0,0.0,0.0,0.0,0.0,0.0,0.0,0.0,0.0,0.0,0.0,10.0,10.0,,,fashion_interest,fashion,1.0,1.0,,,,,,,,,,
2.0,211.0,6.5,120.0,0.0,7.0,2.0,0.0,2.0,0.0,0.0,0.0,0.0,2.0,0.15384615384615385,0.0,0.0,13.0,2.0,0.0,0.0,0.0,0.0,0.0,0.0,0.0,0.0,13.0,13.0,,,crypto_interest,crypto,,,1.0,1.0,,,,,,,,
2.0,163.5,6.5,60.0,0.0,2.0,0.0,0.0,0.0,0.0,0.0,0.0,2.0,9.0,0.6923076923076923,0.0,0.0,0.0,0.0,0.0,0.0,0.0,0.0,0.0,0.0,13.0,0.0,13.0,13.0,1.0,1.0,fintech_interest,fintech,,,,,,,,,,,,
2.0,232.5,7.0,90.0,0.0,5.0,4.0,4.0,0.0,1.0,0.0,0.0,0.0,0.0,0.0,14.0,4.0,0.0,0.0,0.0,0.0,0.0,0.0,0.0,0.0,0.0,0.0,14.0,14.0,,,fashion_interest,fashion,1.0,1.0,,,,,,,,,,
2.0,152.0,6.5,200.0,0.0,11.0,0.0,2.0,0.0,0.0,0.0,0.0,0.0,0.0,0.0,0.0,0.0,0.0,0.0,0.0,0.0,13.0,0.0,0.0,0.0,0.0,0.0,13.0,13.0,,,education_interest,education,,,,,,,1.0,1.0,,,,
2.0,415.0,9.0,45.0,0.0,4.0,5.0,0.0,0.0,0.0,0.0,0.0,9.0,0.0,0.0,0.0,0.0,0.0,0.0,18.0,5.0,0.0,0.0,0.0,0.0,0.0,0.0,18.0,18.0,,,food_interest,food,,,,,1.0,1.0,,,,,,
2.0,248.0,7.5,200.0,0.0,9.0,0.0,6.0,0.0,0.0,0.0,0.0,0.0,0.0,0.0,0.0,0.0,0.0,0.0,0.0,0.0,15.0,0.0,0.0,0.0,0.0,0.0,15.0,15.0,,,education_interest,education,,,,,,,1.0,1.0,,,,
2.0,119.5,4.5,300.0,0.0,2.0,0.0,5.0,0.0,0.0,0.0,2.0,0.0,0.0,0.0,0.0,0.0,0.0,0.0,0.0,0.0,0.0,0.0,9.0,0.0,0.0,0.0,9.0,9.0,,,gaming_interest,gaming,,,,,,,,,,,1.0,1.0
2.0,229.0,8.5,90.0,0.0,7.0,2.0,2.0,0.0,6.0,0.0,0.0,0.0,0.0,0.0,17.0,2.0,0.0,0.0,0.0,0.0,0.0,0.0,0.0,0.0,0.0,0.0,17.0,17.0,,,fashion_interest,fashion,1.0,1.0,,,,,,,,,,
1.0,150.0,4.0,0.0,0.0,1.0,0.0,0.0,0.0,0.0,0.0,0.0,0.0,0.0,0.0,0.0,0.0,0.0,0.0,0.0,0.0,0.0,0.0,0.0,0.0,0.0,0.0,4.0,4.0,,,general_interest,general,,,,,,,,,1.0,1.0,,
2.0,233.0,5.5,200.0,0.0,7.0,0.0,4.0,0.0,0.0,0.0,0.0,0.0,0.0,0.0,0.0,0.0,0.0,0.0,0.0,0.0,11.0,0.0,0.0,0.0,0.0,0.0,11.0,11.0,,,education_interest,education,,,,,,,1.0,1.0,,,,
2.0,278.0,7.5,45.0,0.0,4.0,6.0,0.0,0.0,0.0,0.0,0.0,5.0,0.0,0.0,0.0,0.0,0.0,0.0,15.0,6.0,0.0,0.0,0.0,0.0,0.0,0.0,15.0,15.0,,,food_interest,food,,,,,1.0,1.0,,,,,,
2.0,74.0,5.0,300.0,0.0,3.0,0.0,4.0,0.0,0.0,0.0,3.0,0.0,0.0,0.0,0.0,0.0,0.0,0.0,0.0,0.0,0.0,0.0,10.0,0.0,0.0,0.0,10.0,10.0,,,gaming_interest,gaming,,,,,,,,,,,1.0,1.0
1.0,357.0,10.0,0.0,0.0,2.0,0.0,0.0,0.0,0.0,0.0,0.0,0.0,0.0,0.0,0.0,0.0,0.0,0.0,0.0,0.0,0.0,0.0,0.0,0.0,0.0,0.0,10.0,10.0,,,general_interest,general,,,,,,,,,1.0,1.0,,
2.0,336.5,7.5,60.0,0.0,3.0,0.0,0.0,0.0,0.0,0.0,0.0,3.0,9.0,0.6,0.0,0.0,0.0,0.0,0.0,0.0,0.0,0.0,0.0,0.0,15.0,0.0,15.0,15.0,1.0,1.0,fintech_interest,fintech,,,,,,,,,,,,
2.0,212.5,9.0,300.0,0.0,8.0,0.0,7.0,0.0,0.0,0.0,3.0,0.0,0.0,0.0,0.0,0.0,0.0,0.0,0.0,0.0,0.0,0.0,18.0,0.0,0.0,0.0,18.0,18.0,,,gaming_interest,gaming,,,,,,,,,,,1.0,1.0
2.0,303.0,8.0,200.0,0.0,11.0,0.0,5.0,0.0,0.0,0.0,0.0,0.0,0.0,0.0,0.0,0.0,0.0,0.0,0.0,0.0,16.0,0.0,0.0,0.0,0.0,0.0,16.0,16.0,,,education_interest,education,,,,,,,1.0,1.0,,,,
2.0,165.0,5.0,45.0,0.0,4.0,2.0,0.0,0.0,0.0,0.0,0.0,4.0,0.0,0.0,0.0,0.0,0.0,0.0,10.0,2.0,0.0,0.0,0.0,0.0,0.0,0.0,10.0,10.0,,,food_interest,food,,,,,1.0,1.0,,,,,,
2.0,146.0,7.0,300.0,0.0,4.0,0.0,7.0,0.0,0.0,0.0,3.0,0.0,0.0,0.0,0.0,0.0,0.0,0.0,0.0,0.0,0.0,0.0,14.0,0.0,0.0,0.0,14.0,14.0,,,gaming_interest,gaming,,,,,,,,,,,1.0,1.0
2.0,183.0,5.5,45.0,0.0,4.0,3.0,0.0,0.0,0.0,0.0,0.0,4.0,0.0,0.0,0.0,0.0,0.0,0.0,11.0,3.0,0.0,0.0,0.0,0.0,0.0,0.0,11.0,11.0,,,food_interest,food,,,,,1.0,1.0,,,,,,
2.0,171.5,6.5,60.0,0.0,9.0,0.0,0.0,0.0,0.0,0.0,0.0,3.0,1.0,0.07692307692307693,0.0,0.0,0.0,0.0,0.0,0.0,0.0,0.0,0.0,0.0,13.0,0.0,13.0,13.0,1.0,1.0,fintech_interest,fintech,,,,,,,,,,,,
1.0,423.0,10.0,0.0,0.0,6.0,0.0,0.0,0.0,0.0,0.0,0.0,0.0,0.0,0.0,0.0,0.0,0.0,0.0,0.0,0.0,0.0,0.0,0.0,0.0,0.0,0.0,10.0,10.0,,,general_interest,general,,,,,,,,,1.0,1.0,,
2.0,322.0,8.5,45.0,0.0,3.0,9.0,0.0,0.0,0.0,0.0,0.0,5.0,0.0,0.0,0.0,0.0,0.0,0.0,17.0,9.0,0.0,0.0,0.0,0.0,0.0,0.0,17.0,17.0,,,food_interest,food,,,,,1.0,1.0,,,,,,
2.0,308.0,7.0,120.0,0.0,8.0,3.0,0.0,2.0,0.0,0.0,0.0,0.0,1.0,0.07142857142857142,0.0,0.0,14.0,3.0,0.0,0.0,0.0,0.0,0.0,0.0,0.0,0.0,14.0,14.0,,,crypto_interest,crypto,,,1.0,1.0,,,,,,,,
2.0,201.0,5.5,60.0,0.0,5.0,0.0,0.0,0.0,0.0,0.0,0.0,2.0,4.0,0.36363636363636365,0.0,0.0,0.0,0.0,0.0,0.0,0.0,0.0,0.0,0.0,11.0,0.0,11.0,11.0,1.0,1.0,fintech_interest,fintech,,,,,,,,,,,,
2.0,134.5,6.5,90.0,0.0,5.0,3.0,2.0,0.0,3.0,0.0,0.0,0.0,0.0,0.0,13.0,3.0,0.0,0.0,0.0,0.0,0.0,0.0,0.0,0.0,0.0,0.0,13.0,13.0,,,fashion_interest,fashion,1.0,1.0,,,,,,,,,,
2.0,247.0,7.0,60.0,0.0,9.0,0.0,0.0,0.0,0.0,0.0,0.0,5.0,0.0,0.0,0.0,0.0,0.0,0.0,0.0,0.0,0.0,0.0,0.0,0.0,14.0,0.0,14.0,14.0,1.0,1.0,fintech_interest,fintech,,,,,,,,,,,,
2.0,259.0,8.5,200.0,0.0,12.0,0.0,5.0,0.0,0.0,0.0,0.0,0.0,0.0,0.0,0.0,0.0,0.0,0.0,0.0,0.0,17.0,0.0,0.0,0.0,0.0,0.0,17.0,17.0,,,education_interest,education,,,,,,,1.0,1.0,,,,
2.0,399.0,8.5,90.0,0.0,4.0,5.0,4.0,0.0,4.0,0.0,0.0,0.0,0.0,0.0,17.0,5.0,0.0,0.0,0.0,0.0,0.0,0.0,0.0,0.0,0.0,0.0,17.0,17.0,,,fashion_interest,fashion,1.0,1.0,,,,,,,,,,
2.0,409.5,8.5,45.0,0.0,8.0,4.0,0.0,0.0,0.0,0.0,0.0,5.0,0.0,0.0,0.0,0.0,0.0,0.0,17.0,4.0,0.0,0.0,0.0,0.0,0.0,0.0,17.0,17.0,,,food_interest,food,,,,,1.0,1.0,,,,,,
2.0,71.5,4.0,0.0,0.0,0.0,4.0,2.0,0.0,2.0,0.0,0.0,0.0,0.0,0.0,8.0,4.0,0.0,0.0,0.0,0.0,0.0,0.0,0.0,0.0,0.0,0.0,8.0,8.0,,,fashion_interest,fashion,1.0,1.0,,,,,,,,,,
2.0,370.0,8.5,300.0,0.0,2.0,0.0,10.0,0.0,0.0,0.0,5.0,0.0,0.0,0.0,0.0,0.0,0.0,0.0,0.0,0.0,0.0,0.0,17.0,0.0,0.0,0.0,17.0,17.0,,,gaming_interest,gaming,,,,,,,,,,,1.0,1.0
2.0,296.0,8.0,90.0,0.0,4.0,3.0,7.0,0.0,2.0,0.0,0.0,0.0,0.0,0.0,16.0,3.0,0.0,0.0,0.0,0.0,0.0,0.0,0.0,0.0,0.0,0.0,16.0,16.0,,,fashion_interest,fashion,1.0,1.0,,,,,,,,,,
2.0,221.5,5.5,45.0,0.0,4.0,3.0,0.0,0.0,0.0,0.0,0.0,4.0,0.0,0.0,0.0,0.0,0.0,0.0,11.0,3.0,0.0,0.0,0.0,0.0,0.0,0.0,11.0,11.0,,,food_interest,food,,,,,1.0,1.0,,,,,,
2.0,201.0,6.0,90.0,0.0,6.0,0.0,2.0,0.0,4.0,0.0,0.0,0.0,0.0,0.0,12.0,0.0,0.0,0.0,0.0,0.0,0.0,0.0,0.0,0.0,0.0,0.0,12.0,12.0,,,fashion_interest,fashion,1.0,1.0,,,,,,,,,,
2.0,147.5,6.0,45.0,0.0,3.0,3.0,0.0,0.0,0.0,0.0,0.0,6.0,0.0,0.0,0.0,0.0,0.0,0.0,12.0,3.0,0.0,0.0,0.0,0.0,0.0,0.0,12.0,12.0,,,food_interest,food,,,,,1.0,1.0,,,,,,
2.0,250.5,7.5,90.0,0.0,4.0,5.0,2.0,0.0,4.0,0.0,0.0,0.0,0.0,0.0,15.0,5.0,0.0,0.0,0.0,0.0,0.0,0.0,0.0,0.0,0.0,0.0,15.0,15.0,,,fashion_interest,fashion,1.0,1.0,,,,,,,,,,
1.0,220.0,7.0,0.0,0.0,3.0,0.0,0.0,0.0,0.0,0.0,0.0,0.0,0.0,0.0,0.0,0.0,0.0,0.0,0.0,0.0,0.0,0.0,0.0,0.0,0.0,0.0,7.0,7.0,,,general_interest,general,,,,,,,,,1.0,1.0,,
2.0,318.0,8.5,60.0,0.0,4.0,0.0,0.0,0.0,0.0,0.0,0.0,7.0,6.0,0.35294117647058826,0.0,0.0,0.0,0.0,0.0,0.0,0.0,0.0,0.0,0.0,17.0,0.0,17.0,17.0,1.0,1.0,fintech_interest,fintech,,,,,,,,,,,,
2.0,254.0,5.5,300.0,0.0,3.0,0.0,4.0,0.0,0.0,0.0,4.0,0.0,0.0,0.0,0.0,0.0,0.0,0.0,0.0,0.0,0.0,0.0,11.0,0.0,0.0,0.0,11.0,11.0,,,gaming_interest,gaming,,,,,,,,,,,1.0,1.0
2.0,216.0,6.0,200.0,0.0,6.0,0.0,6.0,0.0,0.0,0.0,0.0,0.0,0.0,0.0,0.0,0.0,0.0,0.0,0.0,0.0,12.0,0.0,0.0,0.0,0.0,0.0,12.0,12.0,,,education_interest,education,,,,,,,1.0,1.0,,,,
2.0,206.0,8.5,200.0,0.0,12.0,0.0,5.0,0.0,0.0,0.0,0.0,0.0,0.0,0.0,0.0,0.0,0.0,0.0,0.0,0.0,17.0,0.0,0.0,0.0,0.0,0.0,17.0,17.0,,,education_interest,education,,,,,,,1.0,1.0,,,,
1.0,350.0,8.0,0.0,0.0,1.0,0.0,0.0,0.0,0.0,0.0,0.0,0.0,0.0,0.0,0.0,0.0,0.0,0.0,0.0,0.0,0.0,0.0,0.0,0.0,0.0,0.0,8.0,8.0,,,general_interest,general,,,,,,,,,1.0,1.0,,
2.0,237.0,7.5,45.0,0.0,3.0,6.0,0.0,0.0,0.0,0.0,0.0,6.0,0.0,0.0,0.0,0.0,0.0,0.0,15.0,6.0,0.0,0.0,0.0,0.0,0.0,0.0,15.0,15.0,,,food_interest,food,,,,,1.0,1.0,,,,,,
2.0,167.5,7.5,60.0,0.0,7.0,0.0,0.0,0.0,0.0,0.0,0.0,3.0,5.0,0.3333333333333333,0.0,0.0,0.0,0.0,0.0,0.0,0.0,0.0,0.0,0.0,15.0,0.0,15.0,15.0,1.0,1.0,fintech_interest,fintech,,,,,,,,,,,,
2.0,340.0,8.0,120.0,0.0,7.0,2.0,0.0,4.0,0.0,0.0,0.0,0.0,3.0,0.1875,0.0,0.0,16.0,2.0,0.0,0.0,0.0,0.0,0.0,0.0,0.0,0.0,16.0,16.0,,,crypto_interest,crypto,,,1.0,1.0,,,,,,,,
2.0,256.0,8.0,120.0,0.0,4.0,6.0,0.0,3.0,0.0,0.0,0.0,0.0,3.0,0.1875,0.0,0.0,16.0,6.0,0.0,0.0,0.0,0.0,0.0,0.0,0.0,0.0,16.0,16.0,,,crypto_interest,crypto,,,1.0,1.0,,,,,,,,
2.0,344.0,9.0,120.0,0.0,4.0,5.0,0.0,7.0,0.0,0.0,0.0,0.0,2.0,0.1111111111111111,0.0,0.0,18.0,5.0,0.0,0.0,0.0,0.0,0.0,0.0,0.0,0.0,18.0,18.0,,,crypto_interest,crypto,,,1.0,1.0,,,,,,,,
2.0,214.0,5.5,45.0,0.0,4.0,3.0,0.0,0.0,0.0,0.0,0.0,4.0,0.0,0.0,0.0,0.0,0.0,0.0,11.0,3.0,0.0,0.0,0.0,0.0,0.0,0.0,11.0,11.0,,,food_interest,food,,,,,1.0,1.0,,,,,,
2.0,359.5,9.0,60.0,0.0,3.0,0.0,0.0,0.0,0.0,0.0,0.0,8.0,7.0,0.3888888888888889,0.0,0.0,0.0,0.0,0.0,0.0,0.0,0.0,0.0,0.0,18.0,0.0,18.0,18.0,1.0,1.0,fintech_interest,fintech,,,,,,,,,,,,
2.0,271.5,8.0,120.0,0.0,6.0,4.0,0.0,2.0,0.0,0.0,0.0,0.0,4.0,0.25,0.0,0.0,16.0,4.0,0.0,0.0,0.0,0.0,0.0,0.0,0.0,0.0,16.0,16.0,,,crypto_interest,crypto,,,1.0,1.0,,,,,,,,
1.0,177.0,6.0,0.0,0.0,1.0,0.0,0.0,0.0,0.0,0.0,0.0,0.0,0.0,0.0,0.0,0.0,0.0,0.0,0.0,0.0,0.0,0.0,0.0,0.0,0.0,0.0,6.0,6.0,,,general_interest,general,,,,,,,,,1.0,1.0,,
2.0,300.0,7.5,200.0,0.0,10.0,0.0,5.0,0.0,0.0,0.0,0.0,0.0,0.0,0.0,0.0,0.0,0.0,0.0,0.0,0.0,15.0,0.0,0.0,0.0,0.0,0.0,15.0,15.0,,,education_interest,education,,,,,,,1.0,1.0,,,,
2.0,300.5,7.0,90.0,0.0,2.0,2.0,6.0,0.0,4.0,0.0,0.0,0.0,0.0,0.0,14.0,2.0,0.0,0.0,0.0,0.0,0.0,0.0,0.0,0.0,0.0,0.0,14.0,14.0,,,fashion_interest,fashion,1.0,1.0,,,,,,,,,,
1.0,288.0,8.0,0.0,0.0,5.0,0.0,0.0,0.0,0.0,0.0,0.0,0.0,0.0,0.0,0.0,0.0,0.0,0.0,0.0,0.0,0.0,0.0,0.0,0.0,0.0,0.0,8.0,8.0,,,general_interest,general,,,,,,,,,1.0,1.0,,
2.0,197.0,6.5,120.0,0.0,9.0,0.0,0.0,0.0,0.0,0.0,0.0,0.0,4.0,0.3076923076923077,0.0,0.0,13.0,0.0,0.0,0.0,0.0,0.0,0.0,0.0,0.0,0.0,13.0,13.0,,,general_interest,crypto,,,1.0,1.0,,,,,,,,
2.0,166.0,5.5,300.0,0.0,2.0,0.0,5.0,0.0,0.0,0.0,4.0,0.0,0.0,0.0,0.0,0.0,0.0,0.0,0.0,0.0,0.0,0.0,11.0,0.0,0.0,0.0,11.0,11.0,,,gaming_interest,gaming,,,,,,,,,,,1.0,1.0
2.0,152.5,7.5,90.0,0.0,4.0,3.0,5.0,0.0,3.0,0.0,0.0,0.0,0.0,0.0,15.0,3.0,0.0,0.0,0.0,0.0,0.0,0.0,0.0,0.0,0.0,0.0,15.0,15.0,,,fashion_interest,fashion,1.0,1.0,,,,,,,,,,
2.0,246.0,7.0,300.0,0.0,3.0,0.0,5.0,0.0,0.0,0.0,6.0,0.0,0.0,0.0,0.0,0.0,0.0,0.0,0.0,0.0,0.0,0.0,14.0,0.0,0.0,0.0,14.0,14.0,,,gaming_interest,gaming,,,,,,,,,,,1.0,1.0
2.0,244.0,6.0,60.0,0.0,3.0,0.0,0.0,0.0,0.0,0.0,0.0,5.0,4.0,0.3333333333333333,0.0,0.0,0.0,0.0,0.0,0.0,0.0,0.0,0.0,0.0,12.0,0.0,12.0,12.0,1.0,1.0,fintech_interest,fintech,,,,,,,,,,,,
2.0,177.0,7.5,60.0,0.0,4.0,0.0,0.0,0.0,0.0,0.0,0.0,3.0,8.0,0.5333333333333333,0.0,0.0,0.0,0.0,0.0,0.0,0.0,0.0,0.0,0.0,15.0,0.0,15.0,15.0,1.0,1.0,fintech_interest,fintech,,,,,,,,,,,,
2.0,222.0,8.5,45.0,0.0,4.0,5.0,0.0,0.0,0.0,0.0,0.0,8.0,0.0,0.0,0.0,0.0,0.0,0.0,17.0,5.0,0.0,0.0,0.0,0.0,0.0,0.0,17.0,17.0,,,food_interest,food,,,,,1.0,1.0,,,,,,
2.0,99.5,6.0,200.0,0.0,9.0,0.0,3.0,0.0,0.0,0.0,0.0,0.0,0.0,0.0,0.0,0.0,0.0,0.0,0.0,0.0,12.0,0.0,0.0,0.0,0.0,0.0,12.0,12.0,,,education_interest,education,,,,,,,1.0,1.0,,,,
1.0,459.0,10.0,0.0,0.0,3.0,0.0,0.0,0.0,0.0,0.0,0.0,0.0,0.0,0.0,0.0,0.0,0.0,0.0,0.0,0.0,0.0,0.0,0.0,0.0,0.0,0.0,10.0,10.0,,,general_interest,general,,,,,,,,,1.0,1.0,,
2.0,221.0,6.5,60.0,0.0,3.0,0.0,0.0,0.0,0.0,0.0,0.0,4.0,6.0,0.46153846153846156,0.0,0.0,0.0,0.0,0.0,0.0,0.0,0.0,0.0,0.0,13.0,0.0,13.0,13.0,1.0,1.0,fintech_interest,fintech,,,,,,,,,,,,
2.0,352.0,9.5,60.0,0.0,5.0,0.0,0.0,0.0,0.0,0.0,0.0,7.0,7.0,0.3684210526315789,0.0,0.0,0.0,0.0,0.0,0.0,0.0,0.0,0.0,0.0,19.0,0.0,19.0,19.0,1.0,1.0,fintech_interest,fintech,,,,,,,,,,,,
2.0,110.0,5.0,300.0,0.0,1.0,0.0,7.0,0.0,0.0,0.0,2.0,0.0,0.0,0.0,0.0,0.0,0.0,0.0,0.0,0.0,0.0,0.0,10.0,0.0,0.0,0.0,10.0,10.0,,,gaming_interest,gaming,,,,,,,,,,,1.0,1.0
2.0,399.0,8.5,120.0,0.0,9.0,2.0,0.0,2.0,0.0,0.0,0.0,0.0,4.0,0.23529411764705882,0.0,0.0,17.0,2.0,0.0,0.0,0.0,0.0,0.0,0.0,0.0,0.0,17.0,17.0,,,crypto_interest,crypto,,,1.0,1.0,,,,,,,,
2.0,212.0,6.0,200.0,0.0,8.0,0.0,4.0,0.0,0.0,0.0,0.0,0.0,0.0,0.0,0.0,0.0,0.0,0.0,0.0,0.0,12.0,0.0,0.0,0.0,0.0,0.0,12.0,12.0,,,education_interest,education,,,,,,,1.0,1.0,,,,
2.0,254.0,7.0,120.0,0.0,4.0,5.0,0.0,1.0,0.0,0.0,0.0,0.0,4.0,0.2857142857142857,0.0,0.0,14.0,5.0,0.0,0.0,0.0,0.0,0.0,0.0,0.0,0.0,14.0,14.0,,,crypto_interest,crypto,,,1.0,1.0,,,,,,,,
2.0,191.0,6.5,90.0,0.0,1.0,3.0,2.0,0.0,7.0,0.0,0.0,0.0,0.0,0.0,13.0,3.0,0.0,0.0,0.0,0.0,0.0,0.0,0.0,0.0,0.0,0.0,13.0,13.0,,,fashion_interest,fashion,1.0,1.0,,,,,,,,,,
2.0,321.0,8.5,45.0,0.0,5.0,5.0,0.0,0.0,0.0,0.0,0.0,7.0,0.0,0.0,0.0,0.0,0.0,0.0,17.0,5.0,0.0,0.0,0.0,0.0,0.0,0.0,17.0,17.0,,,food_interest,food,,,,,1.0,1.0,,,,,,
2.0,167.5,5.5,300.0,0.0,2.0,0.0,6.0,0.0,0.0,0.0,3.0,0.0,0.0,0.0,0.0,0.0,0.0,0.0,0.0,0.0,0.0,0.0,11.0,0.0,0.0,0.0,11.0,11.0,,,gaming_interest,gaming,,,,,,,,,,,1.0,1.0
1.0,285.0,7.0,0.0,0.0,1.0,0.0,0.0,0.0,0.0,0.0,0.0,0.0,0.0,0.0,0.0,0.0,0.0,0.0,0.0,0.0,0.0,0.0,0.0,0.0,0.0,0.0,7.0,7.0,,,general_interest,general,,,,,,,,,1.0,1.0,,
2.0,420.0,9.5,45.0,0.0,4.0,7.0,0.0,0.0,0.0,0.0,0.0,8.0,0.0,0.0,0.0,0.0,0.0,0.0,19.0,7.0,0.0,0.0,0.0,0.0,0.0,0.0,19.0,19.0,,,food_interest,food,,,,,1.0,1.0,,,,,,
2.0,174.0,6.5,45.0,0.0,3.0,3.0,0.0,0.0,0.0,0.0,0.0,7.0,0.0,0.0,0.0,0.0,0.0,0.0,13.0,3.0,0.0,0.0,0.0,0.0,0.0,0.0,13.0,13.0,,,food_interest,food,,,,,1.0,1.0,,,,,,
1.0,322.0,8.0,0.0,0.0,4.0,0.0,0.0,0.0,0.0,0.0,0.0,0.0,0.0,0.0,0.0,0.0,0.0,0.0,0.0,0.0,0.0,0.0,0.0,0.0,0.0,0.0,8.0,8.0,,,general_interest,general,,,,,,,,,1.0,1.0,,
2.0,362.5,10.0,60.0,0.0,5.0,0.0,0.0,0.0,0.0,0.0,0.0,8.0,7.0,0.35,0.0,0.0,0.0,0.0,0.0,0.0,0.0,0.0,0.0,0.0,20.0,0.0,20.0,20.0,1.0,1.0,fintech_interest,fintech,,,,,,,,,,,,
2.0,109.0,4.5,200.0,0.0,5.0,0.0,4.0,0.0,0.0,0.0,0.0,0.0,0.0,0.0,0.0,0.0,0.0,0.0,0.0,0.0,9.0,0.0,0.0,0.0,0.0,0.0,9.0,9.0,,,education_interest,education,,,,,,,1.0,1.0,,,,
2.0,124.0,5.0,60.0,0.0,4.0,0.0,0.0,0.0,0.0,0.0,0.0,0.0,6.0,0.6,0.0,0.0,0.0,0.0,0.0,0.0,0.0,0.0,0.0,0.0,10.0,0.0,10.0,10.0,1.0,1.0,fintech_interest,fintech,,,,,,,,,,,,
2.0,195.0,7.0,200.0,0.0,7.0,0.0,7.0,0.0,0.0,0.0,0.0,0.0,0.0,0.0,0.0,0.0,0.0,0.0,0.0,0.0,14.0,0.0,0.0,0.0,0.0,0.0,14.0,14.0,,,education_interest,education,,,,,,,1.0,1.0,,,,
2.0,145.5,4.5,60.0,0.0,1.0,0.0,0.0,0.0,0.0,0.0,0.0,0.0,8.0,0.8888888888888888,0.0,0.0,0.0,0.0,0.0,0.0,0.0,0.0,0.0,0.0,9.0,0.0,9.0,9.0,1.0,1.0,fintech_interest,fintech,,,,,,,,,,,,
1.0,111.0,4.0,0.0,0.0,2.0,0.0,0.0,0.0,0.0,0.0,0.0,0.0,0.0,0.0,0.0,0.0,0.0,0.0,0.0,0.0,0.0,0.0,0.0,0.0,0.0,0.0,4.0,4.0,,,general_interest,general,,,,,,,,,1.0,1.0,,
2.0,376.0,9.5,60.0,0.0,6.0,0.0,0.0,0.0,0.0,0.0,0.0,8.0,5.0,0.2631578947368421,0.0,0.0,0.0,0.0,0.0,0.0,0.0,0.0,0.0,0.0,19.0,0.0,19.0,19.0,1.0,1.0,fintech_interest,fintech,,,,,,,,,,,,
2.0,188.0,7.0,60.0,0.0,5.0,0.0,0.0,0.0,0.0,0.0,0.0,2.0,7.0,0.5,0.0,0.0,0.0,0.0,0.0,0.0,0.0,0.0,0.0,0.0,14.0,0.0,14.0,14.0,1.0,1.0,fintech_interest,fintech,,,,,,,,,,,,
2.0,268.0,6.0,200.0,0.0,9.0,0.0,3.0,0.0,0.0,0.0,0.0,0.0,0.0,0.0,0.0,0.0,0.0,0.0,0.0,0.0,12.0,0.0,0.0,0.0,0.0,0.0,12.0,12.0,,,education_interest,education,,,,,,,1.0,1.0,,,,
2.0,158.5,5.0,200.0,0.0,6.0,0.0,4.0,0.0,0.0,0.0,0.0,0.0,0.0,0.0,0.0,0.0,0.0,0.0,0.0,0.0,10.0,0.0,0.0,0.0,0.0,0.0,10.0,10.0,,,education_interest,education,,,,,,,1.0,1.0,,,,
2.0,264.5,8.0,120.0,0.0,4.0,5.0,0.0,5.0,0.0,0.0,0.0,0.0,2.0,0.125,0.0,0.0,16.0,5.0,0.0,0.0,0.0,0.0,0.0,0.0,0.0,0.0,16.0,16.0,,,crypto_interest,crypto,,,1.0,1.0,,,,,,,,
2.0,295.5,9.5,200.0,0.0,12.0,0.0,7.0,0.0,0.0,0.0,0.0,0.0,0.0,0.0,0.0,0.0,0.0,0.0,0.0,0.0,19.0,0.0,0.0,0.0,0.0,0.0,19.0,19.0,,,education_interest,education,,,,,,,1.0,1.0,,,,
2.0,105.0,4.0,200.0,0.0,6.0,0.0,2.0,0.0,0.0,0.0,0.0,0.0,0.0,0.0,0.0,0.0,0.0,0.0,0.0,0.0,8.0,0.0,0.0,0.0,0.0,0.0,8.0,8.0,,,education_interest,education,,,,,,,1.0,1.0,,,,
2.0,345.0,9.0,45.0,0.0,7.0,3.0,0.0,0.0,0.0,0.0,0.0,8.0,0.0,0.0,0.0,0.0,0.0,0.0,18.0,3.0,0.0,0.0,0.0,0.0,0.0,0.0,18.0,18.0,,,food_interest,food,,,,,1.0,1.0,,,,,,
2.0,265.0,8.5,45.0,0.0,7.0,6.0,0.0,0.0,0.0,0.0,0.0,4.0,0.0,0.0,0.0,0.0,0.0,0.0,17.0,6.0,0.0,0.0,0.0,0.0,0.0,0.0,17.0,17.0,,,food_interest,food,,,,,1.0,1.0,,,,,,
2.0,92.5,4.0,45.0,0.0,5.0,2.0,0.0,0.0,0.0,0.0,0.0,1.0,0.0,0.0,0.0,0.0,0.0,0.0,8.0,2.0,0.0,0.0,0.0,0.0,0.0,0.0,8.0,8.0,,,food_interest,food,,,,,1.0,1.0,,,,,,
1.0,175.0,7.0,0.0,0.0,1.0,0.0,0.0,0.0,0.0,0.0,0.0,0.0,0.0,0.0,0.0,0.0,0.0,0.0,0.0,0.0,0.0,0.0,0.0,0.0,0.0,0.0,7.0,7.0,,,general_interest,general,,,,,,,,,1.0,1.0,,
2.0,363.5,9.5,90.0,0.0,7.0,2.0,4.0,0.0,6.0,0.0,0.0,0.0,0.0,0.0,19.0,2.0,0.0,0.0,0.0,0.0,0.0,0.0,0.0,0.0,0.0,0.0,19.0,19.0,,,fashion_interest,fashion,1.0,1.0,,,,,,,,,,
2.0,307.0,8.0,0.0,0.0,4.0,6.0,0.0,2.0,0.0,0.0,0.0,0.0,4.0,0.25,0.0,0.0,16.0,6.0,0.0,0.0,0.0,0.0,0.0,0.0,0.0,0.0,16.0,16.0,,,crypto_interest,crypto,,,1.0,1.0,,,,,,,,
2.0,150.0,5.5,45.0,0.0,1.0,5.0,0.0,0.0,0.0,0.0,0.0,5.0,0.0,0.0,0.0,0.0,0.0,0.0,11.0,5.0,0.0,0.0,0.0,0.0,0.0,0.0,11.0,11.0,,,food_interest,food,,,,,1.0,1.0,,,,,,
2.0,144.0,6.0,120.0,0.0,6.0,2.0,0.0,3.0,0.0,0.0,0.0,0.0,1.0,0.08333333333333333,0.0,0.0,12.0,2.0,0.0,0.0,0.0,0.0,0.0,0.0,0.0,0.0,12.0,12.0,,,crypto_interest,crypto,,,1.0,1.0,,,,,,,,
1.0,378.0,9.0,0.0,0.0,1.0,0.0,0.0,0.0,0.0,0.0,0.0,0.0,0.0,0.0,0.0,0.0,0.0,0.0,0.0,0.0,0.0,0.0,0.0,0.0,0.0,0.0,9.0,9.0,,,general_interest,general,,,,,,,,,1.0,1.0,,
2.0,202.0,7.0,60.0,0.0,7.0,0.0,0.0,0.0,0.0,0.0,0.0,1.0,6.0,0.42857142857142855,0.0,0.0,0.0,0.0,0.0,0.0,0.0,0.0,0.0,0.0,14.0,0.0,14.0,14.0,1.0,1.0,fintech_interest,fintech,,,,,,,,,,,,
2.0,197.5,7.0,90.0,0.0,6.0,2.0,3.0,0.0,3.0,0.0,0.0,0.0,0.0,0.0,14.0,2.0,0.0,0.0,0.0,0.0,0.0,0.0,0.0,0.0,0.0,0.0,14.0,14.0,,,fashion_interest,fashion,1.0,1.0,,,,,,,,,,
2.0,410.0,9.5,200.0,0.0,16.0,0.0,3.0,0.0,0.0,0.0,0.0,0.0,0.0,0.0,0.0,0.0,0.0,0.0,0.0,0.0,19.0,0.0,0.0,0.0,0.0,0.0,19.0,19.0,,,education_interest,education,,,,,,,1.0,1.0,,,,
2.0,230.0,6.0,120.0,0.0,4.0,2.0,0.0,4.0,0.0,0.0,0.0,0.0,2.0,0.16666666666666666,0.0,0.0,12.0,2.0,0.0,0.0,0.0,0.0,0.0,0.0,0.0,0.0,12.0,12.0,,,crypto_interest,crypto,,,1.0,1.0,,,,,,,,
2.0,392.5,8.0,120.0,0.0,5.0,3.0,0.0,3.0,0.0,0.0,0.0,0.0,5.0,0.3125,0.0,0.0,16.0,3.0,0.0,0.0,0.0,0.0,0.0,0.0,0.0,0.0,16.0,16.0,,,crypto_interest,crypto,,,1.0,1.0,,,,,,,,
2.0,152.0,5.0,120.0,0.0,4.0,3.0,0.0,2.0,0.0,0.0,0.0,0.0,1.0,0.1,0.0,0.0,10.0,3.0,0.0,0.0,0.0,0.0,0.0,0.0,0.0,0.0,10.0,10.0,,,crypto_interest,crypto,,,1.0,1.0,,,,,,,,
2.0,112.5,5.0,300.0,0.0,4.0,0.0,3.0,0.0,0.0,0.0,3.0,0.0,0.0,0.0,0.0,0.0,0.0,0.0,0.0,0.0,0.0,0.0,10.0,0.0,0.0,0.0,10.0,10.0,,,gaming_interest,gaming,,,,,,,,,,,1.0,1.0
2.0,230.0,6.0,200.0,0.0,7.0,0.0,5.0,0.0,0.0,0.0,0.0,0.0,0.0,0.0,0.0,0.0,0.0,0.0,0.0,0.0,12.0,0.0,0.0,0.0,0.0,0.0,12.0,12.0,,,education_interest,education,,,,,,,1.0,1.0,,,,
2.0,294.0,6.5,200.0,0.0,9.0,0.0,4.0,0.0,0.0,0.0,0.0,0.0,0.0,0.0,0.0,0.0,0.0,0.0,0.0,0.0,13.0,0.0,0.0,0.0,0.0,0.0,13.0,13.0,,,education_interest,education,,,,,,,1.0,1.0,,,,
2.0,259.0,6.0,60.0,0.0,7.0,0.0,0.0,0.0,0.0,0.0,0.0,2.0,3.0,0.25,0.0,0.0,0.0,0.0,0.0,0.0,0.0,0.0,0.0,0.0,12.0,0.0,12.0,12.0,1.0,1.0,fintech_interest,fintech,,,,,,,,,,,,
2.0,144.0,6.5,120.0,0.0,5.0,3.0,0.0,3.0,0.0,0.0,0.0,0.0,2.0,0.15384615384615385,0.0,0.0,13.0,3.0,0.0,0.0,0.0,0.0,0.0,0.0,0.0,0.0,13.0,13.0,,,crypto_interest,crypto,,,1.0,1.0,,,,,,,,
2.0,331.5,9.5,200.0,0.0,10.0,0.0,9.0,0.0,0.0,0.0,0.0,0.0,0.0,0.0,0.0,0.0,0.0,0.0,0.0,0.0,19.0,0.0,0.0,0.0,0.0,0.0,19.0,19.0,,,education_interest,education,,,,,,,1.0,1.0,,,,
2.0,326.0,7.5,300.0,0.0,2.0,0.0,7.0,0.0,0.0,0.0,6.0,0.0,0.0,0.0,0.0,0.0,0.0,0.0,0.0,0.0,0.0,0.0,15.0,0.0,0.0,0.0,15.0,15.0,,,gaming_interest,gaming,,,,,,,,,,,1.0,1.0
2.0,182.0,7.5,200.0,0.0,10.0,0.0,5.0,0.0,0.0,0.0,0.0,0.0,0.0,0.0,0.0,0.0,0.0,0.0,0.0,0.0,15.0,0.0,0.0,0.0,0.0,0.0,15.0,15.0,,,education_interest,education,,,,,,,1.0,1.0,,,,
2.0,195.0,8.0,60.0,0.0,6.0,0.0,0.0,0.0,0.0,0.0,0.0,6.0,4.0,0.25,0.0,0.0,0.0,0.0,0.0,0.0,0.0,0.0,0.0,0.0,16.0,0.0,16.0,16.0,1.0,1.0,fintech_interest,fintech,,,,,,,,,,,,
2.0,303.5,8.5,200.0,0.0,8.0,0.0,9.0,0.0,0.0,0.0,0.0,0.0,0.0,0.0,0.0,0.0,0.0,0.0,0.0,0.0,17.0,0.0,0.0,0.0,0.0,0.0,17.0,17.0,,,education_interest,education,,,,,,,1.0,1.0,,,,
2.0,194.5,6.0,300.0,0.0,1.0,0.0,7.0,0.0,0.0,0.0,4.0,0.0,0.0,0.0,0.0,0.0,0.0,0.0,0.0,0.0,0.0,0.0,12.0,0.0,0.0,0.0,12.0,12.0,,,gaming_interest,gaming,,,,,,,,,,,1.0,1.0
2.0,198.0,7.0,120.0,0.0,5.0,5.0,0.0,3.0,0.0,0.0,0.0,0.0,1.0,0.07142857142857142,0.0,0.0,14.0,5.0,0.0,0.0,0.0,0.0,0.0,0.0,0.0,0.0,14.0,14.0,,,crypto_interest,crypto,,,1.0,1.0,,,,,,,,
2.0,371.0,9.5,45.0,0.0,5.0,5.0,0.0,0.0,0.0,0.0,0.0,9.0,0.0,0.0,0.0,0.0,0.0,0.0,19.0,5.0,0.0,0.0,0.0,0.0,0.0,0.0,19.0,19.0,,,food_interest,food,,,,,1.0,1.0,,,,,,
2.0,250.0,7.5,300.0,0.0,5.0,0.0,9.0,0.0,0.0,0.0,1.0,0.0,0.0,0.0,0.0,0.0,0.0,0.0,0.0,0.0,0.0,0.0,15.0,0.0,0.0,0.0,15.0,15.0,,,gaming_interest,gaming,,,,,,,,,,,1.0,1.0
2.0,164.0,6.0,60.0,0.0,5.0,0.0,0.0,0.0,0.0,0.0,0.0,3.0,4.0,0.3333333333333333,0.0,0.0,0.0,0.0,0.0,0.0,0.0,0.0,0.0,0.0,12.0,0.0,12.0,12.0,1.0,1.0,fintech_interest,fintech,,,,,,,,,,,,
2.0,259.0,6.5,300.0,0.0,3.0,0.0,7.0,0.0,0.0,0.0,3.0,0.0,0.0,0.0,0.0,0.0,0.0,0.0,0.0,0.0,0.0,0.0,13.0,0.0,0.0,0.0,13.0,13.0,,,gaming_interest,gaming,,,,,,,,,,,1.0,1.0
2.0,246.0,6.5,60.0,0.0,4.0,0.0,0.0,0.0,0.0,0.0,0.0,3.0,6.0,0.46153846153846156,0.0,0.0,0.0,0.0,0.0,0.0,0.0,0.0,0.0,0.0,13.0,0.0,13.0,13.0,1.0,1.0,fintech_interest,fintech,,,,,,,,,,,,
2.0,175.0,5.5,45.0,0.0,3.0,3.0,0.0,0.0,0.0,0.0,0.0,5.0,0.0,0.0,0.0,0.0,0.0,0.0,11.0,3.0,0.0,0.0,0.0,0.0,0.0,0.0,11.0,11.0,,,food_interest,food,,,,,1.0,1.0,,,,,,
1.0,140.0,5.0,0.0,0.0,1.0,0.0,0.0,0.0,0.0,0.0,0.0,0.0,0.0,0.0,0.0,0.0,0.0,0.0,0.0,0.0,0.0,0.0,0.0,0.0,0.0,0.0,5.0,5.0,,,general_interest,general,,,,,,,,,1.0,1.0,,
2.0,373.0,8.5,300.0,0.0,3.0,0.0,7.0,0.0,0.0,0.0,7.0,0.0,0.0,0.0,0.0,0.0,0.0,0.0,0.0,0.0,0.0,0.0,17.0,0.0,0.0,0.0,17.0,17.0,,,gaming_interest,gaming,,,,,,,,,,,1.0,1.0
2.0,162.0,6.5,120.0,0.0,2.0,4.0,0.0,4.0,0.0,0.0,0.0,0.0,3.0,0.23076923076923078,0.0,0.0,13.0,4.0,0.0,0.0,0.0,0.0,0.0,0.0,0.0,0.0,13.0,13.0,,,crypto_interest,crypto,,,1.0,1.0,,,,,,,,
1.0,348.0,8.0,0.0,0.0,2.0,0.0,0.0,0.0,0.0,0.0,0.0,0.0,0.0,0.0,0.0,0.0,0.0,0.0,0.0,0.0,0.0,0.0,0.0,0.0,0.0,0.0,8.0,8.0,,,general_interest,general,,,,,,,,,1.0,1.0,,
2.0,269.0,8.0,60.0,0.0,4.0,0.0,0.0,0.0,0.0,0.0,0.0,5.0,7.0,0.4375,0.0,0.0,0.0,0.0,0.0,0.0,0.0,0.0,0.0,0.0,16.0,0.0,16.0,16.0,1.0,1.0,fintech_interest,fintech,,,,,,,,,,,,
2.0,328.5,8.5,45.0,0.0,3.0,4.0,0.0,0.0,0.0,0.0,0.0,10.0,0.0,0.0,0.0,0.0,0.0,0.0,17.0,4.0,0.0,0.0,0.0,0.0,0.0,0.0,17.0,17.0,,,food_interest,food,,,,,1.0,1.0,,,,,,
2.0,161.0,5.5,90.0,0.0,2.0,5.0,2.0,0.0,2.0,0.0,0.0,0.0,0.0,0.0,11.0,5.0,0.0,0.0,0.0,0.0,0.0,0.0,0.0,0.0,0.0,0.0,11.0,11.0,,,fashion_interest,fashion,1.0,1.0,,,,,,,,,,
2.0,82.0,5.5,120.0,0.0,9.0,0.0,0.0,0.0,0.0,0.0,0.0,0.0,2.0,0.18181818181818182,0.0,0.0,11.0,0.0,0.0,0.0,0.0,0.0,0.0,0.0,0.0,0.0,11.0,11.0,,,general_interest,crypto,,,1.0,1.0,,,,,,,,
2.0,182.0,6.0,120.0,0.0,4.0,2.0,0.0,4.0,0.0,0.0,0.0,0.0,2.0,0.16666666666666666,0.0,0.0,12.0,2.0,0.0,0.0,0.0,0.0,0.0,0.0,0.0,0.0,12.0,12.0,,,crypto_interest,crypto,,,1.0,1.0,,,,,,,,
2.0,422.0,9.5,90.0,0.0,6.0,4.0,4.0,0.0,5.0,0.0,0.0,0.0,0.0,0.0,19.0,4.0,0.0,0.0,0.0,0.0,0.0,0.0,0.0,0.0,0.0,0.0,19.0,19.0,,,fashion_interest,fashion,1.0,1.0,,,,,,,,,,
1.0,486.0,10.0,0.0,0.0,5.0,0.0,0.0,0.0,0.0,0.0,0.0,0.0,0.0,0.0,0.0,0.0,0.0,0.0,0.0,0.0,0.0,0.0,0.0,0.0,0.0,0.0,10.0,10.0,,,general_interest,general,,,,,,,,,1.0,1.0,,
1.0,116.0,5.0,0.0,0.0,3.0,0.0,0.0,0.0,0.0,0.0,0.0,0.0,0.0,0.0,0.0,0.0,0.0,0.0,0.0,0.0,0.0,0.0,0.0,0.0,0.0,0.0,5.0,5.0,,,general_interest,general,,,,,,,,,1.0,1.0,,
2.0,286.0,8.0,120.0,0.0,7.0,4.0,0.0,2.0,0.0,0.0,0.0,0.0,3.0,0.1875,0.0,0.0,16.0,4.0,0.0,0.0,0.0,0.0,0.0,0.0,0.0,0.0,16.0,16.0,,,crypto_interest,crypto,,,1.0,1.0,,,,,,,,
2.0,315.5,7.5,300.0,0.0,3.0,0.0,9.0,0.0,0.0,0.0,3.0,0.0,0.0,0.0,0.0,0.0,0.0,0.0,0.0,0.0,0.0,0.0,15.0,0.0,0.0,0.0,15.0,15.0,,,gaming_interest,gaming,,,,,,,,,,,1.0,1.0
2.0,218.0,6.5,200.0,0.0,10.0,0.0,3.0,0.0,0.0,0.0,0.0,0.0,0.0,0.0,0.0,0.0,0.0,0.0,0.0,0.0,13.0,0.0,0.0,0.0,0.0,0.0,13.0,13.0,,,education_interest,education,,,,,,,1.0,1.0,,,,
2.0,163.0,7.0,200.0,0.0,7.0,0.0,7.0,0.0,0.0,0.0,0.0,0.0,0.0,0.0,0.0,0.0,0.0,0.0,0.0,0.0,14.0,0.0,0.0,0.0,0.0,0.0,14.0,14.0,,,education_interest,education,,,,,,,1.0,1.0,,,,
1.0,275.0,6.0,0.0,0.0,2.0,0.0,0.0,0.0,0.0,0.0,0.0,0.0,0.0,0.0,0.0,0.0,0.0,0.0,0.0,0.0,0.0,0.0,0.0,0.0,0.0,0.0,6.0,6.0,,,general_interest,general,,,,,,,,,1.0,1.0,,
2.0,332.5,9.5,90.0,0.0,3.0,9.0,2.0,0.0,5.0,0.0,0.0,0.0,0.0,0.0,19.0,9.0,0.0,0.0,0.0,0.0,0.0,0.0,0.0,0.0,0.0,0.0,19.0,19.0,,,fashion_interest,fashion,1.0,1.0,,,,,,,,,,
2.0,267.5,7.0,60.0,0.0,4.0,0.0,0.0,0.0,0.0,0.0,0.0,5.0,5.0,0.35714285714285715,0.0,0.0,0.0,0.0,0.0,0.0,0.0,0.0,0.0,0.0,14.0,0.0,14.0,14.0,1.0,1.0,fintech_interest,fintech,,,,,,,,,,,,
2.0,325.0,8.5,200.0,0.0,10.0,0.0,7.0,0.0,0.0,0.0,0.0,0.0,0.0,0.0,0.0,0.0,0.0,0.0,0.0,0.0,17.0,0.0,0.0,0.0,0.0,0.0,17.0,17.0,,,education_interest,education,,,,,,,1.0,1.0,,,,
1.0,171.0,7.0,0.0,0.0,2.0,0.0,0.0,0.0,0.0,0.0,0.0,0.0,0.0,0.0,0.0,0.0,0.0,0.0,0.0,0.0,0.0,0.0,0.0,0.0,0.0,0.0,7.0,7.0,,,general_interest,general,,,,,,,,,1.0,1.0,,
2.0,198.5,8.0,200.0,0.0,10.0,0.0,6.0,0.0,0.0,0.0,0.0,0.0,0.0,0.0,0.0,0.0,0.0,0.0,0.0,0.0,16.0,0.0,0.0,0.0,0.0,0.0,16.0,16.0,,,education_interest,education,,,,,,,1.0,1.0,,,,
2.0,92.0,4.0,45.0,0.0,3.0,3.0,0.0,0.0,0.0,0.0,0.0,2.0,0.0,0.0,0.0,0.0,0.0,0.0,8.0,3.0,0.0,0.0,0.0,0.0,0.0,0.0,8.0,8.0,,,food_interest,food,,,,,1.0,1.0,,,,,,
2.0,349.5,9.0,120.0,0.0,6.0,5.0,0.0,3.0,0.0,0.0,0.0,0.0,4.0,0.2222222222222222,0.0,0.0,18.0,5.0,0.0,0.0,0.0,0.0,0.0,0.0,0.0,0.0,18.0,18.0,,,crypto_interest,crypto,,,1.0,1.0,,,,,,,,
2.0,148.0,5.0,45.0,0.0,5.0,2.0,0.0,0.0,0.0,0.0,0.0,3.0,0.0,0.0,0.0,0.0,0.0,0.0,10.0,2.0,0.0,0.0,0.0,0.0,0.0,0.0,10.0,10.0,,,food_interest,food,,,,,1.0,1.0,,,,,,
1.0,342.0,9.0,0.0,0.0,4.0,0.0,0.0,0.0,0.0,0.0,0.0,0.0,0.0,0.0,0.0,0.0,0.0,0.0,0.0,0.0,0.0,0.0,0.0,0.0,0.0,0.0,9.0,9.0,,,general_interest,general,,,,,,,,,1.0,1.0,,
2.0,231.5,8.0,60.0,0.0,5.0,0.0,0.0,0.0,0.0,0.0,0.0,7.0,4.0,0.25,0.0,0.0,0.0,0.0,0.0,0.0,0.0,0.0,0.0,0.0,16.0,0.0,16.0,16.0,1.0,1.0,fintech_interest,fintech,,,,,,,,,,,,
1.0,58.0,4.0,0.0,0.0,1.0,0.0,0.0,0.0,0.0,0.0,0.0,0.0,0.0,0.0,0.0,0.0,0.0,0.0,0.0,0.0,0.0,0.0,0.0,0.0,0.0,0.0,4.0,4.0,,,general_interest,general,,,,,,,,,1.0,1.0,,
2.0,326.5,8.0,200.0,0.0,7.0,0.0,9.0,0.0,0.0,0.0,0.0,0.0,0.0,0.0,0.0,0.0,0.0,0.0,0.0,0.0,16.0,0.0,0.0,0.0,0.0,0.0,16.0,16.0,,,education_interest,education,,,,,,,1.0,1.0,,,,
2.0,128.5,4.5,200.0,0.0,6.0,0.0,3.0,0.0,0.0,0.0,0.0,0.0,0.0,0.0,0.0,0.0,0.0,0.0,0.0,0.0,9.0,0.0,0.0,0.0,0.0,0.0,9.0,9.0,,,education_interest,education,,,,,,,1.0,1.0,,,,
2.0,135.5,5.0,200.0,0.0,8.0,0.0,2.0,0.0,0.0,0.0,0.0,0.0,0.0,0.0,0.0,0.0,0.0,0.0,0.0,0.0,10.0,0.0,0.0,0.0,0.0,0.0,10.0,10.0,,,education_interest,education,,,,,,,1.0,1.0,,,,
2.0,104.0,4.5,120.0,0.0,3.0,3.0,0.0,2.0,0.0,0.0,0.0,0.0,1.0,0.1111111111111111,0.0,0.0,9.0,3.0,0.0,0.0,0.0,0.0,0.0,0.0,0.0,0.0,9.0,9.0,,,crypto_interest,crypto,,,1.0,1.0,,,,,,,,
2.0,150.0,6.0,300.0,0.0,5.0,0.0,6.0,0.0,0.0,0.0,1.0,0.0,0.0,0.0,0.0,0.0,0.0,0.0,0.0,0.0,0.0,0.0,12.0,0.0,0.0,0.0,12.0,12.0,,,gaming_interest,gaming,,,,,,,,,,,1.0,1.0
2.0,175.5,6.5,200.0,0.0,8.0,0.0,5.0,0.0,0.0,0.0,0.0,0.0,0.0,0.0,0.0,0.0,0.0,0.0,0.0,0.0,13.0,0.0,0.0,0.0,0.0,0.0,13.0,13.0,,,education_interest,education,,,,,,,1.0,1.0,,,,
2.0,126.0,6.0,200.0,0.0,8.0,0.0,4.0,0.0,0.0,0.0,0.0,0.0,0.0,0.0,0.0,0.0,0.0,0.0,0.0,0.0,12.0,0.0,0.0,0.0,0.0,0.0,12.0,12.0,,,education_interest,education,,,,,,,1.0,1.0,,,,
1.0,174.0,4.0,0.0,0.0,1.0,0.0,0.0,0.0,0.0,0.0,0.0,0.0,0.0,0.0,0.0,0.0,0.0,0.0,0.0,0.0,0.0,0.0,0.0,0.0,0.0,0.0,4.0,4.0,,,general_interest,general,,,,,,,,,1.0,1.0,,
2.0,93.5,4.0,200.0,0.0,6.0,0.0,2.0,0.0,0.0,0.0,0.0,0.0,0.0,0.0,0.0,0.0,0.0,0.0,0.0,0.0,8.0,0.0,0.0,0.0,0.0,0.0,8.0,8.0,,,education_interest,education,,,,,,,1.0,1.0,,,,
1.0,275.0,9.0,0.0,0.0,4.0,0.0,0.0,0.0,0.0,0.0,0.0,0.0,0.0,0.0,0.0,0.0,0.0,0.0,0.0,0.0,0.0,0.0,0.0,0.0,0.0,0.0,9.0,9.0,,,general_interest,general,,,,,,,,,1.0,1.0,,
1.0,232.0,6.0,0.0,0.0,3.0,0.0,0.0,0.0,0.0,0.0,0.0,0.0,0.0,0.0,0.0,0.0,0.0,0.0,0.0,0.0,0.0,0.0,0.0,0.0,0.0,0.0,6.0,6.0,,,general_interest,general,,,,,,,,,1.0,1.0,,
2.0,272.5,8.0,90.0,0.0,7.0,3.0,1.0,0.0,5.0,0.0,0.0,0.0,0.0,0.0,16.0,3.0,0.0,0.0,0.0,0.0,0.0,0.0,0.0,0.0,0.0,0.0,16.0,16.0,,,fashion_interest,fashion,1.0,1.0,,,,,,,,,,
2.0,155.5,5.5,300.0,0.0,2.0,0.0,6.0,0.0,0.0,0.0,3.0,0.0,0.0,0.0,0.0,0.0,0.0,0.0,0.0,0.0,0.0,0.0,11.0,0.0,0.0,0.0,11.0,11.0,,,gaming_interest,gaming,,,,,,,,,,,1.0,1.0
2.0,205.5,7.0,45.0,0.0,7.0,2.0,0.0,0.0,0.0,0.0,0.0,5.0,0.0,0.0,0.0,0.0,0.0,0.0,14.0,2.0,0.0,0.0,0.0,0.0,0.0,0.0,14.0,14.0,,,food_interest,food,,,,,1.0,1.0,,,,,,
2.0,288.0,7.0,120.0,0.0,6.0,2.0,0.0,5.0,0.0,0.0,0.0,0.0,1.0,0.07142857142857142,0.0,0.0,14.0,2.0,0.0,0.0,0.0,0.0,0.0,0.0,0.0,0.0,14.0,14.0,,,crypto_interest,crypto,,,1.0,1.0,,,,,,,,
2.0,142.0,5.0,120.0,0.0,5.0,0.0,0.0,3.0,0.0,0.0,0.0,0.0,2.0,0.2,0.0,0.0,10.0,0.0,0.0,0.0,0.0,0.0,0.0,0.0,0.0,0.0,10.0,10.0,,,general_interest,crypto,,,1.0,1.0,,,,,,,,
2.0,234.0,8.0,200.0,0.0,13.0,0.0,3.0,0.0,0.0,0.0,0.0,0.0,0.0,0.0,0.0,0.0,0.0,0.0,0.0,0.0,16.0,0.0,0.0,0.0,0.0,0.0,16.0,16.0,,,education_interest,education,,,,,,,1.0,1.0,,,,
2.0,186.0,5.5,60.0,0.0,1.0,0.0,0.0,0.0,0.0,0.0,0.0,5.0,5.0,0.45454545454545453,0.0,0.0,0.0,0.0,0.0,0.0,0.0,0.0,0.0,0.0,11.0,0.0,11.0,11.0,1.0,1.0,fintech_interest,fintech,,,,,,,,,,,,
1.0,224.0,7.0,0.0,0.0,1.0,0.0,0.0,0.0,0.0,0.0,0.0,0.0,0.0,0.0,0.0,0.0,0.0,0.0,0.0,0.0,0.0,0.0,0.0,0.0,0.0,0.0,7.0,7.0,,,general_interest,general,,,,,,,,,1.0,1.0,,
2.0,144.0,7.0,200.0,0.0,7.0,0.0,7.0,0.0,0.0,0.0,0.0,0.0,0.0,0.0,0.0,0.0,0.0,0.0,0.0,0.0,14.0,0.0,0.0,0.0,0.0,0.0,14.0,14.0,,,education_interest,education,,,,,,,1.0,1.0,,,,
2.0,172.5,5.5,45.0,0.0,3.0,5.0,0.0,0.0,0.0,0.0,0.0,3.0,0.0,0.0,0.0,0.0,0.0,0.0,11.0,5.0,0.0,0.0,0.0,0.0,0.0,0.0,11.0,11.0,,,food_interest,food,,,,,1.0,1.0,,,,,,
2.0,292.0,6.5,200.0,0.0,9.0,0.0,4.0,0.0,0.0,0.0,0.0,0.0,0.0,0.0,0.0,0.0,0.0,0.0,0.0,0.0,13.0,0.0,0.0,0.0,0.0,0.0,13.0,13.0,,,education_interest,education,,,,,,,1.0,1.0,,,,
2.0,296.5,7.0,120.0,0.0,5.0,3.0,0.0,3.0,0.0,0.0,0.0,0.0,3.0,0.21428571428571427,0.0,0.0,14.0,3.0,0.0,0.0,0.0,0.0,0.0,0.0,0.0,0.0,14.0,14.0,,,crypto_interest,crypto,,,1.0,1.0,,,,,,,,
2.0,222.0,8.5,60.0,0.0,5.0,0.0,0.0,0.0,0.0,0.0,0.0,5.0,7.0,0.4117647058823529,0.0,0.0,0.0,0.0,0.0,0.0,0.0,0.0,0.0,0.0,17.0,0.0,17.0,17.0,1.0,1.0,fintech_interest,fintech,,,,,,,,,,,,
2.0,124.5,5.5,120.0,0.0,6.0,1.0,0.0,2.0,0.0,0.0,0.0,0.0,2.0,0.18181818181818182,0.0,0.0,11.0,1.0,0.0,0.0,0.0,0.0,0.0,0.0,0.0,0.0,11.0,11.0,,,general_interest,crypto,,,1.0,1.0,,,,,,,,
2.0,234.5,7.0,90.0,0.0,3.0,4.0,5.0,0.0,2.0,0.0,0.0,0.0,0.0,0.0,14.0,4.0,0.0,0.0,0.0,0.0,0.0,0.0,0.0,0.0,0.0,0.0,14.0,14.0,,,fashion_interest,fashion,1.0,1.0,,,,,,,,,,
2.0,251.0,6.5,300.0,0.0,6.0,0.0,7.0,0.0,0.0,0.0,0.0,0.0,0.0,0.0,0.0,0.0,0.0,0.0,0.0,0.0,0.0,0.0,13.0,0.0,0.0,0.0,13.0,13.0,,,gaming_interest,gaming,,,,,,,,,,,1.0,1.0
2.0,399.0,8.0,300.0,0.0,3.0,0.0,8.0,0.0,0.0,0.0,5.0,0.0,0.0,0.0,0.0,0.0,0.0,0.0,0.0,0.0,0.0,0.0,16.0,0.0,0.0,0.0,16.0,16.0,,,gaming_interest,gaming,,,,,,,,,,,1.0,1.0
2.0,364.5,8.5,120.0,0.0,7.0,3.0,0.0,3.0,0.0,0.0,0.0,0.0,4.0,0.23529411764705882,0.0,0.0,17.0,3.0,0.0,0.0,0.0,0.0,0.0,0.0,0.0,0.0,17.0,17.0,,,crypto_interest,crypto,,,1.0,1.0,,,,,,,,
2.0,231.5,7.5,45.0,0.0,5.0,3.0,0.0,0.0,0.0,0.0,0.0,7.0,0.0,0.0,0.0,0.0,0.0,0.0,15.0,3.0,0.0,0.0,0.0,0.0,0.0,0.0,15.0,15.0,,,food_interest,food,,,,,1.0,1.0,,,,,,
2.0,268.5,7.0,45.0,0.0,7.0,3.0,0.0,0.0,0.0,0.0,0.0,4.0,0.0,0.0,0.0,0.0,0.0,0.0,14.0,3.0,0.0,0.0,0.0,0.0,0.0,0.0,14.0,14.0,,,food_interest,food,,,,,1.0,1.0,,,,,,
1.0,333.0,10.0,0.0,0.0,5.0,0.0,0.0,0.0,0.0,0.0,0.0,0.0,0.0,0.0,0.0,0.0,0.0,0.0,0.0,0.0,0.0,0.0,0.0,0.0,0.0,0.0,10.0,10.0,,,general_interest,general,,,,,,,,,1.0,1.0,,
2.0,244.5,5.5,300.0,0.0,4.0,0.0,6.0,0.0,0.0,0.0,1.0,0.0,0.0,0.0,0.0,0.0,0.0,0.0,0.0,0.0,0.0,0.0,11.0,0.0,0.0,0.0,11.0,11.0,,,gaming_interest,gaming,,,,,,,,,,,1.0,1.0
2.0,276.5,7.0,60.0,0.0,5.0,0.0,0.0,0.0,0.0,0.0,0.0,7.0,2.0,0.14285714285714285,0.0,0.0,0.0,0.0,0.0,0.0,0.0,0.0,0.0,0.0,14.0,0.0,14.0,14.0,1.0,1.0,fintech_interest,fintech,,,,,,,,,,,,
2.0,289.0,8.0,120.0,0.0,3.0,4.0,0.0,4.0,0.0,0.0,0.0,0.0,5.0,0.3125,0.0,0.0,16.0,4.0,0.0,0.0,0.0,0.0,0.0,0.0,0.0,0.0,16.0,16.0,,,crypto_interest,crypto,,,1.0,1.0,,,,,,,,
2.0,202.5,6.5,200.0,0.0,8.0,0.0,5.0,0.0,0.0,0.0,0.0,0.0,0.0,0.0,0.0,0.0,0.0,0.0,0.0,0.0,13.0,0.0,0.0,0.0,0.0,0.0,13.0,13.0,,,education_interest,education,,,,,,,1.0,1.0,,,,
1.0,52.0,6.0,0.0,0.0,3.0,0.0,0.0,0.0,0.0,0.0,0.0,0.0,0.0,0.0,0.0,0.0,0.0,0.0,0.0,0.0,0.0,0.0,0.0,0.0,0.0,0.0,6.0,6.0,,,general_interest,general,,,,,,,,,1.0,1.0,,
2.0,211.0,6.5,60.0,0.0,1.0,0.0,0.0,0.0,0.0,0.0,0.0,6.0,6.0,0.46153846153846156,0.0,0.0,0.0,0.0,0.0,0.0,0.0,0.0,0.0,0.0,13.0,0.0,13.0,13.0,1.0,1.0,fintech_interest,fintech,,,,,,,,,,,,
2.0,369.5,9.0,90.0,0.0,2.0,7.0,4.0,0.0,5.0,0.0,0.0,0.0,0.0,0.0,18.0,7.0,0.0,0.0,0.0,0.0,0.0,0.0,0.0,0.0,0.0,0.0,18.0,18.0,,,fashion_interest,fashion,1.0,1.0,,,,,,,,,,
2.0,292.5,8.5,120.0,0.0,6.0,3.0,0.0,5.0,0.0,0.0,0.0,0.0,3.0,0.17647058823529413,0.0,0.0,17.0,3.0,0.0,0.0,0.0,0.0,0.0,0.0,0.0,0.0,17.0,17.0,,,crypto_interest,crypto,,,1.0,1.0,,,,,,,,
2.0,275.0,7.5,200.0,0.0,9.0,0.0,6.0,0.0,0.0,0.0,0.0,0.0,0.0,0.0,0.0,0.0,0.0,0.0,0.0,0.0,15.0,0.0,0.0,0.0,0.0,0.0,15.0,15.0,,,education_interest,education,,,,,,,1.0,1.0,,,,
2.0,218.0,7.0,200.0,0.0,7.0,0.0,7.0,0.0,0.0,0.0,0.0,0.0,0.0,0.0,0.0,0.0,0.0,0.0,0.0,0.0,14.0,0.0,0.0,0.0,0.0,0.0,14.0,14.0,,,education_interest,education,,,,,,,1.0,1.0,,,,
2.0,218.0,7.5,200.0,0.0,12.0,0.0,3.0,0.0,0.0,0.0,0.0,0.0,0.0,0.0,0.0,0.0,0.0,0.0,0.0,0.0,15.0,0.0,0.0,0.0,0.0,0.0,15.0,15.0,,,education_interest,education,,,,,,,1.0,1.0,,,,
2.0,255.0,6.5,60.0,0.0,6.0,0.0,0.0,0.0,0.0,0.0,0.0,3.0,4.0,0.3076923076923077,0.0,0.0,0.0,0.0,0.0,0.0,0.0,0.0,0.0,0.0,13.0,0.0,13.0,13.0,1.0,1.0,fintech_interest,fintech,,,,,,,,,,,,
2.0,262.5,6.5,200.0,0.0,11.0,0.0,2.0,0.0,0.0,0.0,0.0,0.0,0.0,0.0,0.0,0.0,0.0,0.0,0.0,0.0,13.0,0.0,0.0,0.0,0.0,0.0,13.0,13.0,,,education_interest,education,,,,,,,1.0,1.0,,,,
1.0,270.0,9.0,0.0,0.0,4.0,0.0,0.0,0.0,0.0,0.0,0.0,0.0,0.0,0.0,0.0,0.0,0.0,0.0,0.0,0.0,0.0,0.0,0.0,0.0,0.0,0.0,9.0,9.0,,,general_interest,general,,,,,,,,,1.0,1.0,,
1.0,423.0,10.0,0.0,0.0,3.0,0.0,0.0,0.0,0.0,0.0,0.0,0.0,0.0,0.0,0.0,0.0,0.0,0.0,0.0,0.0,0.0,0.0,0.0,0.0,0.0,0.0,10.0,10.0,,,general_interest,general,,,,,,,,,1.0,1.0,,
2.0,171.0,5.5,45.0,0.0,3.0,5.0,0.0,0.0,0.0,0.0,0.0,3.0,0.0,0.0,0.0,0.0,0.0,0.0,11.0,5.0,0.0,0.0,0.0,0.0,0.0,0.0,11.0,11.0,,,food_interest,food,,,,,1.0,1.0,,,,,,
2.0,271.0,8.0,120.0,0.0,6.0,3.0,0.0,3.0,0.0,0.0,0.0,0.0,4.0,0.25,0.0,0.0,16.0,3.0,0.0,0.0,0.0,0.0,0.0,0.0,0.0,0.0,16.0,16.0,,,crypto_interest,crypto,,,1.0,1.0,,,,,,,,
2.0,204.0,7.5,90.0,0.0,2.0,5.0,5.0,0.0,3.0,0.0,0.0,0.0,0.0,0.0,15.0,5.0,0.0,0.0,0.0,0.0,0.0,0.0,0.0,0.0,0.0,0.0,15.0,15.0,,,fashion_interest,fashion,1.0,1.0,,,,,,,,,,
1.0,280.0,7.0,0.0,0.0,3.0,0.0,0.0,0.0,0.0,0.0,0.0,0.0,0.0,0.0,0.0,0.0,0.0,0.0,0.0,0.0,0.0,0.0,0.0,0.0,0.0,0.0,7.0,7.0,,,general_interest,general,,,,,,,,,1.0,1.0,,
2.0,230.5,7.5,60.0,0.0,8.0,0.0,0.0,0.0,0.0,0.0,0.0,5.0,2.0,0.13333333333333333,0.0,0.0,0.0,0.0,0.0,0.0,0.0,0.0,0.0,0.0,15.0,0.0,15.0,15.0,1.0,1.0,fintech_interest,fintech,,,,,,,,,,,,
2.0,224.0,8.0,45.0,0.0,4.0,7.0,0.0,0.0,0.0,0.0,0.0,5.0,0.0,0.0,0.0,0.0,0.0,0.0,16.0,7.0,0.0,0.0,0.0,0.0,0.0,0.0,16.0,16.0,,,food_interest,food,,,,,1.0,1.0,,,,,,
2.0,209.0,6.0,90.0,0.0,4.0,2.0,3.0,0.0,3.0,0.0,0.0,0.0,0.0,0.0,12.0,2.0,0.0,0.0,0.0,0.0,0.0,0.0,0.0,0.0,0.0,0.0,12.0,12.0,,,fashion_interest,fashion,1.0,1.0,,,,,,,,,,
2.0,288.5,7.5,60.0,0.0,4.0,0.0,0.0,0.0,0.0,0.0,0.0,5.0,6.0,0.4,0.0,0.0,0.0,0.0,0.0,0.0,0.0,0.0,0.0,0.0,15.0,0.0,15.0,15.0,1.0,1.0,fintech_interest,fintech,,,,,,,,,,,,
2.0,295.0,8.0,120.0,0.0,3.0,4.0,0.0,6.0,0.0,0.0,0.0,0.0,3.0,0.1875,0.0,0.0,16.0,4.0,0.0,0.0,0.0,0.0,0.0,0.0,0.0,0.0,16.0,16.0,,,crypto_interest,crypto,,,1.0,1.0,,,,,,,,
2.0,336.0,7.0,60.0,0.0,3.0,0.0,0.0,0.0,0.0,0.0,0.0,5.0,6.0,0.42857142857142855,0.0,0.0,0.0,0.0,0.0,0.0,0.0,0.0,0.0,0.0,14.0,0.0,14.0,14.0,1.0,1.0,fintech_interest,fintech,,,,,,,,,,,,
2.0,294.0,8.5,300.0,0.0,1.0,0.0,13.0,0.0,0.0,0.0,3.0,0.0,0.0,0.0,0.0,0.0,0.0,0.0,0.0,0.0,0.0,0.0,17.0,0.0,0.0,0.0,17.0,17.0,,,gaming_interest,gaming,,,,,,,,,,,1.0,1.0
1.0,315.0,9.0,0.0,0.0,5.0,0.0,0.0,0.0,0.0,0.0,0.0,0.0,0.0,0.0,0.0,0.0,0.0,0.0,0.0,0.0,0.0,0.0,0.0,0.0,0.0,0.0,9.0,9.0,,,general_interest,general,,,,,,,,,1.0,1.0,,
2.0,268.5,7.5,120.0,0.0,7.0,1.0,0.0,4.0,0.0,0.0,0.0,0.0,3.0,0.2,0.0,0.0,15.0,1.0,0.0,0.0,0.0,0.0,0.0,0.0,0.0,0.0,15.0,15.0,,,general_interest,crypto,,,1.0,1.0,,,,,,,,
2.0,315.0,8.0,90.0,0.0,2.0,4.0,5.0,0.0,5.0,0.0,0.0,0.0,0.0,0.0,16.0,4.0,0.0,0.0,0.0,0.0,0.0,0.0,0.0,0.0,0.0,0.0,16.0,16.0,,,fashion_interest,fashion,1.0,1.0,,,,,,,,,,
2.0,344.0,8.0,120.0,0.0,7.0,4.0,0.0,1.0,0.0,0.0,0.0,0.0,4.0,0.25,0.0,0.0,16.0,4.0,0.0,0.0,0.0,0.0,0.0,0.0,0.0,0.0,16.0,16.0,,,crypto_interest,crypto,,,1.0,1.0,,,,,,,,
2.0,234.0,8.5,60.0,0.0,4.0,0.0,0.0,0.0,0.0,0.0,0.0,7.0,6.0,0.35294117647058826,0.0,0.0,0.0,0.0,0.0,0.0,0.0,0.0,0.0,0.0,17.0,0.0,17.0,17.0,1.0,1.0,fintech_interest,fintech,,,,,,,,,,,,
2.0,214.5,8.0,200.0,0.0,10.0,0.0,6.0,0.0,0.0,0.0,0.0,0.0,0.0,0.0,0.0,0.0,0.0,0.0,0.0,0.0,16.0,0.0,0.0,0.0,0.0,0.0,16.0,16.0,,,education_interest,education,,,,,,,1.0,1.0,,,,
2.0,385.0,8.0,90.0,0.0,6.0,4.0,2.0,0.0,4.0,0.0,0.0,0.0,0.0,0.0,16.0,4.0,0.0,0.0,0.0,0.0,0.0,0.0,0.0,0.0,0.0,0.0,16.0,16.0,,,fashion_interest,fashion,1.0,1.0,,,,,,,,,,
1.0,315.0,10.0,0.0,0.0,2.0,0.0,0.0,0.0,0.0,0.0,0.0,0.0,0.0,0.0,0.0,0.0,0.0,0.0,0.0,0.0,0.0,0.0,0.0,0.0,0.0,0.0,10.0,10.0,,,general_interest,general,,,,,,,,,1.0,1.0,,
2.0,370.5,9.0,120.0,0.0,9.0,1.0,0.0,4.0,0.0,0.0,0.0,0.0,4.0,0.2222222222222222,0.0,0.0,18.0,1.0,0.0,0.0,0.0,0.0,0.0,0.0,0.0,0.0,18.0,18.0,,,general_interest,crypto,,,1.0,1.0,,,,,,,,
2.0,165.0,4.0,200.0,0.0,4.0,0.0,4.0,0.0,0.0,0.0,0.0,0.0,0.0,0.0,0.0,0.0,0.0,0.0,0.0,0.0,8.0,0.0,0.0,0.0,0.0,0.0,8.0,8.0,,,education_interest,education,,,,,,,1.0,1.0,,,,
2.0,283.0,8.5,200.0,0.0,11.0,0.0,6.0,0.0,0.0,0.0,0.0,0.0,0.0,0.0,0.0,0.0,0.0,0.0,0.0,0.0,17.0,0.0,0.0,0.0,0.0,0.0,17.0,17.0,,,education_interest,education,,,,,,,1.0,1.0,,,,
2.0,186.0,5.5,45.0,0.0,6.0,2.0,0.0,0.0,0.0,0.0,0.0,3.0,0.0,0.0,0.0,0.0,0.0,0.0,11.0,2.0,0.0,0.0,0.0,0.0,0.0,0.0,11.0,11.0,,,food_interest,food,,,,,1.0,1.0,,,,,,
2.0,339.5,9.0,90.0,0.0,8.0,3.0,5.0,0.0,2.0,0.0,0.0,0.0,0.0,0.0,18.0,3.0,0.0,0.0,0.0,0.0,0.0,0.0,0.0,0.0,0.0,0.0,18.0,18.0,,,fashion_interest,fashion,1.0,1.0,,,,,,,,,,
2.0,288.5,7.5,45.0,0.0,3.0,6.0,0.0,0.0,0.0,0.0,0.0,6.0,0.0,0.0,0.0,0.0,0.0,0.0,15.0,6.0,0.0,0.0,0.0,0.0,0.0,0.0,15.0,15.0,,,food_interest,food,,,,,1.0,1.0,,,,,,
1.0,228.0,8.0,0.0,0.0,3.0,0.0,0.0,0.0,0.0,0.0,0.0,0.0,0.0,0.0,0.0,0.0,0.0,0.0,0.0,0.0,0.0,0.0,0.0,0.0,0.0,0.0,8.0,8.0,,,general_interest,general,,,,,,,,,1.0,1.0,,
2.0,312.0,7.0,60.0,0.0,4.0,0.0,0.0,0.0,0.0,0.0,0.0,4.0,6.0,0.42857142857142855,0.0,0.0,0.0,0.0,0.0,0.0,0.0,0.0,0.0,0.0,14.0,0.0,14.0,14.0,1.0,1.0,fintech_interest,fintech,,,,,,,,,,,,
2.0,91.5,5.5,60.0,0.0,3.0,0.0,0.0,0.0,0.0,0.0,0.0,3.0,5.0,0.45454545454545453,0.0,0.0,0.0,0.0,0.0,0.0,0.0,0.0,0.0,0.0,11.0,0.0,11.0,11.0,1.0,1.0,fintech_interest,fintech,,,,,,,,,,,,
2.0,343.0,9.0,300.0,0.0,3.0,0.0,10.0,0.0,0.0,0.0,5.0,0.0,0.0,0.0,0.0,0.0,0.0,0.0,0.0,0.0,0.0,0.0,18.0,0.0,0.0,0.0,18.0,18.0,,,gaming_interest,gaming,,,,,,,,,,,1.0,1.0
2.0,308.0,7.0,300.0,0.0,4.0,0.0,9.0,0.0,0.0,0.0,1.0,0.0,0.0,0.0,0.0,0.0,0.0,0.0,0.0,0.0,0.0,0.0,14.0,0.0,0.0,0.0,14.0,14.0,,,gaming_interest,gaming,,,,,,,,,,,1.0,1.0
2.0,163.0,5.0,0.0,0.0,3.0,5.0,0.0,1.0,0.0,0.0,0.0,0.0,1.0,0.1,0.0,0.0,10.0,5.0,0.0,0.0,0.0,0.0,0.0,0.0,0.0,0.0,10.0,10.0,,,crypto_interest,crypto,,,1.0,1.0,,,,,,,,
2.0,288.0,7.5,45.0,0.0,6.0,4.0,0.0,0.0,0.0,0.0,0.0,5.0,0.0,0.0,0.0,0.0,0.0,0.0,15.0,4.0,0.0,0.0,0.0,0.0,0.0,0.0,15.0,15.0,,,food_interest,food,,,,,1.0,1.0,,,,,,
2.0,276.0,7.5,45.0,0.0,5.0,7.0,0.0,0.0,0.0,0.0,0.0,3.0,0.0,0.0,0.0,0.0,0.0,0.0,15.0,7.0,0.0,0.0,0.0,0.0,0.0,0.0,15.0,15.0,,,food_interest,food,,,,,1.0,1.0,,,,,,
2.0,262.5,6.0,60.0,0.0,7.0,0.0,0.0,0.0,0.0,0.0,0.0,2.0,3.0,0.25,0.0,0.0,0.0,0.0,0.0,0.0,0.0,0.0,0.0,0.0,12.0,0.0,12.0,12.0,1.0,1.0,fintech_interest,fintech,,,,,,,,,,,,
2.0,289.0,7.0,90.0,0.0,4.0,3.0,2.0,0.0,5.0,0.0,0.0,0.0,0.0,0.0,14.0,3.0,0.0,0.0,0.0,0.0,0.0,0.0,0.0,0.0,0.0,0.0,14.0,14.0,,,fashion_interest,fashion,1.0,1.0,,,,,,,,,,
2.0,333.5,9.0,90.0,0.0,2.0,6.0,5.0,0.0,5.0,0.0,0.0,0.0,0.0,0.0,18.0,6.0,0.0,0.0,0.0,0.0,0.0,0.0,0.0,0.0,0.0,0.0,18.0,18.0,,,fashion_interest,fashion,1.0,1.0,,,,,,,,,,
2.0,426.5,9.5,300.0,0.0,5.0,0.0,8.0,0.0,0.0,0.0,6.0,0.0,0.0,0.0,0.0,0.0,0.0,0.0,0.0,0.0,0.0,0.0,19.0,0.0,0.0,0.0,19.0,19.0,,,gaming_interest,gaming,,,,,,,,,,,1.0,1.0
2.0,166.5,5.5,120.0,0.0,3.0,3.0,0.0,2.0,0.0,0.0,0.0,0.0,3.0,0.2727272727272727,0.0,0.0,11.0,3.0,0.0,0.0,0.0,0.0,0.0,0.0,0.0,0.0,11.0,11.0,,,crypto_interest,crypto,,,1.0,1.0,,,,,,,,
2.0,334.0,7.5,300.0,0.0,6.0,0.0,6.0,0.0,0.0,0.0,3.0,0.0,0.0,0.0,0.0,0.0,0.0,0.0,0.0,0.0,0.0,0.0,15.0,0.0,0.0,0.0,15.0,15.0,,,gaming_interest,gaming,,,,,,,,,,,1.0,1.0
2.0,356.0,9.5,200.0,0.0,12.0,0.0,7.0,0.0,0.0,0.0,0.0,0.0,0.0,0.0,0.0,0.0,0.0,0.0,0.0,0.0,19.0,0.0,0.0,0.0,0.0,0.0,19.0,19.0,,,education_interest,education,,,,,,,1.0,1.0,,,,
1.0,129.0,4.0,0.0,0.0,1.0,0.0,0.0,0.0,0.0,0.0,0.0,0.0,0.0,0.0,0.0,0.0,0.0,0.0,0.0,0.0,0.0,0.0,0.0,0.0,0.0,0.0,4.0,4.0,,,general_interest,general,,,,,,,,,1.0,1.0,,
2.0,264.0,8.0,120.0,0.0,5.0,8.0,0.0,2.0,0.0,0.0,0.0,0.0,1.0,0.0625,0.0,0.0,16.0,8.0,0.0,0.0,0.0,0.0,0.0,0.0,0.0,0.0,16.0,16.0,,,crypto_interest,crypto,,,1.0,1.0,,,,,,,,
2.0,369.0,9.0,120.0,0.0,8.0,3.0,0.0,4.0,0.0,0.0,0.0,0.0,3.0,0.16666666666666666,0.0,0.0,18.0,3.0,0.0,0.0,0.0,0.0,0.0,0.0,0.0,0.0,18.0,18.0,,,crypto_interest,crypto,,,1.0,1.0,,,,,,,,
2.0,202.0,5.5,90.0,0.0,2.0,1.0,4.0,0.0,4.0,0.0,0.0,0.0,0.0,0.0,11.0,1.0,0.0,0.0,0.0,0.0,0.0,0.0,0.0,0.0,0.0,0.0,11.0,11.0,,,fashion_interest,fashion,1.0,1.0,,,,,,,,,,
2.0,196.0,8.0,200.0,0.0,11.0,0.0,5.0,0.0,0.0,0.0,0.0,0.0,0.0,0.0,0.0,0.0,0.0,0.0,0.0,0.0,16.0,0.0,0.0,0.0,0.0,0.0,16.0,16.0,,,education_interest,education,,,,,,,1.0,1.0,,,,
1.0,282.0,10.0,0.0,0.0,3.0,0.0,0.0,0.0,0.0,0.0,0.0,0.0,0.0,0.0,0.0,0.0,0.0,0.0,0.0,0.0,0.0,0.0,0.0,0.0,0.0,0.0,10.0,10.0,,,general_interest,general,,,,,,,,,1.0,1.0,,
2.0,263.5,9.5,120.0,0.0,10.0,3.0,0.0,3.0,0.0,0.0,0.0,0.0,3.0,0.15789473684210525,0.0,0.0,19.0,3.0,0.0,0.0,0.0,0.0,0.0,0.0,0.0,0.0,19.0,19.0,,,crypto_interest,crypto,,,1.0,1.0,,,,,,,,
2.0,348.5,9.0,90.0,0.0,8.0,5.0,3.0,0.0,2.0,0.0,0.0,0.0,0.0,0.0,18.0,5.0,0.0,0.0,0.0,0.0,0.0,0.0,0.0,0.0,0.0,0.0,18.0,18.0,,,fashion_interest,fashion,1.0,1.0,,,,,,,,,,
2.0,220.5,6.0,200.0,0.0,6.0,0.0,6.0,0.0,0.0,0.0,0.0,0.0,0.0,0.0,0.0,0.0,0.0,0.0,0.0,0.0,12.0,0.0,0.0,0.0,0.0,0.0,12.0,12.0,,,education_interest,education,,,,,,,1.0,1.0,,,,
1.0,144.0,4.0,0.0,0.0,2.0,0.0,0.0,0.0,0.0,0.0,0.0,0.0,0.0,0.0,0.0,0.0,0.0,0.0,0.0,0.0,0.0,0.0,0.0,0.0,0.0,0.0,4.0,4.0,,,general_interest,general,,,,,,,,,1.0,1.0,,
2.0,172.0,6.5,60.0,0.0,4.0,0.0,0.0,0.0,0.0,0.0,0.0,6.0,3.0,0.23076923076923078,0.0,0.0,0.0,0.0,0.0,0.0,0.0,0.0,0.0,0.0,13.0,0.0,13.0,13.0,1.0,1.0,fintech_interest,fintech,,,,,,,,,,,,
2.0,189.0,6.0,90.0,0.0,3.0,4.0,2.0,0.0,3.0,0.0,0.0,0.0,0.0,0.0,12.0,4.0,0.0,0.0,0.0,0.0,0.0,0.0,0.0,0.0,0.0,0.0,12.0,12.0,,,fashion_interest,fashion,1.0,1.0,,,,,,,,,,
2.0,220.0,7.0,300.0,0.0,3.0,0.0,8.0,0.0,0.0,0.0,3.0,0.0,0.0,0.0,0.0,0.0,0.0,0.0,0.0,0.0,0.0,0.0,14.0,0.0,0.0,0.0,14.0,14.0,,,gaming_interest,gaming,,,,,,,,,,,1.0,1.0
2.0,186.5,5.0,120.0,0.0,6.0,1.0,0.0,3.0,0.0,0.0,0.0,0.0,0.0,0.0,0.0,0.0,10.0,1.0,0.0,0.0,0.0,0.0,0.0,0.0,0.0,0.0,10.0,10.0,,,general_interest,crypto,,,1.0,1.0,,,,,,,,
2.0,174.0,7.0,120.0,0.0,4.0,1.0,0.0,3.0,0.0,0.0,0.0,0.0,6.0,0.42857142857142855,0.0,0.0,14.0,1.0,0.0,0.0,0.0,0.0,0.0,0.0,0.0,0.0,14.0,14.0,,,general_interest,crypto,,,1.0,1.0,,,,,,,,
2.0,347.0,8.0,90.0,0.0,6.0,3.0,2.0,0.0,5.0,0.0,0.0,0.0,0.0,0.0,16.0,3.0,0.0,0.0,0.0,0.0,0.0,0.0,0.0,0.0,0.0,0.0,16.0,16.0,,,fashion_interest,fashion,1.0,1.0,,,,,,,,,,
1.0,160.0,6.0,0.0,0.0,1.0,0.0,0.0,0.0,0.0,0.0,0.0,0.0,0.0,0.0,0.0,0.0,0.0,0.0,0.0,0.0,0.0,0.0,0.0,0.0,0.0,0.0,6.0,6.0,,,general_interest,general,,,,,,,,,1.0,1.0,,
2.0,297.0,6.5,120.0,0.0,6.0,2.0,0.0,1.0,0.0,0.0,0.0,0.0,4.0,0.3076923076923077,0.0,0.0,13.0,2.0,0.0,0.0,0.0,0.0,0.0,0.0,0.0,0.0,13.0,13.0,,,crypto_interest,crypto,,,1.0,1.0,,,,,,,,
1.0,295.0,8.0,0.0,0.0,2.0,0.0,0.0,0.0,0.0,0.0,0.0,0.0,0.0,0.0,0.0,0.0,0.0,0.0,0.0,0.0,0.0,0.0,0.0,0.0,0.0,0.0,8.0,8.0,,,general_interest,general,,,,,,,,,1.0,1.0,,
2.0,130.5,4.5,200.0,0.0,5.0,0.0,4.0,0.0,0.0,0.0,0.0,0.0,0.0,0.0,0.0,0.0,0.0,0.0,0.0,0.0,9.0,0.0,0.0,0.0,0.0,0.0,9.0,9.0,,,education_interest,education,,,,,,,1.0,1.0,,,,
2.0,332.0,9.5,60.0,0.0,6.0,0.0,0.0,0.0,0.0,0.0,0.0,5.0,8.0,0.42105263157894735,0.0,0.0,0.0,0.0,0.0,0.0,0.0,0.0,0.0,0.0,19.0,0.0,19.0,19.0,1.0,1.0,fintech_interest,fintech,,,,,,,,,,,,
1.0,364.0,9.0,0.0,0.0,3.0,0.0,0.0,0.0,0.0,0.0,0.0,0.0,0.0,0.0,0.0,0.0,0.0,0.0,0.0,0.0,0.0,0.0,0.0,0.0,0.0,0.0,9.0,9.0,,,general_interest,general,,,,,,,,,1.0,1.0,,
2.0,206.0,6.5,90.0,0.0,5.0,3.0,2.0,0.0,3.0,0.0,0.0,0.0,0.0,0.0,13.0,3.0,0.0,0.0,0.0,0.0,0.0,0.0,0.0,0.0,0.0,0.0,13.0,13.0,,,fashion_interest,fashion,1.0,1.0,,,,,,,,,,
2.0,216.0,8.0,300.0,0.0,5.0,0.0,8.0,0.0,0.0,0.0,3.0,0.0,0.0,0.0,0.0,0.0,0.0,0.0,0.0,0.0,0.0,0.0,16.0,0.0,0.0,0.0,16.0,16.0,,,gaming_interest,gaming,,,,,,,,,,,1.0,1.0
1.0,174.0,9.0,0.0,0.0,4.0,0.0,0.0,0.0,0.0,0.0,0.0,0.0,0.0,0.0,0.0,0.0,0.0,0.0,0.0,0.0,0.0,0.0,0.0,0.0,0.0,0.0,9.0,9.0,,,general_interest,general,,,,,,,,,1.0,1.0,,
2.0,210.0,6.0,45.0,0.0,2.0,7.0,0.0,0.0,0.0,0.0,0.0,3.0,0.0,0.0,0.0,0.0,0.0,0.0,12.0,7.0,0.0,0.0,0.0,0.0,0.0,0.0,12.0,12.0,,,food_interest,food,,,,,1.0,1.0,,,,,,
2.0,149.0,5.5,90.0,0.0,5.0,4.0,2.0,0.0,0.0,0.0,0.0,0.0,0.0,0.0,11.0,4.0,0.0,0.0,0.0,0.0,0.0,0.0,0.0,0.0,0.0,0.0,11.0,11.0,,,fashion_interest,fashion,1.0,1.0,,,,,,,,,,
2.0,197.0,6.0,45.0,0.0,8.0,1.0,0.0,0.0,0.0,0.0,0.0,3.0,0.0,0.0,0.0,0.0,0.0,0.0,12.0,1.0,0.0,0.0,0.0,0.0,0.0,0.0,12.0,12.0,,,food_interest,food,,,,,1.0,1.0,,,,,,
2.0,161.0,5.0,200.0,0.0,6.0,0.0,4.0,0.0,0.0,0.0,0.0,0.0,0.0,0.0,0.0,0.0,0.0,0.0,0.0,0.0,10.0,0.0,0.0,0.0,0.0,0.0,10.0,10.0,,,education_interest,education,,,,,,,1.0,1.0,,,,
2.0,294.0,7.0,45.0,0.0,4.0,4.0,0.0,0.0,0.0,0.0,0.0,6.0,0.0,0.0,0.0,0.0,0.0,0.0,14.0,4.0,0.0,0.0,0.0,0.0,0.0,0.0,14.0,14.0,,,food_interest,food,,,,,1.0,1.0,,,,,,
2.0,182.0,7.0,300.0,0.0,2.0,0.0,7.0,0.0,0.0,0.0,5.0,0.0,0.0,0.0,0.0,0.0,0.0,0.0,0.0,0.0,0.0,0.0,14.0,0.0,0.0,0.0,14.0,14.0,,,gaming_interest,gaming,,,,,,,,,,,1.0,1.0
2.0,138.0,4.0,300.0,0.0,2.0,0.0,5.0,0.0,0.0,0.0,1.0,0.0,0.0,0.0,0.0,0.0,0.0,0.0,0.0,0.0,0.0,0.0,8.0,0.0,0.0,0.0,8.0,8.0,,,gaming_interest,gaming,,,,,,,,,,,1.0,1.0
2.0,349.5,7.5,120.0,0.0,4.0,4.0,0.0,3.0,0.0,0.0,0.0,0.0,4.0,0.26666666666666666,0.0,0.0,15.0,4.0,0.0,0.0,0.0,0.0,0.0,0.0,0.0,0.0,15.0,15.0,,,crypto_interest,crypto,,,1.0,1.0,,,,,,,,
2.0,225.5,6.5,60.0,0.0,6.0,0.0,0.0,0.0,0.0,0.0,0.0,3.0,4.0,0.3076923076923077,0.0,0.0,0.0,0.0,0.0,0.0,0.0,0.0,0.0,0.0,13.0,0.0,13.0,13.0,1.0,1.0,fintech_interest,fintech,,,,,,,,,,,,
2.0,177.0,6.0,45.0,0.0,2.0,5.0,0.0,0.0,0.0,0.0,0.0,5.0,0.0,0.0,0.0,0.0,0.0,0.0,12.0,5.0,0.0,0.0,0.0,0.0,0.0,0.0,12.0,12.0,,,food_interest,food,,,,,1.0,1.0,,,,,,
2.0,215.0,7.5,200.0,0.0,11.0,0.0,4.0,0.0,0.0,0.0,0.0,0.0,0.0,0.0,0.0,0.0,0.0,0.0,0.0,0.0,15.0,0.0,0.0,0.0,0.0,0.0,15.0,15.0,,,education_interest,education,,,,,,,1.0,1.0,,,,
2.0,148.0,5.5,60.0,0.0,1.0,0.0,0.0,0.0,0.0,0.0,0.0,6.0,4.0,0.36363636363636365,0.0,0.0,0.0,0.0,0.0,0.0,0.0,0.0,0.0,0.0,11.0,0.0,11.0,11.0,1.0,1.0,fintech_interest,fintech,,,,,,,,,,,,
2.0,113.0,5.5,300.0,0.0,3.0,0.0,6.0,0.0,0.0,0.0,2.0,0.0,0.0,0.0,0.0,0.0,0.0,0.0,0.0,0.0,0.0,0.0,11.0,0.0,0.0,0.0,11.0,11.0,,,gaming_interest,gaming,,,,,,,,,,,1.0,1.0
1.0,306.0,8.0,0.0,0.0,3.0,0.0,0.0,0.0,0.0,0.0,0.0,0.0,0.0,0.0,0.0,0.0,0.0,0.0,0.0,0.0,0.0,0.0,0.0,0.0,0.0,0.0,8.0,8.0,,,general_interest,general,,,,,,,,,1.0,1.0,,
1.0,84.0,5.0,0.0,0.0,2.0,0.0,0.0,0.0,0.0,0.0,0.0,0.0,0.0,0.0,0.0,0.0,0.0,0.0,0.0,0.0,0.0,0.0,0.0,0.0,0.0,0.0,5.0,5.0,,,general_interest,general,,,,,,,,,1.0,1.0,,
2.0,202.0,6.5,120.0,0.0,4.0,1.0,0.0,2.0,0.0,0.0,0.0,0.0,6.0,0.46153846153846156,0.0,0.0,13.0,1.0,0.0,0.0,0.0,0.0,0.0,0.0,0.0,0.0,13.0,13.0,,,general_interest,crypto,,,1.0,1.0,,,,,,,,
2.0,236.5,7.0,90.0,0.0,4.0,6.0,1.0,0.0,3.0,0.0,0.0,0.0,0.0,0.0,14.0,6.0,0.0,0.0,0.0,0.0,0.0,0.0,0.0,0.0,0.0,0.0,14.0,14.0,,,fashion_interest,fashion,1.0,1.0,,,,,,,,,,
2.0,326.5,8.5,45.0,0.0,5.0,7.0,0.0,0.0,0.0,0.0,0.0,5.0,0.0,0.0,0.0,0.0,0.0,0.0,17.0,7.0,0.0,0.0,0.0,0.0,0.0,0.0,17.0,17.0,,,food_interest,food,,,,,1.0,1.0,,,,,,
2.0,321.5,7.5,45.0,0.0,3.0,8.0,0.0,0.0,0.0,0.0,0.0,4.0,0.0,0.0,0.0,0.0,0.0,0.0,15.0,8.0,0.0,0.0,0.0,0.0,0.0,0.0,15.0,15.0,,,food_interest,food,,,,,1.0,1.0,,,,,,
2.0,210.0,6.5,120.0,0.0,5.0,2.0,0.0,1.0,0.0,0.0,0.0,0.0,5.0,0.38461538461538464,0.0,0.0,13.0,2.0,0.0,0.0,0.0,0.0,0.0,0.0,0.0,0.0,13.0,13.0,,,crypto_interest,crypto,,,1.0,1.0,,,,,,,,
2.0,112.0,6.5,120.0,0.0,5.0,4.0,0.0,2.0,0.0,0.0,0.0,0.0,2.0,0.15384615384615385,0.0,0.0,13.0,4.0,0.0,0.0,0.0,0.0,0.0,0.0,0.0,0.0,13.0,13.0,,,crypto_interest,crypto,,,1.0,1.0,,,,,,,,
1.0,129.0,5.0,0.0,0.0,2.0,0.0,0.0,0.0,0.0,0.0,0.0,0.0,0.0,0.0,0.0,0.0,0.0,0.0,0.0,0.0,0.0,0.0,0.0,0.0,0.0,0.0,5.0,5.0,,,general_interest,general,,,,,,,,,1.0,1.0,,
2.0,181.0,6.0,200.0,0.0,8.0,0.0,4.0,0.0,0.0,0.0,0.0,0.0,0.0,0.0,0.0,0.0,0.0,0.0,0.0,0.0,12.0,0.0,0.0,0.0,0.0,0.0,12.0,12.0,,,education_interest,education,,,,,,,1.0,1.0,,,,
2.0,283.0,7.0,0.0,0.0,2.0,2.0,0.0,7.0,0.0,0.0,0.0,0.0,3.0,0.21428571428571427,0.0,0.0,14.0,2.0,0.0,0.0,0.0,0.0,0.0,0.0,0.0,0.0,14.0,14.0,,,crypto_interest,crypto,,,1.0,1.0,,,,,,,,
2.0,435.0,9.0,120.0,0.0,5.0,2.0,0.0,5.0,0.0,0.0,0.0,0.0,6.0,0.3333333333333333,0.0,0.0,18.0,2.0,0.0,0.0,0.0,0.0,0.0,0.0,0.0,0.0,18.0,18.0,,,crypto_interest,crypto,,,1.0,1.0,,,,,,,,
2.0,181.5,5.5,300.0,0.0,4.0,0.0,4.0,0.0,0.0,0.0,3.0,0.0,0.0,0.0,0.0,0.0,0.0,0.0,0.0,0.0,0.0,0.0,11.0,0.0,0.0,0.0,11.0,11.0,,,gaming_interest,gaming,,,,,,,,,,,1.0,1.0
2.0,302.5,7.5,90.0,0.0,4.0,3.0,3.0,0.0,5.0,0.0,0.0,0.0,0.0,0.0,15.0,3.0,0.0,0.0,0.0,0.0,0.0,0.0,0.0,0.0,0.0,0.0,15.0,15.0,,,fashion_interest,fashion,1.0,1.0,,,,,,,,,,
2.0,190.5,6.0,120.0,0.0,4.0,2.0,0.0,3.0,0.0,0.0,0.0,0.0,3.0,0.25,0.0,0.0,12.0,2.0,0.0,0.0,0.0,0.0,0.0,0.0,0.0,0.0,12.0,12.0,,,crypto_interest,crypto,,,1.0,1.0,,,,,,,,
2.0,294.0,7.5,200.0,0.0,11.0,0.0,4.0,0.0,0.0,0.0,0.0,0.0,0.0,0.0,0.0,0.0,0.0,0.0,0.0,0.0,15.0,0.0,0.0,0.0,0.0,0.0,15.0,15.0,,,education_interest,education,,,,,,,1.0,1.0,,,,
2.0,298.5,8.5,90.0,0.0,4.0,7.0,2.0,0.0,4.0,0.0,0.0,0.0,0.0,0.0,17.0,7.0,0.0,0.0,0.0,0.0,0.0,0.0,0.0,0.0,0.0,0.0,17.0,17.0,,,fashion_interest,fashion,1.0,1.0,,,,,,,,,,
2.0,137.0,5.0,120.0,0.0,4.0,2.0,0.0,1.0,0.0,0.0,0.0,0.0,3.0,0.3,0.0,0.0,10.0,2.0,0.0,0.0,0.0,0.0,0.0,0.0,0.0,0.0,10.0,10.0,,,crypto_interest,crypto,,,1.0,1.0,,,,,,,,
1.0,81.0,4.0,0.0,0.0,1.0,0.0,0.0,0.0,0.0,0.0,0.0,0.0,0.0,0.0,0.0,0.0,0.0,0.0,0.0,0.0,0.0,0.0,0.0,0.0,0.0,0.0,4.0,4.0,,,general_interest,general,,,,,,,,,1.0,1.0,,
2.0,232.5,7.0,200.0,0.0,10.0,0.0,4.0,0.0,0.0,0.0,0.0,0.0,0.0,0.0,0.0,0.0,0.0,0.0,0.0,0.0,14.0,0.0,0.0,0.0,0.0,0.0,14.0,14.0,,,education_interest,education,,,,,,,1.0,1.0,,,,
2.0,265.0,7.5,200.0,0.0,11.0,0.0,4.0,0.0,0.0,0.0,0.0,0.0,0.0,0.0,0.0,0.0,0.0,0.0,0.0,0.0,15.0,0.0,0.0,0.0,0.0,0.0,15.0,15.0,,,education_interest,education,,,,,,,1.0,1.0,,,,
1.0,368.0,10.0,0.0,0.0,4.0,0.0,0.0,0.0,0.0,0.0,0.0,0.0,0.0,0.0,0.0,0.0,0.0,0.0,0.0,0.0,0.0,0.0,0.0,0.0,0.0,0.0,10.0,10.0,,,general_interest,general,,,,,,,,,1.0,1.0,,
2.0,133.5,5.5,60.0,0.0,3.0,0.0,0.0,0.0,0.0,0.0,0.0,5.0,3.0,0.2727272727272727,0.0,0.0,0.0,0.0,0.0,0.0,0.0,0.0,0.0,0.0,11.0,0.0,11.0,11.0,1.0,1.0,fintech_interest,fintech,,,,,,,,,,,,
2.0,297.0,9.5,200.0,0.0,10.0,0.0,9.0,0.0,0.0,0.0,0.0,0.0,0.0,0.0,0.0,0.0,0.0,0.0,0.0,0.0,19.0,0.0,0.0,0.0,0.0,0.0,19.0,19.0,,,education_interest,education,,,,,,,1.0,1.0,,,,
2.0,385.0,9.0,120.0,0.0,14.0,1.0,0.0,2.0,0.0,0.0,0.0,0.0,1.0,0.05555555555555555,0.0,0.0,18.0,1.0,0.0,0.0,0.0,0.0,0.0,0.0,0.0,0.0,18.0,18.0,,,general_interest,crypto,,,1.0,1.0,,,,,,,,
2.0,222.5,8.5,60.0,0.0,7.0,0.0,0.0,0.0,0.0,0.0,0.0,5.0,5.0,0.29411764705882354,0.0,0.0,0.0,0.0,0.0,0.0,0.0,0.0,0.0,0.0,17.0,0.0,17.0,17.0,1.0,1.0,fintech_interest,fintech,,,,,,,,,,,,
2.0,227.5,6.0,120.0,0.0,4.0,4.0,0.0,1.0,0.0,0.0,0.0,0.0,3.0,0.25,0.0,0.0,12.0,4.0,0.0,0.0,0.0,0.0,0.0,0.0,0.0,0.0,12.0,12.0,,,crypto_interest,crypto,,,1.0,1.0,,,,,,,,
2.0,194.0,6.5,120.0,0.0,5.0,4.0,0.0,3.0,0.0,0.0,0.0,0.0,1.0,0.07692307692307693,0.0,0.0,13.0,4.0,0.0,0.0,0.0,0.0,0.0,0.0,0.0,0.0,13.0,13.0,,,crypto_interest,crypto,,,1.0,1.0,,,,,,,,
2.0,337.5,8.0,300.0,0.0,4.0,0.0,8.0,0.0,0.0,0.0,4.0,0.0,0.0,0.0,0.0,0.0,0.0,0.0,0.0,0.0,0.0,0.0,16.0,0.0,0.0,0.0,16.0,16.0,,,gaming_interest,gaming,,,,,,,,,,,1.0,1.0
2.0,115.5,5.0,45.0,0.0,3.0,3.0,0.0,0.0,0.0,0.0,0.0,4.0,0.0,0.0,0.0,0.0,0.0,0.0,10.0,3.0,0.0,0.0,0.0,0.0,0.0,0.0,10.0,10.0,,,food_interest,food,,,,,1.0,1.0,,,,,,
1.0,275.0,8.0,0.0,0.0,3.0,0.0,0.0,0.0,0.0,0.0,0.0,0.0,0.0,0.0,0.0,0.0,0.0,0.0,0.0,0.0,0.0,0.0,0.0,0.0,0.0,0.0,8.0,8.0,,,general_interest,general,,,,,,,,,1.0,1.0,,
2.0,347.0,8.5,90.0,0.0,4.0,4.0,5.0,0.0,4.0,0.0,0.0,0.0,0.0,0.0,17.0,4.0,0.0,0.0,0.0,0.0,0.0,0.0,0.0,0.0,0.0,0.0,17.0,17.0,,,fashion_interest,fashion,1.0,1.0,,,,,,,,,,
2.0,266.5,8.0,60.0,0.0,5.0,0.0,0.0,0.0,0.0,0.0,0.0,6.0,5.0,0.3125,0.0,0.0,0.0,0.0,0.0,0.0,0.0,0.0,0.0,0.0,16.0,0.0,16.0,16.0,1.0,1.0,fintech_interest,fintech,,,,,,,,,,,,
1.0,464.0,10.0,0.0,0.0,2.0,0.0,0.0,0.0,0.0,0.0,0.0,0.0,0.0,0.0,0.0,0.0,0.0,0.0,0.0,0.0,0.0,0.0,0.0,0.0,0.0,0.0,10.0,10.0,,,general_interest,general,,,,,,,,,1.0,1.0,,
2.0,350.5,8.0,120.0,0.0,6.0,3.0,0.0,6.0,0.0,0.0,0.0,0.0,1.0,0.0625,0.0,0.0,16.0,3.0,0.0,0.0,0.0,0.0,0.0,0.0,0.0,0.0,16.0,16.0,,,crypto_interest,crypto,,,1.0,1.0,,,,,,,,
2.0,76.5,4.5,60.0,0.0,1.0,0.0,0.0,0.0,0.0,0.0,0.0,4.0,4.0,0.4444444444444444,0.0,0.0,0.0,0.0,0.0,0.0,0.0,0.0,0.0,0.0,9.0,0.0,9.0,9.0,1.0,1.0,fintech_interest,fintech,,,,,,,,,,,,
2.0,416.0,10.0,300.0,0.0,7.0,0.0,7.0,0.0,0.0,0.0,6.0,0.0,0.0,0.0,0.0,0.0,0.0,0.0,0.0,0.0,0.0,0.0,20.0,0.0,0.0,0.0,20.0,20.0,,,gaming_interest,gaming,,,,,,,,,,,1.0,1.0
1.0,348.0,7.0,0.0,0.0,3.0,0.0,0.0,0.0,0.0,0.0,0.0,0.0,0.0,0.0,0.0,0.0,0.0,0.0,0.0,0.0,0.0,0.0,0.0,0.0,0.0,0.0,7.0,7.0,,,general_interest,general,,,,,,,,,1.0,1.0,,
2.0,129.0,4.5,90.0,0.0,1.0,2.0,2.0,0.0,4.0,0.0,0.0,0.0,0.0,0.0,9.0,2.0,0.0,0.0,0.0,0.0,0.0,0.0,0.0,0.0,0.0,0.0,9.0,9.0,,,fashion_interest,fashion,1.0,1.0,,,,,,,,,,
2.0,322.0,7.5,90.0,0.0,3.0,2.0,8.0,0.0,2.0,0.0,0.0,0.0,0.0,0.0,15.0,2.0,0.0,0.0,0.0,0.0,0.0,0.0,0.0,0.0,0.0,0.0,15.0,15.0,,,fashion_interest,fashion,1.0,1.0,,,,,,,,,,
1.0,111.0,4.0,0.0,0.0,0.0,0.0,0.0,0.0,0.0,0.0,0.0,0.0,0.0,0.0,0.0,0.0,0.0,0.0,0.0,0.0,0.0,0.0,0.0,0.0,0.0,0.0,4.0,4.0,,,general_interest,general,,,,,,,,,1.0,1.0,,
2.0,414.0,8.5,60.0,0.0,8.0,0.0,0.0,0.0,0.0,0.0,0.0,3.0,6.0,0.35294117647058826,0.0,0.0,0.0,0.0,0.0,0.0,0.0,0.0,0.0,0.0,17.0,0.0,17.0,17.0,1.0,1.0,fintech_interest,fintech,,,,,,,,,,,,
